timestamp,T000000,T000001,T000002,T000003,T000004,T000005,T000006,T000007,T000008,T000009,T000010,T000011,T000012,T000013,T000014,T000015,T000016,T000017,T000018,T000019,T000020,T000021,T000022,T000023,T000024,T000025,T000026,T000027,T000028,T000029,T000030,T000031,T000032,T000033,T000034,T000035,T000036,T000037,T000038,T000039,T000040,T000041,T000042,T000043,T000044,T000045,T000046,T000047,T000048,T000049,T000050,T000051,T000052,T000053,T000054,T000055,T000056,T000057,T000058,T000059,T000060,T000061,T000062,T000063,T000064,T000065,T000066,T000067,T000068,T000069,T000070,T000071
1970-01-31,855.144865868006,496.99962902187,1333.5480214723,601.167279827624,507.766151378086,1297.44219753842,269.919320858466,317.535598007449,868.829235496394,15.5862086509541,637.692621105354,247.906292038101,662.157768260566,927.983921350116,1931.24892817947,1599.0927815014,947.074461900764,972.699094021591,627.272604421348,1130.1106148305,332.918696148982,179.241619909286,298.239095392091,124.562378255785,699.322812925727,619.30811059839,1631.46613872449,1026.48444308129,707.325771086596,692.308625954778,176.063121275377,528.283519492957,1099.8924905395,1297.49606079391,560.647531200749,305.725971880193,1053.26306260598,276.461500975659,2371.73048252746,576.229877206145,48.0495958760256,945.609161324717,352.875375482014,101.708294715284,2224.60649322368,1565.3375120506,681.115103626166,1287.20262892789,0.7332090274,0.7704448219,798297.0,5798787.72,4076.0,494863252.829998,1482847690.92,330.0,54505.0,4208.0,56823.0,12921.0,3478.0,1029.0,2872.0,135.0,1247.0,10472.0,141554.0,80354.0,45163.0,126103244.918,27872951.542,29006293.08
1970-02-28,847.292061506786,491.266201906838,1370.08923721857,541.750383544713,498.915097775562,1336.30022368148,278.916421187067,333.691927827524,903.852549251952,16.4191057203473,646.388706889129,282.612057857269,618.694686725204,914.98370840447,2038.05227643233,1097.36592724292,732.930464364847,1234.78316054806,910.543000426559,932.965313640468,324.84063115601,212.046553857547,366.534140212523,116.799563940028,773.006011394936,639.281822242027,1251.10248348185,1202.33617798042,683.574090073337,721.070205698991,189.124069494277,483.003882686422,1180.72835075089,1445.35774400181,516.640292818448,359.741317526771,1482.10917752775,282.745180787351,2896.09426878492,559.260840956339,37.8372173734044,1273.72945680161,310.816946040268,84.9842599150427,2541.11476295859,1157.43977891604,576.052786982164,1302.57576186831,0.7506773188,0.8165554071,509557.3,5709092.37,4377.0,530634951.429999,1478908472.05,312.0,76770.0,4386.0,70277.0,13745.0,3867.0,1188.0,2397.0,109.0,2031.0,11223.0,145307.0,63434.0,59215.0,126491861.216,24438446.424,26410360.87
1970-03-31,824.731660406105,514.497082757287,1415.0767383965,601.225894668691,513.571657484893,1278.90936398636,283.852866968233,331.852683605831,877.402024058297,16.0953730902653,618.520781126553,262.471337683287,472.213906752877,925.551814503275,2302.64644795456,892.560340310447,713.721387851362,1125.94502030656,929.673775187254,982.100982700369,242.140553973455,200.150711875624,367.052739710451,114.760815338061,653.94128722242,638.950687023172,1580.91601379626,1042.38559853179,819.623368311926,666.390081096781,177.026384780656,570.45891971621,1177.44509130464,1343.92336266728,501.275081352834,292.764301273171,941.377586620506,225.496864184281,2575.98214573558,732.576319190309,38.7661726324227,1656.0911100052,232.051441639547,99.4891530709063,2304.25640751326,1432.93704198015,694.958824235855,1604.24963877271,0.7399582243,0.7748933777,2028162.06,10126167.92,4487.0,540342113.629999,1468343750.87,371.0,64345.0,4457.0,57355.0,12684.0,4051.0,1033.0,2098.0,63.0,2028.0,8598.0,132619.0,68629.0,69359.0,127279731.17,25816060.496,28050453.12
1970-04-30,866.64540600304,505.818718617908,1281.41691205809,561.288486787686,507.190112559213,1296.70309177629,264.058978468412,332.566804115447,876.849132901394,15.6461865487059,593.041955505875,276.964073867146,634.145256092367,971.561527012792,2254.71769733322,1087.61008882521,868.976909563985,1354.56049868808,743.923763602207,920.415290713082,320.274305083726,166.327390494292,363.932271297681,116.985600743079,717.451662257673,588.652860591127,1739.74744847133,1089.49977931859,713.558641834982,644.042022848102,169.087997883835,536.640325544447,1160.87151627418,1245.77250469043,478.567472315061,334.069893322694,1131.009136562,251.293510996731,2237.81906353066,836.994312521585,52.9634133394985,1168.03638008041,286.465440266428,88.427595776948,1965.46735359122,1362.60147793877,738.967636982543,1728.88611165658,0.6981010195,0.765614127,1101006.69,6083396.98,4973.0,596748390.98,1467909401.17,220.0,55502.0,3561.0,49209.0,15787.0,3887.0,911.0,1829.0,71.0,2012.0,8215.0,140417.0,70061.0,68587.0,137646927.01,27140119.818,28426504.39
1970-05-31,928.333300035969,523.568994081256,1358.05975235088,543.068962131471,510.092496462219,1307.25915134282,260.57457244866,339.070031528404,899.33524548039,15.9540657327462,619.864855853115,276.666317208452,805.02858297387,1121.27360257403,2312.16979632974,1211.89073355978,788.749460395446,1281.14757321774,916.635269896324,1138.554071232,330.902059931637,207.555900726592,333.931918229202,147.969281039895,799.671795207768,643.073507831661,1415.10654744104,1057.38743387704,778.544389642221,652.122583777343,148.902081970591,600.453007948577,1208.28328209957,1294.8185326365,492.419343706317,345.509606330935,945.660439713091,300.845193615137,2615.02989240133,861.603196854723,43.5160631031779,1372.0313758486,222.951874905128,73.2237913069379,2602.43943413241,1408.40881838717,734.862458778351,1471.0775798677,0.7563117178,0.8030143505,1386926.94,6686543.48,5173.0,617489840.2,1470137504.84,171.0,48849.0,3963.0,48395.0,17090.0,3456.0,1020.0,1705.0,70.0,1958.0,10989.0,136071.0,71562.0,70256.0,129896052.738,25885444.67,27764175.96
1970-06-30,927.649280359846,525.329841684772,1384.9647125598,560.192329439483,506.45349100348,1307.68283227138,258.832521839053,317.369888059329,880.509324231618,16.6552104529811,608.183887644524,267.062074654183,680.479726109891,1247.0167858829,2320.8243916459,1380.96010158546,751.100430881954,1160.02065253997,877.943396452871,1120.72775869406,326.368324892106,233.457391824365,361.393980688109,127.080835276843,696.506494638356,682.777391940136,1586.46107788465,1143.22655544837,707.82337672027,683.160678103134,192.363727294265,564.261773935188,1258.92697482212,1316.01617734874,489.788615501993,320.255261503517,1178.33890585032,265.873978126054,2246.84548219759,580.481933408632,35.3561329760685,1471.25697987652,267.227919945366,82.0817982814545,2284.61504869183,1363.21363174982,618.781445963352,1831.80629991243,0.7674823735,0.8371294266,1702031.54,7259037.93,5387.0,639554154.6,1480626350.31,289.0,45807.0,2948.0,43145.0,10592.0,2782.0,889.0,1606.0,83.0,1719.0,12155.0,139884.0,74105.0,65419.0,124946562.154,27089191.064,29009032.51
1970-07-31,901.072254821959,529.642170419974,1276.75228898507,585.67078281243,514.185068333528,1334.96489734083,274.478706545364,324.39306390456,864.908560800064,16.0654554375765,616.623442194173,264.419006244533,581.324869990738,1063.99805277782,2195.87466467394,1334.50751855128,991.699093093693,1054.61259899134,626.424620966427,1022.88763533426,279.182170867188,188.414253035866,323.780641686802,113.239717740336,846.151235611354,584.854034025705,1491.8558563797,1260.54119631857,740.80129322059,759.559728359195,215.424669527371,503.464730701881,1274.52013257674,1389.76650810811,456.197874064572,306.644832345589,1136.59891543409,345.741688915193,2300.6842037978,816.583362474396,41.9758825385651,1480.82811101487,364.469842807743,80.1630886106605,2631.55097805506,1629.81484854338,632.133394083666,1690.10215503686,0.7891039503,0.8026885052,2804108.07,8129198.35,5454.0,646348733.0,1482716101.71,315.0,53461.0,3291.0,47382.0,14344.0,3272.0,834.0,1811.0,74.0,2115.0,10184.0,143428.0,66003.0,69450.0,127838434.67,20838516.258,30333118.28
1970-08-31,940.843420025213,528.609020368621,1321.85757178021,563.629411312282,510.417657873281,1312.1228326993,288.35926527622,336.028526285774,876.40961033727,17.1966886744674,582.184726385775,255.258662932618,555.421041724477,1130.21830259425,1795.6843095261,1483.08902213445,833.733887387299,1015.28662433385,885.928508160976,837.514798814607,238.226673233346,171.172094115704,283.586006186931,149.910960963702,622.079172515356,655.223616407509,1383.68802940324,1003.35474153623,683.512058715275,689.665999294239,159.410679712195,479.219611403618,1364.37967777514,1617.15950288041,472.689270276434,320.49830365258,1590.75394635406,312.962692389522,2051.31178384422,679.45939367643,50.9273127419806,1577.38844754214,277.64450824927,76.658487182992,2116.77908558668,1421.84101440008,576.088501372126,1321.54581674986,0.819623005,0.8842084425,2279762.23,5521119.74,5541.0,681226228.380001,1478754665.1,380.0,50741.0,2804.0,48725.0,17781.0,3148.0,749.0,1692.0,53.0,2011.0,12650.0,137460.0,71428.0,72227.0,129345632.002,21860141.076,29189448.04
1970-09-30,954.740175823436,531.297717479177,1334.17430371864,624.889590561371,514.088632510286,1389.21499378044,282.859533377227,321.333375402839,870.300330595062,15.7305870320893,605.347134809853,254.237254112799,566.673780226957,1068.59703025813,2079.17887523014,1125.2208753089,879.801159027663,1323.42032293901,1175.10733314639,938.20215740682,317.567913593266,225.020256976746,293.08016106851,111.124009267593,642.298796060113,689.601805197536,1364.16468455988,1031.98981113939,688.558797789578,819.826926460049,170.562208585706,503.418523330315,1186.09352553564,1377.49310518904,506.04604898138,302.01651455821,1504.48647766604,271.591643013195,2333.42548267652,1001.23482671018,50.8623371956177,1398.18285125876,242.588407259753,90.8466163188923,2455.04116036147,1737.67634176366,683.706904400561,1479.50626747518,0.7508605279,0.8771876987,2370143.8,5855704.73,5594.0,682259841.120001,1479942313.86,419.0,35016.0,2400.0,41152.0,18701.0,2953.0,655.0,1446.0,52.0,1539.0,12929.0,145714.0,72064.0,72578.0,130982967.188,21088719.222,26582863.34
1970-10-31,960.653429083165,518.13191267098,1305.3520866093,550.727763845429,492.939973213209,1326.7775166699,258.536999819335,348.749972029489,867.376420557062,15.7118182655554,610.729040046854,239.394288104529,651.941954949605,1262.68414391992,1939.21949158637,1219.49082778312,922.833879239886,1071.21612023526,989.391421582947,1004.4457433059,311.964165979175,186.285793950982,325.148610052027,91.969774724485,618.426276987483,679.213593839053,1525.62130582166,1077.59166409075,716.83119463415,613.879589166333,192.974667415596,511.067369199289,1263.04843471891,1412.33748649011,491.632520377887,316.165405825298,1520.96682525404,222.291684467345,2056.61534900993,652.508847550827,47.1232874249282,1546.44161114163,291.948294469891,93.7359657298185,2052.79417264896,1946.9034843681,561.546538946602,1377.94874906224,0.7638713987,0.8675490056,2476877.73,7628489.63,5755.0,703627685.990002,1482037035.39,295.0,45635.0,2456.0,51180.0,13040.0,3724.0,735.0,1733.0,59.0,2070.0,13679.0,135582.0,69571.0,83969.0,128621484.242,25951593.258,27641052.41
1970-11-30,982.375013296118,505.879569558981,1246.70664366131,594.506707844476,516.171641058093,1299.69838982165,267.914526943571,334.681974309089,883.223601835827,16.4068491204767,591.437925595795,274.235708470345,602.526606519627,1110.49624505655,1852.41504613923,1295.05846424396,756.066709803348,1204.29186024581,926.216013524207,1075.30657590945,245.706790606223,218.48747784665,289.64647263636,80.5217740149237,774.011616242845,656.11505849682,1479.95276756723,938.528314779978,780.031524423302,657.356892749504,182.503598793319,557.232522162942,1221.27409988446,1182.8705630969,440.247239422915,325.855447207972,1590.51950530744,246.270682132249,2254.89392846257,483.734432698693,46.4263263677688,1638.73958801257,332.250617049058,88.2936429428928,2328.05967682211,1184.89976006017,747.729242289102,1269.84738716662,0.8377561244,0.9022555951,2999714.38,5574046.17,6002.0,719408249.030002,1480917132.29,292.0,42538.0,2972.0,50435.0,11061.0,3451.0,596.0,1749.0,56.0,2023.0,14361.0,137012.0,60041.0,88830.0,123056389.352,22664416.996,27250600.13
1970-12-31,899.664922132408,524.913485124391,1284.24064267943,565.786640994266,517.672624787858,1307.61882312413,290.966156244247,344.84758410329,876.977375583994,16.3138114294,595.557517072421,254.070293713983,597.567257775964,1082.91385392528,2178.65176240563,1345.12497725149,778.292423003108,1263.90970858346,962.093669062716,1153.15621387987,316.065802423473,199.542944217778,315.062344866773,94.1844285070475,845.605454445654,579.291632030367,1427.68532593983,991.706973311013,757.16045923937,693.547569030838,213.437536844044,490.175839167603,1242.90727473802,1428.18708799154,442.219835033672,326.732826916452,1250.22257791819,270.986508842688,2459.02368348527,838.194590798488,47.451437996748,1434.39785234719,221.431025407485,99.1798814203854,2190.03159630355,1389.84037278842,585.582480441408,1616.16504349261,0.7603392618,0.8661817693,3694719.48,6945148.09,6154.0,735077359.660002,1483219538.24,323.0,37160.0,2239.0,49881.0,11659.0,3478.0,597.0,1523.0,77.0,2232.0,17288.0,131090.0,56135.0,90375.0,115050911.398,18736234.494,28891029.93
1971-01-31,993.954018188677,532.999064277777,1247.73147056983,584.493572291384,511.917287442129,1350.76946041489,272.336891464592,329.61885681712,916.759540322787,16.1636943999513,609.180943368835,273.175057886269,729.859732031101,944.117414769691,1694.36687153732,1550.00856459674,948.604212766053,1010.36469985669,650.172281489267,1164.98092113572,326.470034641174,187.915688704994,276.771067216033,128.073699492235,773.863610634472,652.48506898442,1333.81206492928,1129.63720389165,650.366634646734,706.658904017938,209.930428471168,481.288286179119,1248.74998266739,1478.44788919898,463.091399010465,267.372630952733,1204.31859694941,258.193748230935,2015.0398153513,768.528339599585,46.4279538365053,1201.87196416995,315.235877896306,97.2368455508723,2129.76957569564,1743.42057246239,685.546570117966,1380.52536811974,0.8033633809,0.8738233818,3689482.29,5233865.83,6226.0,749914345.130002,1485562725.63,364.0,35751.0,2058.0,55252.0,12737.0,3486.0,885.0,1178.0,39.0,2451.0,23151.0,142959.0,54774.0,79956.0,113535401.508,21613932.888,30119394.08
1971-02-28,1009.38595792977,526.070192539388,1287.24276136773,605.835753386163,519.643676058268,1302.95114795658,293.430700639428,334.885320689769,870.030109413799,17.0406129564175,585.952123360554,275.747669008997,664.819703071179,957.710564348627,2095.7468425426,1195.80096987892,737.177303783644,1219.62458486082,876.0287946644,945.856788740111,317.762987958955,220.420324914115,340.426758138779,117.708354904699,680.857994296304,699.464419307793,1367.00152408078,1081.88006558118,637.657820091429,766.887716437996,169.901743784389,526.064665134864,1139.84485780367,1339.98302055068,448.023899416504,323.853826130591,1450.72310575289,268.279390083567,2848.47295857421,555.111552836921,36.8091218805935,1194.51926925008,338.882098270402,92.475569189643,2874.56187878937,1263.466371571,582.370968716643,1161.19422756225,0.8023801946,0.9025585348,3873898.54,3536019.98,6433.0,780792859.610001,1486123874.13001,263.0,39532.0,2079.0,59602.0,22667.0,3583.0,905.0,1206.0,43.0,3069.0,22786.0,122165.0,52599.0,68546.0,124727072.966,19376472.066,31319280.97
1971-03-31,982.587022405312,552.655660889108,1233.66943204924,569.648118973823,510.761651979462,1289.80580334855,258.932554400183,324.846170509489,901.528479894133,16.9168024603485,567.158709148028,264.378466877828,520.722086427749,970.169918433505,2262.06768424804,1040.86269213746,739.694019805261,1144.06755964488,944.82464207543,997.477628571152,256.271849748848,213.766717259685,343.278169603495,107.878678061291,827.1419289573,653.696705497815,1406.55544231005,1268.12256917486,696.515984119174,668.859600199284,185.256952724172,505.898302286251,1127.34617249154,1375.21433907451,476.323402584689,303.282456378124,1005.07183378085,269.963254321484,2323.96535244811,864.800173365768,43.6978996623317,1534.76731655265,234.227270931514,104.146577409405,2076.78679143348,1278.36078139792,606.106433541862,1521.0985439869,0.824475584,0.8944160398,3953953.28,8013568.16,6971.0,853995664.92,1485534034.20001,276.0,31889.0,1795.0,48529.0,14274.0,3667.0,735.0,1326.0,62.0,3201.0,28843.0,101659.0,51700.0,56297.0,133854111.414,19280042.602,34499280.96
1971-04-30,928.385610618689,541.226896814605,1318.35984579578,585.42743985973,508.583742753883,1297.04059055599,274.19450330303,336.591297470936,852.612714512695,17.3212653314349,565.160643967317,272.378579086729,714.68666140613,1037.09541837999,2042.5697413586,1090.97834553538,888.003744031685,1321.38548030317,682.413297315861,879.727232565009,321.238378469557,185.440796479903,333.680430785657,118.825403188412,830.916106361243,649.311600956081,1313.56598802582,1321.40394344147,694.791604959886,598.215506412006,195.99960725498,565.582389562244,1255.99474722142,1618.27274116131,424.685037190864,321.381601607323,1082.7649217453,229.770438503067,2242.45575344222,775.0941157683,47.282957261642,1236.19214120539,261.549700096892,95.3115902967203,2314.96333280326,1695.85534315977,650.069628713648,1564.32327422996,0.8928564095,0.9342847087,3438810.66,6825568.77,7892.0,915695591.69,1481914867.46001,249.0,28845.0,1833.0,45852.0,11640.0,3605.0,755.0,1011.0,44.0,3478.0,34985.0,101268.0,45175.0,52589.0,134693300.546,16786087.69,33361606.1
1971-05-31,970.463200723922,551.083813474269,1312.25610481159,566.028954427765,498.182001040488,1333.04256915197,294.144554182835,334.024454159865,892.450471757825,17.141860361155,565.744842165482,276.257518725905,838.482302288451,1145.04511770236,2270.84779013793,1210.94879388035,747.59967720393,1303.5769334836,898.081571554507,1157.62863132736,325.063684400235,219.624558689641,318.69836574947,136.196865831157,876.764466635444,625.757960511993,1149.13791209688,1162.14896179107,669.734591127222,674.185218844969,206.485087156437,595.436210152592,1253.20579454634,1423.92551098902,481.690328699807,299.997367316726,1224.24683285933,352.744193159136,2305.54376065501,849.518972825008,42.4392737257488,1494.82787059912,257.689744038291,75.9073834871501,2728.74274390872,1344.71438963144,628.156315405692,1353.25704431334,0.8835551799,0.8597555157,5197475.05,5153140.05,8496.0,964349149.06,1478944515.43001,242.0,29289.0,1465.0,54062.0,14303.0,3435.0,726.0,859.0,27.0,3599.0,47008.0,91832.0,45710.0,61467.0,137433632.494,15604727.294,35358291.14
1971-06-30,945.712082400429,562.175783397731,1249.59125039823,555.912008845963,513.920136552565,1331.08167291304,281.404489771805,337.525944212798,894.182777464645,17.0524448110286,555.05190444626,271.393438765457,710.920994248012,1265.03877993451,2259.66207636475,1418.20210213985,780.995907940613,1180.29213843563,902.504110403036,1042.77935187564,297.096083809662,258.046404637269,330.14310116564,125.352161222415,543.817202574573,611.454797418494,1548.24704886819,1293.37098236132,701.075010836893,683.283990260955,219.492710006415,519.995936478158,1221.39577897961,1630.80443646958,455.524300811875,273.859131037738,1278.83932529729,297.162721638289,2150.74571016468,642.239341320731,40.1453800865416,1333.10917213267,330.606256829858,77.2337459280676,1872.09639478128,1440.03037286242,573.960982732492,1604.00049279571,0.8381496785,0.87819967,4971042.75,4126215.66,9264.0,1040470476.92,1482383094.43001,258.0,25181.0,1242.0,44005.0,10997.0,3314.0,682.0,1033.0,50.0,3581.0,45082.0,85067.0,48625.0,57716.0,123062064.014,16363988.72,36207626.94
1971-07-31,1101.38819519303,538.795224747187,1257.75553009061,579.826469062461,482.525128924754,1303.9697265028,271.748031089962,335.313283483261,902.27354884877,16.2970420035866,556.313286339251,260.986375556653,577.976980188762,1130.4250938984,2134.32216768565,1353.11522937597,955.840923615359,1090.87613620918,684.818323403194,986.716164930394,274.428950928251,215.972216888231,290.788597692804,112.880148853394,693.019169720222,677.306705837782,1461.10493562703,1128.92948088916,717.169637541446,804.019566966766,205.892051719229,544.624702959192,1164.09559438554,1448.8051541697,445.641866157166,283.386874666143,930.933142446447,334.206686104138,2352.72138646014,995.554969488794,38.2279556618122,1468.4913686875,364.288971912991,78.1287797000257,2251.10750045953,1617.71361709125,635.07724289626,1730.8086113499,0.8424552711,0.8888080899,5031119.08,4122009.17,9400.0,1057659301.8,1481062177.50001,318.0,25461.0,1520.0,42710.0,10852.0,3442.0,584.0,905.0,33.0,3988.0,36040.0,87782.0,39804.0,53707.0,109306069.744,17193714.292,38412889.97
1971-08-31,1036.44376151694,555.160747407892,1256.98448516831,572.682584504849,517.58071267897,1385.35882087258,262.373547249105,340.262965448674,876.292265811125,16.672212679737,533.66390047913,265.831839949314,580.243519491065,1128.99467071027,1731.26423551676,1448.11184776556,816.86835095113,1016.10051072316,950.208799674635,850.840356437955,236.836577525875,184.323937025495,256.820253450089,145.774425333801,812.143597484419,638.49989358694,1580.77909860851,1316.5205036941,770.156294035721,692.979677676808,155.1374384845,538.686608677441,1188.8309949257,1542.46528419036,466.426233079543,335.829446869774,1618.76063960331,311.116525551468,2299.89219090926,640.742021667903,50.2412522891479,1521.74122452772,229.674553904295,76.5060636601559,2493.06857527736,1740.43704246165,608.424974307667,1405.62593778927,0.8380440236,0.8949381126,4318572.48,4963987.07,9591.0,1073295975.21,1482823252.49001,379.0,25790.0,1516.0,45178.0,11590.0,3586.0,598.0,893.0,35.0,4074.0,37667.0,65708.0,44244.0,55864.0,119530276.936,13840026.54,37982150.01
1971-09-30,958.88806908289,551.954594092809,1248.1020085943,575.065631558622,491.324388774428,1298.01350731713,287.138847145542,328.916094693787,862.245568838722,17.1508869587098,537.236521213349,275.804041689707,651.023798368086,1108.78389911733,1937.21244101154,1146.81386476138,884.773780911907,1352.96318016768,1134.14697140437,937.955390782065,318.595528392183,252.941298159705,269.058599581675,104.03219599375,839.928756972183,645.958947634738,1350.19757356918,1285.17293438745,744.368951015614,561.555156262059,211.915089275151,534.23124436828,1124.27254676787,1348.04973262098,463.97633818313,351.386125090472,1637.79551366666,273.840969195959,2670.56815267331,704.865209328501,47.4321769131272,1325.44921939434,215.357540657955,85.2196150826134,2512.77635039994,1464.78111209819,585.776476535466,1609.32844283384,0.8518180275,0.8819766693,4986302.46,3551888.61,9595.0,1075765171.89,1482501850.95,342.0,17503.0,1178.0,36197.0,9657.0,3321.0,620.0,825.0,36.0,3636.0,32599.0,81175.0,35629.0,49085.0,122319221.218,13191324.604,33981637.3
1971-10-31,1018.38727368794,534.385823462692,1240.07226572108,603.51221951047,514.141296125214,1315.82490232935,284.745202118954,338.565862643554,844.716193523401,17.9046466532223,523.802161341982,269.36717864697,734.035782112049,1254.44418728418,1867.45157259786,1185.7190840687,880.532152279285,1102.19493815918,952.326051769658,1058.96045887104,302.560506864121,184.752004467067,306.770622454448,92.9177201478748,833.10793722267,592.769876433695,1537.71892211859,1160.65231026394,738.65182393578,739.814719360353,167.52615842026,531.450890384893,1136.68138442081,1514.44419560011,411.681068221117,312.619913247355,1676.03748766223,246.113497615883,1894.71909890792,721.749515085166,49.3857885659028,1141.97523062123,296.767600133157,95.0135792353134,2245.78737742716,1740.28011633878,535.424790887243,1473.8123952101,0.8518931178,0.879096934,4606245.55,3152130.29,9593.0,1076618906.72,1481381318.62001,313.0,20469.0,1259.0,36521.0,11843.0,4041.0,562.0,773.0,56.0,4027.0,32653.0,69579.0,35745.0,51649.0,126908978.696,17303356.52,33161915.15
1971-11-30,1033.03583309946,532.877152583247,1226.59499734464,572.24178273408,524.62830853997,1280.6930256314,310.740691144088,336.39790402903,886.754015133482,16.5229370649481,538.988958611639,257.083516715581,636.15379060293,1163.817333563,1770.92190045798,1260.91017561881,762.146869845491,1240.50505563845,1009.19046718322,1103.29912476023,228.806756042609,241.076731619818,266.696646972437,84.7969616694285,745.296966724481,655.394725283005,1388.84735866903,1013.87393468801,688.091782574858,687.607337690531,219.399797622632,493.582858107504,1182.11158004393,1853.98483457106,409.401002632982,281.238208575348,1361.58884919803,259.477979703567,1909.20790147989,661.544089569952,44.4014832790013,1692.14096072841,303.266980251127,96.0643716441106,2791.1783512731,1413.41623394398,593.802403578434,1180.44306531597,0.8999058924,0.9211966531,4877819.13,4145967.73,9601.0,1076509099.73,1482894242.18001,373.0,17037.0,949.0,29063.0,9999.0,3447.0,586.0,928.0,67.0,3300.0,32739.0,76923.0,34445.0,44117.0,126685124.934,16297598.454,30312095.97
1971-12-31,1056.03112280476,563.841497990878,1203.47148457289,579.782390155883,522.39773390397,1316.03733816434,288.221775907849,337.896209592222,816.821532894272,17.7471223551783,530.904343156855,251.426975512339,617.37748005098,1104.20912353248,2121.50366030853,1369.77873978655,796.015189311673,1292.59438166165,957.806229903098,1158.91639954171,298.554656458523,225.581250791551,292.370649502922,91.4686204939492,950.127289708282,721.351269104033,1374.70866889292,1156.21901288718,647.366790076716,612.044749236802,176.300072697728,513.204378465242,1223.98899200546,1530.78064749361,425.192274530057,312.658978627235,1523.37031262582,323.283479095613,2284.81458724594,745.454626464809,42.3864902892436,1451.25024202991,236.183357389938,92.5653366501984,2113.08466159867,1344.88050808361,530.972705549065,1708.61926283098,0.9019497739,0.8976634859,4801972.62,4550883.73,9895.0,1096521926.63,1482894242.18001,296.0,16474.0,822.0,28498.0,6836.0,3209.0,540.0,832.0,84.0,3491.0,34227.0,73555.0,32574.0,43771.0,109248633.024,13611071.256,27397633.17
1972-01-31,1028.72942599475,509.349752265208,1240.55716284867,638.986519644945,505.119005198017,1347.3922312288,278.736862065987,335.797147078773,861.106144911338,17.5478655637956,523.341282648354,280.737855687319,735.881264844345,1050.41593649253,1701.96981023942,1580.76639843288,937.11781056007,975.571621637321,743.016229889482,1162.97061499791,327.875983337678,202.646133160527,250.349149202634,116.148407903847,647.007662441761,673.847403717474,1391.76618267255,997.55523050865,698.593324940781,710.741188683451,199.460037828454,545.142933170833,1237.72620266028,1637.43721420881,438.907943174762,236.276361384583,1342.43649550711,292.237950295965,2046.40377505821,808.300540699035,51.6493762275246,1239.00993026085,315.68342889597,94.7114188835304,2282.24394745712,1907.11156073649,612.393284466896,1370.29404973763,0.9383711304,0.8734695268,5167028.32,4182977.87,10068.0,1117974670.21,1495400233.51,307.0,15501.0,756.0,29436.0,9050.0,3070.0,548.0,565.0,370.0,3706.0,29506.0,68280.0,31169.0,42053.0,123632791.868,12991170.85,31507779.89
1972-02-29,1071.88505018723,575.627229121348,1176.93367460213,578.567689898256,500.633074051208,1266.774152107,302.354207205181,339.023654648049,868.7488510949,16.7077119232466,533.319251997964,254.518794684742,668.91402436114,986.398035327066,1886.35024498758,1106.60063399438,742.911654189602,1252.44429105207,922.913786789805,911.560419591964,309.81122661351,228.288232497084,322.885225506545,119.063989001884,818.390491007092,676.917941227836,1571.12115762407,1126.00520601675,734.05591620507,702.123786725979,182.231801630183,511.426244447705,1153.24698231405,1497.63526431131,461.285278077606,287.229891834739,1674.98390269038,293.59611571413,2619.88178085146,532.555324143209,40.2494403905278,1187.25752902373,302.297714648481,91.4398694331685,2690.88583327576,1344.0156671925,523.923388533536,1151.71038117949,0.944723084,0.8948842183,5854582.64,3267555.89,10008.0,1112779908.49,1495043054.0,176.0,16408.0,650.0,30365.0,13281.0,3429.0,609.0,599.0,497.0,4114.0,26678.0,71093.0,26240.0,39249.0,129812135.926,15604717.268,31367308.54
1972-03-31,1068.11569905266,547.203880026747,1239.31533756082,604.313495726418,501.128633946951,1312.5371220895,301.949639468832,345.711373771934,858.7412586353,17.362042640908,528.696283894416,252.733944763728,553.965346637166,978.379653713423,2052.40255219688,999.319480261293,728.940531192037,1145.30164585958,1029.61691372682,973.470295478141,222.852955863311,221.80471224377,308.833329920921,109.500308293906,805.707317030016,663.666942612584,1290.52408760235,1095.45780384952,713.472764304056,740.652180269134,209.10793433335,542.749844819786,1311.97535831703,1517.56012511005,413.392827195545,294.86454359442,961.356278623782,267.586838614723,2346.49538895293,847.333360737606,43.088190626788,1402.13776977215,214.339476133229,91.3207886558063,2034.10599359819,1414.43613383734,524.342667076074,1619.04668653576,0.9507707477,0.8910499394,5294368.62,4582988.15,10010.0,1111977981.16,1495251046.68,237.0,13485.0,456.0,27439.0,12617.0,2941.0,365.0,585.0,434.0,4050.0,35118.0,56814.0,25113.0,37521.0,130350349.68,16901081.958,29128764.23
1972-04-30,1036.9075131888,563.423216715276,1173.07874184056,569.243699288078,526.179059353983,1356.53201435204,298.357724464626,339.727296850269,814.178093177969,17.3033489109646,510.823871039851,277.175242688741,738.39679550928,1046.6738341153,2086.45363945997,1153.02882298994,867.501216999121,1350.78269170075,735.436579454993,861.163659585461,311.076320609623,190.83149835342,312.626933722775,108.872895330579,638.68701396654,764.615179336939,1515.39508105337,1198.6194427402,720.492073514161,650.701354131023,182.535431492733,581.783225112053,1237.07454376049,1528.49247426802,419.526754103147,231.748942818217,1088.42882469342,268.253713850922,2204.43276230551,680.013367001182,51.0233541447922,1119.6801154298,272.349253533003,77.0824229481726,2356.51635397732,1905.84089983015,641.539932734591,1528.47864180287,0.9476938791,0.9080331639,5980141.86,3262051.84,9973.0,1109349687.25,1494097647.51001,224.0,12687.0,565.0,25803.0,12251.0,2592.0,411.0,353.0,461.0,3747.0,51362.0,44752.0,23835.0,35166.0,120899482.472,12459008.756,26398705.21
1972-05-31,1086.45344539621,570.975990036911,1166.28486450234,603.031742983058,498.359673198989,1298.68446970648,297.269555429739,336.708378104865,843.214156941056,17.4138193130663,523.375528300752,239.241756206397,899.148760283857,1194.15742750042,2124.48793344177,1187.1501560708,763.256295355089,1229.49565033361,918.4073233255,1059.57813275003,316.866222160679,228.668197471475,274.683413657961,134.763070694159,719.725802011129,678.957007955005,1279.33514905504,1037.17582391612,769.087037804749,617.638563553273,213.597498573345,499.58100153505,1161.82130880349,1300.15666922417,391.910766669305,273.394979360172,1355.09981948627,334.511333521438,2552.17041968925,711.996946592453,44.3613520676477,1504.68478426453,234.977049536959,75.3118450927135,2749.59704384842,1425.38973885733,602.499931141973,1403.74427134546,1.0,0.9199988287,5015536.58,3698709.84,9935.0,1104825094.01,,271.0,13492.0,475.0,24549.0,10245.0,2968.0,332.0,486.0,458.0,4803.0,41560.0,43407.0,25457.0,38724.0,114500711.06,10459089.196,28571376.79
1972-06-30,1085.11331046227,569.659313729092,1145.50806224902,635.854060082135,528.791814843866,1335.48873583658,315.237567880187,327.777561190786,813.642942419119,17.0788716603083,479.711861235988,232.292768741027,787.469500886901,1311.57617785793,2201.58439952334,1440.86796880042,761.923257541142,1161.47954264646,934.200068721939,1085.79481868745,298.448328847801,260.733063123488,303.57566448302,128.058585394731,838.991585066963,701.73895281978,1470.38655260292,1292.76359079251,683.288352915352,661.529526017525,203.228939164581,463.501206303481,1255.83624369699,1354.00387328947,413.708992924,300.075640833693,1623.68861381293,277.820490277641,2278.2152513879,699.207020064196,37.4288967735224,1628.54471974536,270.85769309877,69.1318223415874,1995.81460324061,1389.94743697842,502.451011814765,1817.37783435636,,,5189454.36,3589351.97,10237.0,1359389250.3,,196.0,14223.0,557.0,31466.0,15398.0,3269.0,337.0,671.0,581.0,5772.0,27224.0,47858.0,25426.0,47498.0,111754325.288,11170305.358,26733447.84
1972-07-31,1119.35713814429,567.004183158655,1173.81370263128,610.189660592031,531.227825557348,1266.44213930951,304.012639059927,329.534737700514,847.121919923392,17.6012580909008,501.313255187222,271.388399858216,646.442443534739,1152.97495602259,2039.45124101349,1310.27838352338,970.025546606362,1030.12078324165,763.361807115501,1061.96258240215,264.645655893886,221.328046893383,262.297854444527,109.900677703395,746.558617428619,742.121411436508,1477.56547842609,1370.01972799724,694.935521049342,699.866287878801,237.131555429742,515.746857168582,1228.72054322433,1616.84534437787,414.79865794719,334.046366454788,1328.03976135641,347.32868725758,1961.6955837896,942.83869349075,37.4111016430657,1323.08647215957,347.260018883671,86.5173407977959,2063.9467874512,1654.34004775513,597.736999546909,1675.76722811717,,,4821647.79,3940517.3,10282.0,1361900063.0,,307.0,13188.0,548.0,34258.0,13757.0,3208.0,544.0,537.0,671.0,6900.0,24672.0,44714.0,20148.0,48562.0,110848786.068,7913177.094,23733348.32
1972-08-31,1123.74215042115,572.205343875777,1151.02942602043,555.074969266878,537.914977700195,1368.76684877311,293.307812983188,333.964703633651,889.744357225713,18.5926107855373,499.696805950168,252.379417209744,582.49433659836,1182.86245408576,1615.53801540189,1400.54162118325,837.977211530277,963.136197952309,993.756645616582,823.435815451667,229.521713693266,199.821269333423,234.511057403801,147.144410285271,1028.32953175391,575.78406031942,1514.89106839747,1068.29207248542,830.747716182469,717.612132114752,201.362959626444,518.450425625786,1141.65386524688,1554.99354947232,392.967632315989,227.45076472871,1507.01552486537,345.026318240489,1737.49834676987,802.204741613274,52.5300320892968,1670.61413567398,282.970943098935,80.0399045286246,2283.97731486737,1824.20715014933,481.334329584751,1717.30813440634,,,6405847.41,2262053.63,10233.0,1366475870.91,,269.0,10894.0,462.0,25365.0,13812.0,2587.0,357.0,464.0,407.0,5621.0,34927.0,32323.0,23924.0,36850.0,107807526.778,8658993.976,24689193.15
1972-09-30,1077.81269065316,565.952351034487,1182.51844841155,607.103639463009,519.140072220314,1310.88585016647,292.845025640736,338.914308281171,851.467748748896,18.8650189286062,484.339442209944,254.032831907299,725.561018353818,1152.5751117285,1828.88181859679,1127.49841810753,887.03482877244,1313.37405948261,1217.81986983503,947.371238361483,290.092470544079,252.782082148693,242.837308561489,107.189681889671,641.520884168773,744.595036339696,1316.18215619334,1154.13981863113,753.460370475303,596.830705154886,246.40626687271,526.077480824602,1269.87295613648,1584.78649026469,428.811744314499,305.261749224649,1437.48987271738,266.134831912836,2408.24520809469,780.912167892064,47.2133334278775,1187.98147487964,185.337166208774,89.9995438216518,2462.63024596061,1380.17299602781,619.394583670037,1617.99312264526,,,5743391.01,3913697.29,10189.0,1368918115.37,,412.0,8924.0,308.0,19144.0,9398.0,2481.0,465.0,433.0,253.0,4909.0,37727.0,38684.0,22231.0,31706.0,109123471.41,10446390.946,22590921.48
1972-10-31,1127.47995780678,571.516771041868,1168.03234156435,566.889084394123,513.623093532719,1307.52163216813,293.067624137515,342.779726170781,837.288632910911,18.9103639223889,500.255950922704,261.633343754913,757.812344843051,1354.50294062951,1777.83938298249,1181.48894545879,944.828406138017,1135.62851556475,1017.59656161312,1052.07145831545,299.944078890076,205.429420503863,276.310499028677,88.4982970547671,756.655797081752,687.729525239026,1411.91212370556,1293.00419867943,736.352299598758,783.881429446794,241.512135977925,536.366422647716,1193.7223991716,1541.8855840727,426.963845544628,318.804710298273,1653.52340046406,264.515684561558,1999.95197987572,732.955838723063,46.2824601827152,1352.0477458468,318.994667691741,97.3653585414704,2207.78667776925,1709.50956756433,522.958248753344,1296.03787668678,,,6036454.46,3728201.79,10176.0,1374335908.91,,391.0,11635.0,361.0,29944.0,13168.0,3198.0,350.0,579.0,429.0,7403.0,58895.0,39832.0,22334.0,42261.0,115324654.85,7984610.97,20725226.82
1972-11-30,1176.46472562497,560.850262634907,1132.48254050607,599.927447994363,530.371259943894,1315.14161168286,338.067613914696,335.354534833545,773.601007892881,19.0278936044653,501.992819778338,273.732619209126,702.926513997106,1194.28517459548,1808.69029184497,1312.72787929662,724.902236505421,1199.79773892291,1062.43055866047,1082.16784190186,217.374319171453,234.290361488705,234.847017853018,85.8276796473929,953.044057027449,687.225335921985,1330.81745879194,1165.82366481548,692.43716149446,621.404515233247,160.406895359395,537.072357418872,1246.3826962877,1509.10543295337,414.889398064819,292.622477836679,1573.90597080636,246.231832898124,1969.92870386826,646.758688993845,39.3311612184368,1464.76422429947,370.909852666826,96.0250267014979,2358.63276817921,1450.35335893814,589.136042142135,877.993200663477,,,5246412.59,3982244.09,10174.0,1380506378.34,,323.0,10405.0,541.0,33400.0,8895.0,2905.0,527.0,652.0,513.0,8142.0,62109.0,42784.0,19832.0,46105.0,108311062.224,8362348.926,21040687.74
1972-12-31,1019.81624257261,572.711457321942,1110.84176741617,606.594870915078,501.003591724186,1289.78400555747,303.101465565906,333.246403708671,830.721683136897,17.7662480110214,488.709934454232,247.758675028308,651.487577563181,1180.71633221224,1991.33257492425,1336.31902484171,774.162117487144,1212.15029345794,964.181523245832,1170.55547830361,301.34055159802,229.771652930336,263.764614779442,91.2697505124809,733.148418918145,692.788772119534,1401.09777040367,1118.69413698794,762.417153563443,714.418056184672,224.445252398911,493.706259330833,1119.83837511333,1627.5209844608,409.099207951213,284.046526555496,1760.99845866296,291.017193927323,2359.78739937965,780.597798943279,42.715315466278,1388.18448689162,287.317147497204,102.945319832277,2077.61239135198,1419.53232203038,399.773351529147,1654.61487691714,,,6140341.31,3246338.5,10150.0,1383733938.85,,332.0,11066.0,474.0,43428.0,9740.0,3458.0,623.0,727.0,729.0,10053.0,67600.0,40035.0,20585.0,59329.0,96940258.084,8356513.452,18461242.95
1973-01-31,1122.43214034554,550.771232562485,1224.59816510244,599.955302555255,518.417157680167,1294.97996545209,317.856214868811,354.68468522714,804.00357430957,18.1965005423228,471.710462474704,262.24074967843,830.396272217361,1028.74631901077,1470.16948167294,1490.69037829739,957.669394951369,958.824901224572,697.630283488857,1176.34509854261,307.150524135752,209.570968998014,217.434978238055,116.746632990764,899.189500190337,661.77642374843,1242.1474145686,977.51282284271,768.1935552417,667.359864304886,200.197036386345,533.705885707364,1090.77237799123,1538.5213864453,345.681067279153,371.310909260452,1684.90986793916,291.10990721613,1905.08658689573,691.578879303538,47.6848331036988,1173.10420297629,324.363253696822,95.5924108074872,2207.74908552995,1917.55971461174,539.025545589911,1332.60614399191,,,5620674.37,2425574.23,10189.0,1389794786.37,,325.0,9772.0,325.0,39772.0,12597.0,3683.0,560.0,669.0,559.0,10348.0,66533.0,41685.0,21883.0,64473.0,103413135.19,8593656.924,23305100.61
1973-02-28,1106.14375392939,583.465356667603,1143.22729668201,599.628843275372,509.58908181033,1306.63524787309,322.97342996309,339.618961024964,798.42339891192,17.8989990165128,477.652721408418,270.209819314553,725.52086766012,1015.23429199755,1751.76666354353,1145.75277385409,767.08396857265,1229.79750832126,984.067016388434,937.510726849339,297.798610273461,232.411817973897,289.047680860392,123.964064402326,759.746997243098,718.058944980625,1237.46518613016,1179.10999239505,697.66770510333,573.52483877109,184.146107890583,581.257983392834,1075.91491951309,1760.45254751177,371.591998962725,348.882272772963,1670.88124676884,314.898926892646,2628.7801311185,589.05989616713,36.9464834056144,1200.50154410113,332.195980884797,102.10687047847,2426.94715601005,1536.37597728259,486.574353037248,1054.95848547915,,,6875988.13,3217028.0,10118.0,1391816548.69,,229.0,11019.0,,43537.0,12546.0,4643.0,501.0,678.0,596.0,11466.0,62311.0,43279.0,,75512.0,108197999.57,8362499.292,20850263.35
1973-03-31,1137.01870344617,592.174051237448,1187.14779152782,581.010375944565,530.975067004562,1349.29261028726,333.868055606253,357.236670336202,828.694506536276,18.9104814384625,480.585722403879,260.430900141731,615.910312521258,1063.88561596962,2014.92103710128,1011.52693382028,738.887234766113,1110.64206666996,1111.86385571928,1013.89080398877,227.410890610787,244.667561909976,285.315270366036,116.501814350319,847.363918914527,726.500905325069,1113.23764172964,1099.1486113576,719.006471876206,589.512127357175,232.906488597256,513.697501097807,1118.82105254816,1563.96482143417,379.313245980587,323.742453259754,1182.99665360424,285.453009883573,2267.33170814808,915.065865010221,44.8859960571201,1597.10661566141,276.779104537248,99.8335601808392,2305.45955125029,1381.33088980261,452.19132509007,1647.62875650366,,,6023143.09,4532376.11,10331.0,1482847690.92,,197.0,9017.0,,42599.0,16776.0,5183.0,589.0,685.0,758.0,12047.0,61027.0,,,80354.0,102073294.06,6597937.302,19254692.53
1973-04-30,1098.78831965699,583.023725270628,1165.19903008849,580.728940989146,512.454443393911,1254.69566191157,331.800482616408,338.787237171705,817.194030416849,18.856282255755,454.843339445554,272.545676966114,821.632940074544,1163.17167479777,1898.37469026571,1102.33494080833,846.136761309859,1360.51085880311,853.288677771019,995.721470286681,298.052817392466,201.656826802484,288.363586917882,114.300019096654,859.345048874648,653.999064498797,1177.84116371999,1164.86716624557,753.871428619492,695.786596576951,209.659336135125,529.773223247269,1126.00169643535,1823.4620172469,371.431163370591,354.098119901253,1316.05907360749,255.736594724191,2214.38804332216,922.350817374748,45.1936189612963,1171.64505898462,291.683489002605,79.8903792219781,2180.71399007356,1878.70981044826,595.31869160142,1743.99929517869,,,6190823.51,3924881.65,10198.0,1478908472.05,,172.0,7141.0,,39323.0,21769.0,4538.0,397.0,676.0,652.0,11915.0,51321.0,,,63434.0,98338386.628,6541609.766,17820099.19
1973-05-31,1138.25310787545,600.146683860712,1119.55648945901,633.485160580154,483.126388321013,1293.69230423448,338.389145775848,354.774334971838,791.136302712335,17.6592027924547,474.524911188815,268.224584849727,920.446317638011,1238.3113462313,2126.06141755763,1202.84548923248,771.28537910862,1298.29465215383,1022.90694765825,1177.90849262898,302.22764136794,244.194914148021,258.71149899541,135.593981204275,968.998634849227,731.4743375502,1412.29470586671,1207.55635375171,850.143827439856,680.298689489876,229.475669824767,627.515091708762,1178.07258537191,1748.35847427743,397.098702885125,296.868328695652,1244.42290062232,316.754100741408,2573.8272122062,799.764245880395,37.8779830158685,1436.65573649528,278.30744275943,82.624605613491,2682.13447053215,1623.29362141103,585.939690510076,1661.66675928277,,,5778913.98,3493461.1,10218.0,1468343750.87,,173.0,5847.0,,40763.0,18438.0,4744.0,354.0,564.0,588.0,13080.0,52773.0,,,68629.0,94140102.504,6955442.45,16095708.38
1973-06-30,1175.60115758247,602.277121326792,1188.45593834425,560.915689172114,530.946879971608,1300.78700110433,318.85730801813,354.815122329594,779.977771775108,17.3451156381791,466.000814878235,270.810376404486,835.45909787144,1375.23655755319,2197.01890479072,1418.3045739737,735.732769985104,1171.74307326533,1039.32772807541,1183.85945619221,276.844218250108,275.394217193833,286.09633039791,122.629917435819,864.813847355036,663.859424417378,1378.90318623089,1199.5689989618,769.847258978293,763.15734689503,192.404400232346,523.507703953472,1072.03500638964,1499.6706081604,343.50539257027,359.03089462669,1691.12338330156,273.565884372458,1995.71865200118,625.267419488179,41.0180779194113,1537.84384356596,267.478623856221,73.6079081539529,2010.55062365662,1546.04140128821,475.725360843794,1865.85781302379,,,5853230.36,3386082.52,10193.0,1467909401.17,,269.0,4138.0,,39470.0,16180.0,3889.0,412.0,559.0,513.0,10416.0,57701.0,,,70061.0,98506763.768,5178631.568,16988164.48
1973-07-31,1138.20956338146,605.877255147748,1109.88310541892,551.194990406187,502.86578036954,1281.57270456221,355.346258743823,349.834438406547,753.960426362935,19.1493381156641,462.311489069476,292.418973760787,701.863557758516,1174.92802423254,1915.73990214414,1383.37438744653,968.071016910118,1021.38345963272,890.205196251835,1108.56629234788,265.530615084228,228.103247282406,239.821505568001,115.340734196763,864.247511987474,718.548554503046,1209.33738644867,1187.9898089226,723.259594881673,759.642310321832,213.172513988228,584.470541446558,1159.85712496529,1642.70670044731,362.804737892551,334.766168731352,1198.94901043577,333.883971520305,2069.84971431523,891.069434845147,42.077272428029,1402.62192771787,398.326074670356,86.3568070462656,2148.83382450268,1826.28947665589,461.742217610702,1574.34939468464,,,5216531.79,2719036.33,10210.0,1470137504.84,,125.0,4045.0,,42439.0,19311.0,4247.0,493.0,551.0,576.0,13530.0,49349.0,,,71562.0,85203525.41,5207641.638,14140363.72
1973-08-31,1203.36892983547,586.21563103918,1109.11775400959,617.93618768899,507.878343578887,1300.78426553463,337.542399096808,381.579376302684,790.337092720054,19.6454076321603,455.963037423246,300.822979957581,657.005205121012,1197.35121344239,1498.98530619688,1460.64069780665,842.900381563167,954.438003551381,1073.42816558738,899.086741736855,215.37552460142,208.480672549183,207.535298979302,154.101988411112,767.194381142317,677.453229964008,1150.53278291379,1013.71659746006,718.065561776931,770.082225125241,256.762986349168,575.455645277702,1191.82223016715,1491.80046165365,364.312048409291,315.325374391275,1902.09232448429,364.433366220435,1823.18009256335,633.683641282511,49.14977128032,1606.88820532626,337.868445658207,85.937053501116,2127.53607633228,1798.2455951616,496.614760096913,1509.99867057789,,,6107679.84,3684561.71,10285.0,1480626350.31,,256.0,4228.0,,46650.0,28095.0,4735.0,532.0,549.0,433.0,13418.0,55164.0,,,74105.0,84660993.474,3630195.172,13058445.73
1973-09-30,1186.00010652102,607.069089181354,1164.46890454831,564.561122919696,519.175991372445,1264.45892012522,366.000507318775,370.048228779496,762.723762813236,19.2423061075193,441.980398169236,257.083826610412,755.078897314052,1225.6815219495,1724.52843268963,1146.00990718945,859.322704379816,1329.96359699212,1261.98664753838,1027.02374584541,289.567259989556,272.644589556686,207.743559943605,117.689799234373,607.917757443593,747.039216343733,1451.86356842862,1530.59413820151,684.691445494566,635.543783871769,249.708613192763,559.827584888882,1098.19772039259,1337.29807487425,362.708226034932,319.438742841809,1504.08399381396,284.427987206238,2101.44977896486,712.61045058919,49.9988247539078,1396.01918156059,242.948451709882,88.7483774595415,2263.58866316404,1807.73165416223,552.191852688381,1858.49303210152,,,5546949.76,2029239.76,10282.0,1482716101.71,,161.0,3174.0,,36320.0,20161.0,4210.0,436.0,581.0,528.0,10947.0,49794.0,,,66003.0,,,
1973-10-31,1221.83247807841,607.648790288296,1133.47230503962,598.643684941899,500.691738168552,1314.42432090493,351.057908870954,377.378531003147,733.680259699939,19.0992065657708,432.096756324291,286.897722058498,816.63404179381,1339.6833543614,1563.35615673547,1341.05107891033,913.353322400213,1025.26653094902,1187.49143116528,1165.54106563348,266.547433946033,207.00380810347,251.760653647797,92.9853042706828,737.065565198851,669.958165904553,1332.6884116023,1076.25012642047,665.456954366806,701.687718220536,234.253328612997,601.740648689696,1047.74917193135,1740.55889869152,396.531982195867,353.608742626645,1668.96006237105,281.033262961869,1921.86793726804,744.551103225218,48.3965115792675,1219.66149525087,336.825582703406,113.334887068375,1890.69586059051,1784.42865068306,470.131293429278,1470.22583167759,,,4569656.91,3275856.85,10348.0,1478754665.1,,206.0,,,39061.0,39541.0,5249.0,379.0,536.0,565.0,12966.0,46148.0,,,71428.0,,,
1973-11-30,1185.25616276843,611.630669971313,1090.17599380357,616.595771118693,506.68426563433,1226.76279321324,356.784836687812,390.720176478252,707.303212885694,19.4237877489035,424.995888644735,280.663523989511,671.206725647686,1214.48674808308,1643.5857122781,1281.06481662296,759.127057584901,1241.85185412168,1167.84923173144,1209.87524850678,202.221583228972,257.238079771297,209.49203029554,99.3941939509936,618.102076961529,764.676681355469,1377.29519696687,1094.83109469259,702.352664829422,708.457614355574,259.982895612409,638.406045624981,1097.39544552099,1504.05259348993,351.601511028212,382.108758053444,1773.43083992081,251.486253947572,2004.82042089764,603.852274478893,42.1957872589347,1554.98770402963,397.542671800274,104.851943223792,2388.07212264235,1589.79615184498,517.824449482694,1107.98717282056,,,5416749.36,4397885.25,10276.0,1479942313.86,,163.0,,,37335.0,22935.0,5847.0,357.0,478.0,544.0,12311.0,44496.0,,,72064.0,,,
1973-12-31,1198.46020610794,597.316273437509,1168.36821547435,584.039916002742,514.548369321787,1297.04626624971,374.509142175834,392.280020460994,758.152655634188,18.6696997851176,434.676838958368,291.387263193997,753.826380859735,1199.58881932585,1864.78016815277,1366.62521048219,801.280582201567,1258.7871527239,1168.69648517766,1319.81338259844,274.972198038737,244.305209056166,249.352523844605,104.121799576314,757.179269209946,836.84716669632,1235.20175625843,1402.05674146464,716.56879980732,644.639371663417,241.528069797248,586.578381725321,1035.20392673371,1541.25631186604,404.588929779904,313.584539538763,1824.98752633293,327.774601645015,2249.47932835913,803.274118819302,47.3208835244256,1208.51158237336,322.49639087945,118.65099160277,1624.39488849858,1781.35809671961,415.360255262612,1720.39553873713,,,5230724.05,2519037.27,10271.0,1482037035.39,,187.0,,,38939.0,35107.0,5855.0,499.0,508.0,604.0,13965.0,54912.0,,,69571.0,,,
1974-01-31,1124.843862246,611.898753043953,1068.47290745914,614.712998106678,497.162829444184,1259.87462950251,374.034005205512,413.783213138035,735.082143776306,18.5631751796317,433.324295251923,310.78436406376,872.116319640632,1130.60630695001,1506.99177958026,1610.16197413151,891.810435616792,967.660557422699,828.016858478166,1284.65993125894,289.992263468978,218.41377587582,209.392851590553,131.601520034526,920.546484860436,771.807283882142,1200.82458670457,1381.82095042918,712.649043840926,705.064483419251,231.840704815575,586.242606860439,1066.93328925584,1702.03432913031,330.513456864285,290.551907816039,1569.70502312369,326.983256193037,1802.681672922,749.950035305703,45.2118572205008,1214.28764986922,393.915321544092,115.23957568187,1547.15238044461,1963.98842589352,548.018120129526,1303.48100304169,,,3702498.73,2189836.46,10256.0,1480917132.29,,250.0,,,35176.0,31203.0,5423.0,521.0,483.0,509.0,13196.0,54598.0,,,60041.0,,,
1974-02-28,1176.35929728173,601.219724252667,1093.16174453329,609.686405037641,525.04003631525,1324.65785596039,361.137553352022,428.138369030487,709.68422738171,18.8211778246032,432.366453732075,289.500975464803,810.464757440333,1080.35288673316,1707.32260613496,1187.21479676456,779.325612577879,1240.72935078401,1070.24989626479,1156.00574578805,271.127333235271,254.572058142726,280.056150899978,125.280291749344,797.895391754993,822.383925261527,1250.75337521101,1089.12460845002,746.173176471023,684.023635633067,223.236597209974,639.028449700771,1087.69147702057,1815.99556785849,381.945471007667,272.355798341689,1745.17396094279,326.232350883366,2171.12179018118,711.994236429683,35.7495282889354,1322.58977026039,377.674565658848,106.490059780782,2339.66748195426,1536.20195784601,427.489916764023,1125.85516795877,,,4833432.31,1842264.67,10256.0,1483219538.24,,221.0,,,34609.0,38552.0,5560.0,466.0,539.0,523.0,15596.0,50544.0,,,56135.0,,,
1974-03-31,1203.81528906175,592.406986596229,1093.27763808471,638.736966631181,502.803483769841,1210.71574901665,387.822058047287,444.10293896196,744.008262274328,19.3638899952569,423.616953089368,305.096093450411,681.55445416162,1098.68650172477,1851.22537535864,980.306144158857,713.427831414156,1122.543980653,1189.19985426374,1233.36145397012,201.449997054314,248.565617278392,271.231372831215,128.46735887917,812.743080721399,783.34578678311,1213.32274358559,965.748395190715,781.262309715577,622.560488687873,269.022210543244,653.723603175303,1029.29336721422,1620.77289594045,322.264486711938,378.156457242253,1265.58249734657,267.578834824301,2234.68874084146,718.668186398797,50.6563138054617,1520.06507662207,341.32828408493,121.67534662863,1704.17390196898,1522.12732523768,535.2471518504,1607.40853167886,,,4310368.79,2124495.36,10277.0,1485562725.63,,133.0,,,36950.0,42049.0,5313.0,433.0,471.0,538.0,14894.0,52551.0,,,54774.0,,,
1974-04-30,1270.66492178852,613.030953523138,1017.44136515747,590.100086479599,504.159747857927,1287.95719890353,389.132072311245,416.839264185666,742.75719638315,18.9250687859836,440.333787701852,296.538614345826,816.472768497585,1186.64942791917,1810.75014122445,1168.57659889163,850.366050320647,1324.13567825167,989.551225973681,1153.07421774928,271.935001453757,223.038207071126,272.788595030312,125.4846695515,909.144807714746,775.712256581751,1255.75552744494,1283.37972527626,668.664675297081,601.720906382823,205.350555838012,661.60268360203,1063.06730952385,1613.71488904371,350.761768190083,336.961846964935,1065.30701861035,265.190806443709,2073.238680287,810.666753519131,47.2022150545961,1175.80830684362,335.885520113706,103.692048874389,1713.01107524042,1834.37094489759,548.514951883792,1853.88817095825,,,4467169.03,2060295.25,10244.0,1486123874.13001,,114.0,,,34830.0,38433.0,5160.0,422.0,328.0,402.0,14204.0,47557.0,,,52599.0,,,
1974-05-31,1213.84772111947,592.131263743545,1009.55634109066,651.194019258276,513.585977610715,1261.34559596585,390.255604068679,433.874486725121,728.152407309122,20.4332146061173,447.084038701288,320.948953975787,939.889555580108,1269.1882747619,2099.80310161676,1282.83248354704,779.944392094209,1247.45896709147,1181.71998872225,1421.69149022151,267.409970308764,249.654687583953,247.301080248509,158.981685303892,993.894438219524,718.066378418064,1009.80056477823,1229.40878055875,688.503280393027,682.274300527154,236.310772254478,747.402238405994,1109.35930565438,1602.57534847238,377.256841449384,283.112759399356,1458.63587342035,346.310434649374,2229.10242854085,820.076276164452,43.8495834652866,1348.14913335579,294.153024582003,96.9983140092699,2148.69502168363,1723.56773874881,537.126252873917,1558.57725408629,,,3923451.56,3217152.36,10238.0,1485534034.20001,,109.0,,,36871.0,49073.0,5578.0,356.0,477.0,370.0,16470.0,48026.0,,,51700.0,,,
1974-06-30,1276.12974705234,599.998542971621,1066.65766333484,632.6525697775,506.740799074827,1254.48459888682,361.668578487027,444.758067867072,723.675776141495,19.9679686840509,426.649471889206,326.719613267648,855.11543252367,1402.48659533841,1939.32781079133,1541.92121093469,769.22392760016,1170.11484527021,1163.33934965373,1375.47127310364,257.471483797486,287.772773314412,274.285329809888,143.553908276621,799.564062437433,710.151536888709,1292.17059664585,1211.45948944972,655.344187054209,706.947472350425,247.484577272306,779.670395954371,910.74937075235,1648.48529752864,355.332520413018,319.051441235277,1670.7964989401,313.392946487907,1804.25534805249,528.395789636677,39.1008469591298,1510.99392865513,428.651627822566,88.8097526648924,1745.52396907379,1611.17897673634,462.48034457105,1856.63314776493,,,4451256.3,2277839.81,10212.0,1481914867.46001,,177.0,,,33358.0,67550.0,5107.0,321.0,237.0,364.0,14820.0,49519.0,,,45175.0,,,
1974-07-31,1291.04501075437,623.07532594398,1061.70484887179,610.709567876149,501.594062019649,1267.73421327424,392.619204259935,447.388216743491,695.982852821944,20.4282893928011,440.878354295168,311.926308627833,734.88889962386,1238.85535862765,1866.64740838647,1417.2664847768,957.959545349571,1044.27465744097,990.426107256451,1321.30774860584,222.396755934585,240.983544736706,231.675951839938,120.565306557025,958.659493742607,744.796082048359,1243.41768513715,962.76020060188,726.62790367367,598.174404856271,246.071813121256,687.812936624003,1086.13691110699,1550.80604909894,384.073109412102,350.146455200003,1115.51548154561,348.650012172851,1912.79286116403,927.344844548547,40.3191477742863,1323.3238134371,469.202769160289,109.844268107105,1980.73099917278,1817.60523501591,417.077253769383,2096.59230985092,,,3994728.09,2597907.03,10186.0,1478944515.43001,,200.0,,,33683.0,66472.0,5229.0,412.0,235.0,311.0,16952.0,42417.0,,,45710.0,,,
1974-08-31,1281.34541848622,619.064382722908,1087.81775649742,625.609165249336,528.745130431048,1294.04829836813,400.62394810755,454.992424867005,632.080303573964,20.323300895063,453.769522538004,318.91379646989,714.099072746808,1226.90394984678,1408.15128911778,1455.82861043664,835.348206152324,992.284168155774,1219.21720424791,1133.67774016003,181.15650525817,216.798912224602,209.981348520584,164.867201924994,1006.85441843447,712.967067981266,1173.9762466929,1069.99906080863,853.651987249194,669.917532524855,263.379391414832,698.065917543682,966.819583786644,1828.18746809866,370.790238920666,333.322969484141,1912.89604310853,332.603120064795,1833.30571642603,763.481695583623,50.8189612575869,1478.60697759738,327.483070315079,107.307197266343,1823.20275863696,1686.70862823925,429.590962340796,1740.50084768177,,,3993504.42,2755098.2,10190.0,1482383094.43001,,214.0,,,38150.0,59852.0,5036.0,292.0,256.0,304.0,15995.0,49610.0,,,48625.0,,,
1974-09-30,1288.15368786252,622.639680573048,1016.92495216982,584.342939606097,511.205704505213,1240.03650007868,417.175228698031,469.015100203957,688.471506932618,20.7892586855746,440.982639627251,315.224719420309,822.117505069766,1258.72825428461,1544.94929172861,1174.23348374685,887.424146854656,1275.6762300757,1468.01567259002,1257.35846264163,265.67108285044,283.345772445101,211.902478586166,130.145216352051,944.031707385164,771.582679783255,1366.20756105106,1428.27619722296,771.569012525449,654.1950167657,254.165305294389,673.534260187384,908.623217532565,1757.2666843506,360.04997496572,389.794112441815,1696.14531690272,314.24766638514,2281.45211272124,825.5868100037,47.6545762846815,1324.43706337487,296.65696784587,117.686324783863,2073.19292137072,1787.3198788448,590.843658252897,1743.91303814927,,,4408740.54,1736103.9,10156.0,1481062177.50001,,227.0,,,28430.0,68526.0,3791.0,347.0,197.0,319.0,11287.0,44189.0,,,39804.0,,,
1974-10-31,1306.7916532282,622.57060338971,1001.11181507035,588.192985595609,514.742998248576,1256.82836734728,421.545038183858,465.34404001027,687.865238570145,20.2375776808842,446.008336655409,329.589754529621,836.987467078119,1385.76655090058,1597.29411610785,1283.75472418387,905.644871714152,1076.31040402478,1264.97381071445,1375.41561973658,259.992745543994,224.907977247583,252.036837036739,103.016937175796,1018.01374685422,805.989173079317,1152.86886906054,1135.65316869569,756.176989393722,718.406203280217,260.01261315548,705.089179344598,1146.90615519703,1687.84413609945,340.063851686498,398.304561159244,2085.01819583555,285.194428609407,1583.31093038933,780.794707350952,51.0760988210318,1192.21218440451,357.17946982425,127.453076999632,1505.38905471445,1831.35788840779,446.904145745846,1515.35663519468,,,4455120.5,3465023.44,10145.0,1482823252.49001,,,,,33968.0,68696.0,4941.0,327.0,170.0,439.0,14931.0,47709.0,,,44244.0,,,
1974-11-30,1323.05465455383,633.201697177307,1077.2178610332,639.831934627831,521.161822682402,1270.14152677969,441.968330099378,466.280602565124,663.686068114961,20.6173193136454,430.827296048852,317.888098941487,776.910701764679,1256.85171905295,1622.8223785303,1369.16794912513,788.72947045698,1226.00963807129,1282.46757418373,1457.47063521671,196.2564513246,271.365406152129,211.911983361974,107.769342440139,999.777437121825,702.850498664595,973.550925781238,1393.909828804,730.900283743194,540.359641601207,264.034105237758,715.288154964317,904.689277556325,1686.25817995498,343.474061214495,336.922073164403,1607.21294927695,304.796459017234,1796.93102664717,617.758889634391,39.0643427205681,1713.85750426745,421.593006241778,129.023198301905,1895.41174574737,1463.04399385033,506.720812786137,1384.59574656539,,,4244708.21,3192774.96,10141.0,1482501850.95,,,,,31777.0,73075.0,4431.0,322.0,157.0,406.0,14161.0,44886.0,,,35629.0,,,
1974-12-31,1300.74402148183,614.873735328705,1072.24846306296,626.940933034978,506.355971654212,1255.44073255391,395.776300019293,466.54242387786,692.085092816668,19.7460015649485,452.846092123242,309.746685549483,757.162981453436,1282.95490753033,1923.54201865996,1392.04825394466,773.917441563577,1189.41864386425,1309.63339727815,1520.55443900865,247.435745760773,265.188894549002,238.971209721435,108.460404103346,848.716383968877,785.147934982638,1133.31832740235,1333.21469856408,654.559316408366,638.055305326481,240.690419049963,686.541098514855,975.016480604925,1658.24090605509,367.904750708603,381.042467004971,1787.84864771412,345.523075677096,2440.02922171912,830.195900022727,49.8967756044281,1351.08314719874,366.995165550344,133.233475511382,1555.84047116869,1647.77461357168,490.344164475379,1946.11564785799,,,4059343.61,2512818.37,10165.0,1481381318.62001,,,,,33646.0,65989.0,4681.0,305.0,124.0,343.0,15106.0,45536.0,,,35745.0,,,
1975-01-31,1294.26849512986,631.735036651457,1067.79692616477,633.821555289726,506.696598868381,1299.76221475539,422.857645982392,482.057409072254,641.772129526461,21.2376742233602,447.678378644662,335.823600569471,965.873876551313,1196.05692287019,1478.84891655672,1587.64761763023,913.588770879698,948.906396647593,957.909493818454,1484.34219793114,258.288026190663,236.06889007084,215.745282358198,147.34662864015,982.026802825971,751.466073992888,1237.20468818653,1225.79349183845,725.358730878119,656.029957469008,267.820792995976,747.730076186631,860.60812883091,1898.83323001355,383.075325744223,394.043611254243,1403.10831729674,294.364411984724,1695.37381126536,795.466685986237,43.7375627891065,1036.75629338278,393.75923456576,130.78428123354,1590.88626003838,1961.80181355665,538.350302603214,1168.52408034338,,,3695581.21,2077902.4,10194.0,1482894242.18001,,,,,31759.0,71040.0,4559.0,400.0,,355.0,15165.0,45629.0,,,34445.0,,,
1975-02-28,1278.74608936281,628.393990752068,1076.35301505833,636.341333087562,500.758882100188,1289.11094477832,431.193247827895,484.172674598369,640.970978300295,20.6776492328669,432.50883650452,332.787056669206,909.6938767891,1141.89026650307,1665.10035100356,1239.94764419507,746.063237739913,1170.15994104688,1183.56146824367,1303.13901778537,262.318366571613,268.754355337613,281.754865844156,141.813571998086,841.250472629604,700.303983044317,1253.97377265251,1078.35933075431,706.579009922375,687.162714229755,294.869162483534,695.469630819331,956.776453114083,1761.93669441562,344.453385924818,388.669878105621,1665.88942680288,359.890910463145,2267.26174119754,586.439975991625,37.6260237460647,983.410616800696,398.09087853313,118.928850199918,2146.49062452858,1617.53603983446,447.074823846984,1353.84912836729,,,3730156.86,2146829.34,10269.0,1482894242.18001,,,,,33706.0,78028.0,4810.0,472.0,,352.0,15632.0,40294.0,,,32574.0,,,
1975-03-31,1267.80879733955,622.750638231856,1028.31653129367,600.499390136924,518.769650370511,1336.33857692171,433.196532612711,478.135774544446,647.513311750372,20.5891986691025,429.320654636926,332.131981075218,693.084421172751,1142.27572790454,1792.39576499612,1112.38300407218,728.87955017088,1074.24021831321,1356.06073606807,1376.0224168464,185.239577112344,258.363990961287,271.899788920548,141.88193944814,938.645707657788,742.57068129374,1126.11391774823,1295.07526639139,670.730811323887,755.99179488176,296.520072561737,678.636305553644,1018.57792750705,1697.07917408674,358.623726658401,356.899824787706,1246.02461428489,285.573436172426,2134.08930340589,918.246478417104,46.3967806798851,1474.76114608354,371.800716968051,133.296429305792,1764.83699813167,1730.39672853551,438.966033805469,1734.2947906012,,,4186041.77,2887984.54,10288.0,1495400233.51,,,,,32592.0,73898.0,3989.0,430.0,,286.0,15145.0,39480.0,,,31169.0,,,
1975-04-30,1313.73280951287,642.612701741301,1000.80746525685,625.205521369095,508.425450820615,1228.97121506804,446.989279961327,486.719311129369,609.975141120172,21.1565550069097,460.21738588605,338.831086385556,942.728778666577,1240.92137795695,1665.42177746684,1131.22855634676,862.35939292401,1286.53904753164,1090.5904927399,1263.03552215469,236.813460934331,226.471390478098,285.459751559396,132.336617811371,896.988208651659,714.685647484814,1177.2864539139,1072.22178526551,699.695339112036,624.492930387175,300.096368716549,819.530352348577,1025.66907324803,1922.08580743778,357.532195564301,371.475678648834,1603.88737461966,316.464999525826,2075.98902964665,905.580813499221,47.4092826587447,1165.82237549516,379.170944375345,121.173500223396,1508.65779505058,1847.56106781128,576.499417038795,1957.30399293877,,,3719625.36,1739094.21,10310.0,1495043054.0,,,,,28627.0,83296.0,3509.0,369.0,,236.0,13758.0,36094.0,,,26240.0,,,
1975-05-31,1353.05068115347,652.743969466396,996.42122200621,674.637819029587,518.959387502662,1290.65184691823,441.942588956944,471.113480398829,649.158329374003,21.2972917313714,452.55337900105,332.244592503591,1001.40346131695,1322.78258460825,1839.35644018025,1331.76696494224,738.48910865917,1278.17358314742,1299.02552521695,1561.73780142315,263.810219246153,271.278087103629,260.395311123745,164.474904061756,988.958461434834,808.865360002383,1169.20698798832,1251.97850141961,722.494791545031,750.446180768858,275.187990024641,801.820108369654,940.265975406795,1928.30727496417,357.116213798615,377.57923469704,1211.23617381158,355.773489513589,2422.72025197837,711.992663640199,35.2249499736354,1531.9394046475,355.015889171604,119.958252278184,2209.395929412,1520.79984613895,554.255314718727,1692.65183865005,,,3990046.1,2550025.16,10308.0,1495251046.68,,,,,26123.0,81395.0,3843.0,370.0,,319.0,13221.0,37952.0,,,25113.0,,,
1975-06-30,1352.43596163822,653.237077638412,1003.26293695057,635.175072001537,518.917203525817,1240.4144381027,434.772189124667,492.901804397433,626.146667764624,20.3343893101303,449.446063393982,345.474535807325,937.958660348558,1455.32607896927,1939.12127107511,1566.49595765674,753.521366381676,1137.08561739408,1245.31401878261,1501.65162273991,239.952811670445,296.976433390989,289.96305616924,157.681012554568,1000.01652647253,737.122831142833,1154.07873871434,1359.99707088345,726.744352764752,663.403091903458,250.010892088835,744.241313232965,848.006421454601,1790.49378781245,397.789944921451,428.777581219541,1808.0203411003,320.348182576931,1813.51612431075,774.061650748574,36.3601187339648,1432.37678052827,417.194265207218,117.15801084948,1693.68074689714,1550.27825436979,506.172960315587,1974.13231706609,,,3951788.59,1824508.06,10302.0,1494097647.51001,,,,,,79799.0,3138.0,233.0,,272.0,12026.0,36616.0,,,23835.0,,,
1975-07-31,1370.48371974105,642.833949917102,993.831068419166,652.355655756681,526.821368962069,1208.26385873456,451.898820067565,476.561771004248,586.440622119947,20.4075847302371,450.339497788525,347.814495624301,797.527602028113,1302.19812649769,1776.05761305743,1462.43883386134,954.706326085161,1001.22346326015,1010.22882621567,1432.89812080648,206.33317063439,250.546832965246,237.076566719464,138.392642868303,1065.62409996805,766.925019680472,1248.2262146153,1348.66621937302,764.565902058842,613.542186740475,306.976159735863,738.32045274439,901.595266371874,1935.27659075171,418.13557046004,341.377685147192,1264.45574623416,348.613032004141,1597.98272969306,1083.79156320293,40.1010386085117,1195.64348868699,454.717732468656,108.461225388228,1766.91293063419,1726.04528702759,530.095027225267,2230.8013791456,,,4243524.63,2521552.99,,,,,,,,95174.0,3015.0,218.0,,230.0,13012.0,29496.0,,,25457.0,,,
1975-08-31,1311.1353095457,628.788289276739,1000.87696757545,685.178347006954,503.369989571521,1204.66646982774,461.805199745215,491.080490605497,619.569987581104,20.8944406374335,442.598207013437,349.149794302441,730.013010706074,1267.90203191281,1277.08694362192,1635.25967126015,838.082973248702,894.121225346931,1316.56353042816,1246.24185966781,160.058970904295,231.659774127252,202.030707434751,181.749514277021,976.095774260409,690.444822270296,1247.56360093713,1394.57638432337,705.720126510776,610.346383171313,303.546836084919,708.914882224961,853.936336481105,1792.16453756197,361.979396853784,372.444401165991,2037.73727515806,356.240089634736,1732.66034673744,824.242029261067,52.4898388708185,1504.36986900616,369.894221636914,107.1289409969,1632.71744845758,1808.30286162901,474.948268089007,1985.10570218645,,,3655165.15,1769356.99,,,,,,,,70811.0,3211.0,213.0,,281.0,13489.0,38115.0,,,25426.0,,,
1975-09-30,1329.41560815028,668.242813185777,953.498971253673,586.559250326663,484.184051328079,1215.53656548122,456.580533830279,481.088365334051,553.386353396414,21.8010555528244,446.163561043356,311.775445661768,844.397527647527,1312.25060477016,1540.65420585173,1185.63215747325,897.670337138977,1256.93357742622,1524.54495024157,1369.58491241455,238.519743255892,298.926288150421,222.014327924876,139.163657075419,1016.75730274275,730.56236684255,1293.28205219883,1637.22717344563,695.026853213601,614.38206117264,278.147875969775,724.410046863196,782.439735014312,1692.61112585608,338.170199222166,356.509168426945,1734.1048038348,329.779397224278,2388.43761610315,866.108082904573,41.9231014241054,1240.84438091008,363.520439816679,119.489077837643,1753.85992956251,2021.91753259047,575.390120011231,2039.6424043312,,,,,,,,,,,,68351.0,2272.0,210.0,,153.0,9915.0,38899.0,,,20148.0,,,
1975-10-31,1285.0196036247,633.961400903247,937.675592033981,635.796029670802,509.471652532139,1277.03465640471,431.868367636413,490.277060355655,584.144892887603,21.2369398787505,457.841857304428,337.836795381628,930.540519485924,1436.55245048264,1474.48231337133,1349.69453147648,904.456943529767,1039.59434914634,1322.17637849467,1391.3192196868,238.918451538814,235.728425911012,260.750712431302,112.527712637905,929.321938183699,836.353080343341,1013.09434683716,1301.79763305164,741.035018842733,716.914994683811,293.762735768816,732.346714887288,850.968172988263,1830.89132336695,355.893316027469,373.880690877341,2293.14564075384,283.465472096453,1727.54582194258,760.817805802062,45.7579506799026,1325.88966085782,435.927941765443,133.006476305815,1448.05002326489,1937.43269781571,545.749266330377,1666.04370481991,,,,,,,,,,,,73658.0,2983.0,211.0,,175.0,11963.0,36289.0,,,23924.0,,,
1975-11-30,1433.78032273718,650.380940605434,933.549410782153,675.350159972862,529.966972720869,1218.07204338653,455.042631513408,478.299922705278,587.951706761952,21.0423053567208,454.477164605691,319.994807235642,847.486368243819,1337.43066399662,1495.41589958794,1328.68858270724,767.517385993192,1134.92870147773,1387.94373299342,1488.36750898034,164.837084984742,285.886527840537,222.528290163789,124.236377243692,885.909046152201,792.749289795757,1099.52168630702,1224.50018844165,714.338223394142,610.349952040542,289.153263286904,744.160392687982,922.102540928207,1972.27788263348,369.856326677478,378.899335838723,2026.56961502024,293.7256126494,1772.49543930162,512.42914062526,37.8333501266493,1525.38421673171,409.135925322589,126.405747364448,1905.58529812803,1815.036391924,557.255550565851,1268.13410104142,,,,,,,,,,,,61547.0,2763.0,139.0,,173.0,10882.0,36477.0,,,22231.0,,,
1975-12-31,1457.5479556959,657.105728608393,992.547400936485,686.377816131406,504.215961791056,1225.56759908138,457.00010739263,496.451785265239,565.542632446305,21.5044625586429,444.142436923508,369.592642100065,824.074297405287,1336.18058187052,1765.69999405192,1502.79425824966,775.937316620713,1149.32400834084,1475.72524022203,1546.87037983034,236.816213438877,283.661189306875,250.717331167954,127.236865472022,1124.63463025088,806.687785477866,1174.77817389844,1328.65413592394,801.618822142072,521.516675389555,315.126178295146,732.355462686978,867.744544522537,1479.1989626311,391.16920773584,423.279521847833,2018.82390873153,342.662912413048,2139.2597234265,761.943197703131,47.2427012187644,1267.5053317227,379.280164008172,130.801724998056,1519.7065548618,1826.8076602037,502.369043457627,2091.40777389245,,,,,,,,,,,,55399.0,2605.0,215.0,,172.0,10064.0,39629.0,,,22334.0,,,
1976-01-31,1333.90279914662,677.427833976437,1000.46173102043,702.661534489705,497.665718464289,1159.04672051604,452.323140465835,477.133333854635,602.016795187556,20.4718556942253,465.740636043252,367.598482783098,961.137665112698,1217.06046681936,1314.33163959316,1634.63337070006,911.745948488482,957.05222890474,1114.79924445837,1538.36371117643,234.322549866753,237.550002096355,218.56866459573,160.645087808398,1054.31965856771,806.373011007697,1212.12541808714,1294.46854924784,619.427618102636,674.228464311985,278.327122665288,737.892322813838,934.874595058914,2000.95789020805,352.193016345291,377.023087143569,1600.51535221481,305.488574688984,1770.39376388635,719.588602039983,46.9961219466958,1170.68900275326,447.607560249148,133.258361854242,1495.5382613927,2022.11785164157,522.679162051967,1724.78217398705,,,,,,,,,,,,70902.0,2304.0,171.0,,121.0,8768.0,38720.0,,,19832.0,,,
1976-02-29,1364.56173548464,656.234518808673,957.762110817444,640.552157501205,493.18877331664,1196.66933191505,464.34039704687,482.121949796657,572.671890114859,20.533759404416,457.853617063293,368.482889827906,927.746544507566,1167.9746781411,1545.005571401,1302.26393294354,736.201328742048,1235.85205399629,1279.82806220815,1353.77826550829,234.760870295963,260.466027460684,287.177846559104,152.947768548346,937.937742556408,795.590057597966,1081.43765450338,1323.60410324536,695.681935865378,700.712428564973,231.526731654346,815.203577148843,996.171278997209,1884.37696347138,414.411571776305,380.785079355769,1880.55397636375,339.72558056139,1955.71812833627,653.034578668306,41.0898185381182,1184.13071970672,477.636354184854,136.502566037906,1723.20530186576,1764.1416544546,468.397193179056,1490.19620532931,,,,,,,,,,,,58200.0,2239.0,141.0,,214.0,9407.0,,,,20585.0,,,
1976-03-31,1373.64679679303,640.492611200894,941.319146126156,678.13485190089,503.635164462595,1187.39417884896,473.096248456101,499.324510430918,536.18392893609,21.2544834926391,445.156323705125,370.84596974187,756.687605572082,1175.83452208986,1695.31723780794,1106.28873007026,731.219690780104,993.793162156084,1456.34664251677,1413.41690816409,158.571776180542,257.114633677994,292.358821671003,153.582485692121,977.127044625233,863.104244100901,1158.94530519009,1559.18117165314,657.369759787385,603.990769362909,272.286938096354,757.169737256172,811.83115682436,1706.17715298461,395.278439461717,383.250116976931,1485.93782985077,335.863414960803,2089.30343150683,925.273582526153,43.6521049955008,1314.52461341008,390.304319359485,128.441289550444,1508.5480512045,1519.4573238145,458.845292366936,1934.07332077104,,,,,,,,,,,,58203.0,2677.0,171.0,,179.0,9732.0,,,,21883.0,,,
1976-04-30,1415.95127588851,649.661607688133,954.04080267039,671.579211817949,505.563704358109,1174.41238361023,462.22681720698,492.381292377391,573.777667698388,20.3781845468541,467.269762056732,397.551257367023,995.047430556407,1235.65438163003,1579.28248733807,1274.07815480751,869.806018009113,1260.06655361352,1209.3167135889,1328.54332069167,232.271989414994,233.589094455998,280.410134097808,150.241217474425,885.717887246111,782.681429651794,1032.48122084804,1386.88263150906,762.996869110172,648.294182361941,287.046789388195,767.387467133396,767.808293996983,1825.38723460434,369.132806578503,411.955208077584,1537.54420395278,299.670158261467,1966.92086434414,988.147793962022,50.5673993870102,1120.1913867316,375.281907207474,121.634335783235,1920.9632839404,1912.70687698427,540.201043306388,2167.42966409684,,,,,,,,,,,,,,,,,,,,,,,,
1976-05-31,1393.59145842546,675.193676350273,975.156269466996,710.136320063899,517.438389972633,1209.44207768084,500.834867955525,503.478408179685,545.877891990373,19.8795774357016,456.414820172151,373.936423039991,1036.90480382098,1349.50842178238,1755.13101417734,1375.31216141948,752.1604456101,1229.05867001751,1434.19021619452,1532.31771956486,227.084903451755,255.231994083284,259.900749200897,168.171248399981,1083.66573486292,807.902822775026,838.450891430596,1292.01901543963,623.672391833044,531.981231324202,316.105029632419,728.793906799234,694.736288370403,1949.34945705469,447.843238728609,441.289296439063,1286.89864764069,392.209270715438,1944.62722838471,939.199124656931,41.2410729125013,1437.23625898338,356.334171501918,116.797259005687,2021.4859278384,1885.05550646258,585.946970624289,1991.40656219531,,,,,,,,,,,,,,,,,,,,,,,,
1976-06-30,1376.09087888614,672.127429477464,952.549349866578,704.250619652319,505.481986012243,1205.63312717232,480.628223450608,482.330939065723,565.423240126348,20.4549402360912,470.986555713536,378.545470911273,936.191012516993,1542.86217502052,1809.97742107169,1640.21762013123,780.560872684737,1060.42036095635,1400.35580230168,1497.72405349981,219.545620596458,277.621268941549,289.759361358111,165.793925272933,920.989562141708,794.841941660172,924.220360820185,1494.59678616785,748.191052962811,634.766522361009,340.070387321023,741.469291429415,968.659256411861,1853.0234532073,404.943145187157,408.278687036814,1974.3143983188,276.055083017327,1571.53603688098,769.228984813812,47.5455595399505,1344.90453409613,453.325297428526,112.746766840915,1270.4138585826,1794.03628753363,475.867870378795,2168.65031076704,,,,,,,,,,,,,,,,,,,,,,,,
1976-07-31,1464.88469438441,672.569570002926,897.046123773377,702.993478313209,505.269760959381,1149.3008683146,483.99986539795,496.908147025878,541.80702750467,19.472934084312,470.336046207324,369.157904609257,846.043361611772,1317.31645851069,1755.07550550565,1592.88972036818,963.438744850488,941.899998731349,1211.48597651826,1436.96711956096,186.045025232879,250.18006755406,233.205891944028,144.689198781183,1195.67285458495,818.604313202024,1091.96589741094,1181.0375138698,745.640959088337,689.511336674047,282.562729712836,749.73809552739,845.377080145793,1556.31850179713,383.945535951712,438.159657929271,1417.7831904637,363.918783763448,1929.31452490742,911.230864301525,42.0162085375322,1177.04959832774,503.991350884993,114.32368363503,1339.3590265959,1929.14075901081,471.540079817102,2203.51202933686,,,,,,,,,,,,,,,,,,,,,,,,
1976-08-31,1410.01374186609,649.764862453441,982.698735642167,688.032962012173,509.373305013664,1136.00531097486,483.595508894613,488.76423069082,551.62844655872,18.9024329885636,458.405347427658,381.553471985975,841.85977705589,1414.00299567693,1189.44886199195,1656.68190190423,867.873206305175,878.26163772255,1425.68881791407,1240.25656464592,147.539101668409,205.553235166319,232.887631747172,188.095871440926,993.641496624061,834.533932179954,1254.12676699398,1380.4479406671,700.516680414973,652.068680483336,292.339250152292,761.486086548561,909.970325089835,1855.85328137202,375.907579129582,396.371941384179,2083.67046959885,371.9939590362,1521.33662049555,712.733923163667,45.7745966652909,1507.74339234481,422.254344959397,115.668993807901,1573.8394938665,1867.01884674134,498.919484613559,1971.78700592386,,,,,,,,,,,,,,,,,,,,,,,,
1976-09-30,1450.58864155722,659.241609908949,919.945105772747,683.886432416697,515.795431782874,1195.46870803369,491.498896808946,490.350790368193,551.750086206773,19.7766136259963,453.184871170178,379.967785185043,870.573624992494,1283.99798603413,1467.352638192,1267.99195290929,893.765343483982,1212.87776687565,1605.7155545625,1341.41449329032,224.112707962955,278.158936391789,225.402656429241,142.807149295144,979.284913449217,835.636975316653,1085.07054455021,1446.49137113403,734.556978838131,646.819271650291,338.875446548998,805.261756884255,810.369496527265,1680.83273742777,359.232897727913,481.650959180407,1898.92680503882,340.04694933709,2104.46873405015,1005.94604727935,39.3325850947057,1227.18085982827,382.038247628119,123.734332245737,1904.93820562452,1714.35280078376,564.016862716696,2029.86227047806,,,,,,,,,,,,,,,,,,,,,,,,
1976-10-31,1376.84312096406,667.134946572659,902.653794686996,737.723380472944,529.166315592404,1102.93593995008,496.689820920538,490.141284568384,521.969847919747,19.2594468585103,463.657475454153,383.211601001179,971.839549820232,1515.53042736962,1340.87820612412,1429.82093332423,903.036674002343,972.868303712196,1434.44886637897,1418.53127216688,212.32736135933,211.869062364869,262.213541159221,129.901073317258,985.907461915063,719.497606886589,1108.68889835302,1410.67923463972,768.310203783818,537.563239590333,334.808855048806,774.246449240222,697.233770051051,1652.1818903085,375.984836971436,476.748900745298,2130.21323420384,315.524482356819,1233.30558387318,917.222505699163,52.8319567578647,1240.34959547613,419.159507556966,130.316314354613,1387.87629964283,1784.72071421376,431.457955243545,1896.34239462497,,,,,,,,,,,,,,,,,,,,,,,,
1976-11-30,1459.91759014253,687.952579058749,893.195994050618,730.806050679256,527.572764171897,1212.32764599149,470.782457514604,484.859033015104,498.265435467927,20.395738175476,481.49995158289,381.246841574541,825.861736147104,1397.9191409264,1275.52586485871,1528.94997268931,765.794333357966,1081.04238281662,1468.97447043007,1497.89952803974,144.263439024475,247.245222828239,222.766483528724,131.880743722343,1005.72603421117,876.54207635298,1158.65017386438,1287.83351360443,687.035774249768,577.575054597654,356.344338519094,761.96342592091,876.290110734259,1608.84956771768,390.826151346338,466.756875458885,1883.94472920902,318.544676502517,1657.7511957565,576.348512014933,39.5081043835353,1554.35549123576,457.238493055782,123.594551500539,1740.98280528601,1553.11445235044,623.64662550456,1694.62166178344,,,,,,,,,,,,,,,,,,,,,,,,
1976-12-31,1409.39298459532,671.36592213886,842.078254712196,750.512449917055,511.289788495524,1124.97438442206,481.60979181525,487.76859905256,555.755612462836,18.1072933486603,452.9608932783,374.382229213246,880.115477243976,1349.64853088846,1694.36197349551,1517.29255038884,759.416478185504,1141.49785767367,1438.23366330734,1551.90055200643,213.376145602415,239.10031784244,257.656917233984,138.051944471742,945.544811335035,822.222049073432,1085.76102804542,1333.12811098622,789.169848548055,617.355886044423,331.483935727223,748.350839116527,668.801700490898,1652.65063866866,372.166721782941,430.304212438423,1844.64851556002,302.074876110549,2264.8824077495,1038.04309361685,41.5255851357221,1303.52673187122,393.928851024905,131.107405716238,1337.68356471235,1801.41840273002,476.443781343156,2047.30424076409,,,,,,,,,,,,,,,,,,,,,,,,
1977-01-31,1429.07831741491,685.687868862924,917.292874526205,720.198127389503,522.511564213524,1125.46843031725,502.534404141835,475.069099739823,519.29016957626,18.1976216028989,468.673260712807,387.404629810175,1028.51774807983,1267.39923051404,1240.05801257735,1748.37892668909,909.397231677836,821.72073247144,1165.61660459674,1554.58464394372,226.477650595049,218.888179042201,222.659998163535,169.263778147169,1114.40658920275,825.121139802245,1155.53895221537,1490.18694509239,730.91978242006,642.561344953076,324.250932346791,711.53398902122,845.197578889518,1821.05657203573,421.941642920968,506.962320772372,1688.23032638959,342.523192723091,1441.40195782192,778.885048593336,46.6358735302658,970.909778665496,510.422680651714,137.433319990045,1341.43010351567,1798.00033924302,633.193226612497,1780.58001411571,,,,,,,,,,,,,,,,,,,,,,,,
1977-02-28,1489.34175229004,684.320837808621,903.134498337477,753.523235980972,537.022881922044,1162.14898233846,494.032122043515,501.439724242872,505.046182687502,17.6128150086386,457.198240227064,384.561283765969,947.607672688469,1267.77039140278,1398.32519876801,1417.68695152973,755.665139970641,1112.85551466385,1410.39828073443,1345.80132299983,209.89769282005,233.662157721305,290.883774222138,173.244581340271,1124.58957519976,827.452027008949,929.50982995905,1286.82808697816,721.357209536763,650.14383757368,341.102780931113,741.330051785041,802.907130342525,1484.98904322517,395.642102078061,495.209880724438,2157.09247337034,313.039254415935,2241.20022464692,708.687854480975,42.3676696631765,1153.76875747231,420.453383254781,130.052737266019,1940.13241800696,1314.07195289154,430.653955630328,1520.83380397569,,,,,,,,,,,,,,,,,,,,,,,,
1977-03-31,1499.39634619075,698.955610473028,885.666719924519,778.213636066099,492.455293487494,1070.99085213254,490.427133875054,490.035503961146,530.298926996486,17.978364634911,478.690089677635,405.399991544642,790.841566191248,1236.34389489526,1643.40411064153,1213.14250444755,725.197008356426,984.922849088443,1477.63289279322,1410.9914237989,127.595221704982,220.146623414685,286.717176684735,163.056668667229,1050.81744199532,890.168912659826,1007.82059339428,1490.29799705387,706.590891342308,674.235303778371,310.504358646822,728.465389171386,616.73399640086,1570.55620925609,420.061791752321,411.926202727299,1641.46435580309,329.362840626289,1725.82756766199,968.301951080439,45.8928990279369,1338.16848361814,369.355737003428,122.558283129185,1600.57052678821,1587.74949671806,509.183762587879,2016.805888471,,,,,,,,,,,,,,,,,,,,,,,,
1977-04-30,1530.4928662473,691.193882587194,905.719513000611,724.665882526792,509.879673695547,1127.44732438824,511.285913960739,501.67240925306,496.160326893621,16.799966428347,477.689319177,421.848075555384,996.119920423032,1288.77724749318,1550.4797054699,1406.26902574835,881.275178873691,1276.71667992937,1259.98211773595,1364.4066634563,218.89662529272,186.815044268563,299.675284681691,162.772018389539,998.941439879403,768.676216534563,1171.89211800833,1583.38593561072,715.639955614263,628.859833516296,321.64265137317,754.166228382578,716.824763751745,1249.23118609505,389.223153765547,413.221683470459,1756.90746346253,337.083277251559,1871.70221251235,951.222175859293,48.8126243445615,959.971500795077,376.742237494779,112.637576028895,1766.57239180726,1604.56384620165,536.589339595445,2300.61326429125,,,,,,,,,,,,,,,,,,,,,,,,
1977-05-31,1464.55665878826,702.066562310319,863.77837637883,732.667456664117,512.165836825932,1133.47750181124,527.541300850829,493.719555798449,509.455808317638,17.1771736687196,496.857759717027,420.529404462967,1130.14507867736,1403.68171271098,1748.69843635093,1469.59425471707,778.269670482128,1105.13815245244,1497.16247131235,1506.35068463461,224.990373315756,235.054354580853,268.335204529571,189.49400258867,1130.71462911298,839.123709762411,931.705748787039,1403.73338723792,809.855928599667,628.723700974813,359.937969565653,746.007227982667,770.26821569115,1451.46679704828,373.839408135834,410.860388907495,1471.66197645698,382.645689712865,2258.8467055709,894.055424569464,39.2626520854441,1163.27584579795,397.267409545385,103.17049248706,1793.28785136218,1575.90161224138,565.865917401041,2004.01109122079,,,,,,,,,,,,,,,,,,,,,,,,
1977-06-30,1455.05074488022,685.641101164537,890.051418381662,748.37440406533,514.250699446312,1108.60539409623,516.086766330728,485.013548138472,497.617644848353,16.4730238700272,467.827470424606,407.444430039556,941.056501867627,1465.31151432537,1617.81821396722,1674.18265731636,752.689120272879,984.154243849294,1469.88894809836,1501.35025197904,205.602988273235,254.587929267636,294.577240532699,176.618587422324,1013.2595019192,791.790656136798,1090.14137593133,1586.9569421721,694.536303067171,542.673969068566,301.847272798395,744.028918581559,824.505623662509,1437.69173059374,377.130402730727,417.379999309326,1912.77003814761,345.974425506668,1760.13294115641,774.663406213436,39.2602473096944,1386.96591936843,466.193286095221,106.126639175627,1254.35518398986,1341.70688992674,497.059207426751,2323.66723053908,,,,,,,,,,,,,,,,,,,,,,,,
1977-07-31,1352.16118539168,683.286173252263,799.974750319732,814.216184927851,512.582507391205,1153.12212841818,510.173726011855,480.291680882577,442.944859199776,17.0546850086797,480.422344896805,410.940424785969,943.376422013391,1394.91678611195,1590.38744133648,1666.75447711252,981.844169796735,907.965893979504,1166.90203603467,1431.83987602933,161.217240785078,209.992536956505,260.481066396831,163.040060446829,1115.59336249085,833.479789451324,765.976979600475,1538.3776959723,670.491840912416,533.395758038872,314.207461295263,779.061449125339,649.184304879293,1653.7151412889,350.395205280279,482.595516212038,1556.53200630623,383.870981562846,1952.15005738842,1114.94787545783,36.9970861604032,1168.77471141838,542.592867018031,117.002758370001,1433.68932263239,1724.87956682471,540.034468547311,2113.11541187129,,,,,,,,,,,,,,,,,,,,,,,,
1977-08-31,1434.49757681188,703.265769122501,808.680964067379,802.22807324522,521.332693487863,1101.57301214498,533.155749591162,484.857562857971,470.191094836701,16.4082997204663,477.35602095509,412.407157674407,846.433666997561,1369.23244911866,1026.73159400709,1719.28638129922,849.683487210506,847.75893690435,1446.1708666478,1229.33838994491,144.236863480098,189.768025568253,223.985970275429,204.364511319544,1181.28855639966,829.115192986699,983.920676450747,1682.85586645935,812.413431991253,528.596810222353,338.469228963369,723.926111189456,858.46915671497,1435.83769063044,399.328507644013,457.832870978081,2328.70572056161,369.21528620286,1263.69544312321,964.212008590517,53.5557944646637,1328.34866149112,465.804240299139,105.327143622891,1237.30935998381,1558.77236338699,476.801490634985,2061.73718099873,,,,,,,,,,,,,,,,,,,,,,,,
1977-09-30,1540.61872139584,685.400643950862,881.923123630044,787.553828145767,509.920204853345,1142.32897148189,531.707256873611,483.976126229132,497.985553058368,17.236284854108,470.563106698714,399.555690192313,974.471729672009,1402.84244395302,1348.26318548616,1495.8039047996,846.71090776382,1152.31367506218,1706.32259092174,1348.42468980289,213.996742798329,237.535386220661,236.669336721328,161.783187827555,1074.11773266496,934.783291538417,827.126113815839,1591.17324611997,719.4184355787,528.122633669482,282.333128895552,733.433341062846,844.917498954272,1311.63923145356,414.536660448858,467.627706038834,2098.27036995141,303.087775567407,2143.57899642355,985.917555020638,49.2515277810723,1138.07498778827,418.243304316178,124.843191987116,1437.00499136701,1691.7892538414,590.967124645639,2205.61352970078,,,,,,,,,,,,,,,,,,,,,,,,
1977-10-31,1529.90069057903,700.545437985653,853.399234252272,757.111875816988,510.727761660963,1112.47642600449,488.888163958721,495.975574834938,524.955791116314,15.7788591596237,478.521865047732,432.408655655438,993.818794096388,1566.41570007331,1241.56303533507,1592.20902228944,916.023480735858,944.653728145668,1513.6520313868,1471.77368538767,205.461782732778,183.772241034671,276.739482630617,137.854215437343,1075.21619506565,836.174241049883,1048.98944640917,1398.69080897994,675.720316031542,593.841249762431,344.504133355729,707.78221561221,677.411670118225,1632.50130147915,413.269018505029,442.820094177314,1910.55332907053,323.853915278702,1528.53246275303,798.871261110127,44.7309372253975,1126.74088407376,417.345720549866,139.913832177892,1511.21055940141,1568.12137054382,448.36946786409,2086.19898096832,,,,,,,,,,,,,,,,,,,,,,,,
1977-11-30,1520.13560167111,703.08860241199,844.709384167901,776.9127069121,510.971839925702,1080.80332565149,508.697042541032,494.268456015348,485.879218778566,16.0949237298799,476.912469539303,437.636507396524,944.110536872855,1396.94581482114,1261.02293144657,1702.84450397263,774.84060637011,1009.04953547341,1481.39760779896,1459.7408707236,132.984811697143,224.391633663339,237.845522346537,143.268875789304,986.797408968167,841.789096922141,1014.75561419504,1758.01725972113,717.177079610048,520.464183687512,317.943129283414,769.918129119127,708.014378774996,1392.88769971602,362.859643702751,488.517972059011,2190.00272826689,294.37377500631,1511.90088905397,711.304837655079,40.0748825392542,1342.71180748391,488.978254325775,126.162872568719,1480.758288822,1348.55464942056,562.568169016697,1663.0919856767,,,,,,,,,,,,,,,,,,,,,,,,
1977-12-31,1537.21195856669,713.820002977995,937.025142725539,760.167596276112,513.994237125051,1076.78299740231,533.494835081323,493.565099355256,466.905407725349,16.4095959221846,485.203703780136,442.335881652609,913.412686892214,1424.95922091183,1592.45227588662,1618.61315043769,797.672268481155,1121.54683400866,1576.83597026718,1524.7463169899,203.268635468019,204.102412254067,271.388891196042,145.880443895283,1109.72443839974,852.063729569734,957.72296680262,1249.20271930568,815.145366112488,499.455806049119,313.353101750942,775.394425466534,699.798247698102,1415.23727718608,413.510421877496,446.203385119491,2221.22210720087,358.132722183933,1698.27061238116,1015.59643377697,46.5748167817283,1159.66835417282,441.008939016506,136.343806959541,1303.92859778299,1303.56201683948,501.621641292119,2385.97782543042,,,,,,,,,,,,,,,,,,,,,,,,
1978-01-31,1554.21333358302,694.670839707087,824.482803860759,813.976393893152,524.246594444702,1037.16345518989,537.068330467269,482.964182244515,475.271326110748,15.8618315939922,487.57567279558,420.49937437629,1068.04585976902,1322.78093479119,1041.62399973011,1868.61461728569,913.799113216819,776.769450550546,1235.18428870881,1594.3779422086,220.613126028085,178.103453188336,235.716169050419,177.882417764586,1205.57527570582,842.319677132948,920.579114448499,1455.7398262547,724.02879490874,567.324218376805,312.724234281761,762.226443288668,735.962413421651,1414.95605173997,417.16666524725,471.09874692416,1849.77706086081,338.745680686661,1301.224482372,1025.73819456515,48.3452146900159,1083.07029532234,463.347614138123,129.321201230831,1254.2443718808,1671.5732148636,550.282188024922,2039.45978348324,,,,,,,,,,,,,,,,,,,,,,,,
1978-02-28,1562.26051934629,700.604070453978,809.905695530557,855.703269028566,525.115963070017,1052.7259457051,516.450875338828,488.44762763328,515.104112901206,15.1841477732128,498.589546135063,430.564688694262,932.486582438517,1266.76683387755,1304.27345083221,1593.33474235211,767.562028354665,980.786304623051,1455.6217978175,1364.28181531397,206.59205109864,201.630302761859,305.031107747536,176.441690042969,1063.46913253136,850.779052397401,878.059697091401,1549.40896924756,748.570954583666,583.700840287262,287.974465289057,771.364035911896,748.744295155356,1530.51549072714,414.100936364533,462.644398675254,1848.88416980096,387.458594424743,1815.81541692808,826.197311342226,40.4446336784843,1055.46607881817,464.794045364222,133.811963334562,1882.94650575837,1234.08243377064,493.749897706679,1646.28187587615,,,,,,,,,,,,,,,,,,,,,,,,
1978-03-31,1562.59924164802,708.921392651378,820.205800197107,881.624556037252,531.063461529177,1106.91396573175,510.59291712424,485.291906386415,482.935562456564,15.8630961508572,491.798305202559,434.544413002111,849.296548193794,1305.70186616186,1492.56731031637,1396.88370888516,760.784388877595,837.81418305532,1571.06658691517,1337.47949951318,127.393450132873,189.136355493746,292.818671451036,169.869012412218,1165.6840611599,856.922495179191,921.087061864862,1592.01631330121,797.722450881162,578.087809278755,359.242432334482,735.634414326897,766.723451468241,1487.38166348125,424.962061720913,491.512787299502,1600.496725401,350.449305755572,1975.78226924505,1023.29599202892,43.1997600431275,1288.60256335851,414.517824457287,133.004833613808,1445.26942404446,1417.89274904007,489.949639193626,2288.27623472622,,,,,,,,,,,,,,,,,,,,,,,,
1978-04-30,1655.36384538449,721.355277104561,786.384157442435,852.173314034895,537.049600000795,978.056316769168,541.198080081946,486.921555182969,467.518106502006,15.4263375331512,488.056040715271,422.483594415498,1042.82548904926,1349.05053157136,1504.38115294448,1503.24747915591,868.371522151347,1106.53057929625,1240.49131869059,1292.66505556353,204.825701630512,166.100670748469,301.321071283936,171.658809517062,1132.1436786251,864.448625056394,905.453742220637,1624.25911006113,687.731041966733,553.10641150113,306.973424527202,702.059192099214,750.831347620956,1295.88353118731,427.619172936429,469.439220209718,1725.83342200841,366.456208575426,1597.19145960601,990.334953145328,50.4524152161167,809.830492785316,435.011555103002,115.261633853079,1412.9288820804,1535.16931099118,591.617136796047,2425.88014846402,,,,,,,,,,,,,,,,,,,,,,,,
1978-05-31,1522.98878747559,691.860172568945,831.653970534825,859.787235783325,518.477909177238,1007.65678434885,522.885261361415,486.601739034413,498.661045791919,14.0454393486848,495.339195412309,451.643439660391,1133.50420383194,1468.77962841665,1518.06360313993,1712.41277754059,754.631037304125,1040.82686925123,1476.21838361571,1560.13434661565,228.232729979436,200.492874365444,270.452970268449,192.030038155814,1090.44034212261,985.813010432262,991.433092182383,1545.64310059682,707.884260979634,517.246088604114,347.243018751089,652.187241243417,842.91069574106,1242.62717650411,403.145885429727,521.213114992138,1616.49338069425,414.786736933596,1893.21955004718,1044.63561186555,39.651308702632,1365.48476490121,427.465383535971,115.942106075715,1967.46780429792,1132.95659336442,639.172027730026,2160.67090577188,,,,,,,,,,,,,,,,,,,,,,,,
1978-06-30,1626.02824335177,716.567722861925,821.638892207257,886.969226747947,533.704537253475,979.9995857484,522.326903759718,491.82135965404,518.610576092735,15.2554303475606,504.977967432168,431.568275785273,1031.45601261195,1548.7893817634,1569.49728229958,1836.33822044168,731.171573992311,934.019978077566,1478.24588730066,1551.56783157872,191.120387681453,226.030962281879,302.942786123884,193.948480258351,1195.43151003467,880.448490573166,1089.89401273247,1587.9976375864,729.123494575803,539.250713510509,336.752172109673,754.739801384043,526.689982495736,1263.81053461424,356.222790858996,539.748215724487,2156.93849598123,363.960482788137,1563.19042121994,833.391027972804,38.2410333222166,1366.56211635944,514.328757308141,102.081529652896,1259.53548664538,1264.82499273658,499.293142959889,2353.98696822187,,,,,,,,,,,,,,,,,,,,,,,,
1978-07-31,1524.9635718672,725.964129465971,806.679813883476,844.393600845388,505.416178506198,1028.99423172076,531.189174561396,498.624403821317,494.660712089724,13.942683902723,482.448344559654,459.776954689389,939.168612031941,1436.64105640141,1486.0558299354,1857.11800674676,980.57187029609,788.585529897389,1213.10348029565,1374.96524034201,168.003888956605,173.94288185218,267.714318167638,174.904576122118,1092.35911024346,904.037035284758,951.998538825177,1642.24374571415,727.985216253971,546.664357173655,358.379628149304,699.403121865688,789.728485662141,1312.71337199105,404.601431062955,455.905762593105,1611.84901771903,396.928882318687,1806.84148549625,1085.11099644627,37.8756617372169,1066.43740144063,509.886964375963,111.550061683892,1253.52936148989,1446.60168923125,556.737326377988,2346.90023177453,,,,,,,,,,,,,,,,,,,,,,,,
1978-08-31,1611.94304453833,700.485849597155,776.258484418997,859.741008753487,529.78074396133,937.895420890655,517.920898815742,498.757073472517,488.711018991867,13.8990485963096,499.01523627987,431.376593610742,923.019548408131,1478.67631114497,1006.11861361009,1946.84697149729,854.582242603492,749.45687286276,1455.27267156627,1246.98038041771,126.875896039845,154.899486335451,237.734661439968,212.661349992391,1077.68366200663,837.90825742235,923.83191338723,1804.05060809178,793.940535244275,587.54376979205,310.830909877943,780.54199283037,690.776160912517,1268.74316701074,431.509520151862,447.122528256916,2230.26079908401,394.637999338835,1475.16264685618,943.471777627347,54.1050113441095,1199.80718380639,429.299484320503,111.380604625229,1323.97689178036,1444.21046924071,486.481371671205,2185.42933968108,,,,,,,,,,,,,,,,,,,,,,,,
1978-09-30,1600.2298640262,733.510556524376,800.773122233612,894.169290391567,529.286141236733,952.296500764993,522.211347673503,488.424014204892,467.661479688761,13.423540080321,508.56690720082,453.148017063382,948.117036173635,1429.3654953223,1256.99309205473,1614.02704858509,874.511088754149,1002.58441944676,1701.19057640122,1367.53001298256,204.17211326001,214.278025108588,242.235155703802,175.204742749417,1199.21713473813,792.952669063213,932.585804727516,2083.84257857725,800.18997057043,465.64706160837,331.063440403743,748.224244706505,875.740218748456,1103.12086846415,431.135802446265,498.484498189983,2067.4304345139,321.145820776675,2015.1663909645,1100.15225635391,48.8681638827812,899.449261338877,416.797482762915,129.763483624045,1522.5457344373,1420.019881599,583.708679611594,2333.87875079855,,,,,,,,,,,,,,,,,,,,,,,,
1978-10-31,1665.00092848864,724.657712866501,793.991049323101,931.148912310305,532.815942761172,952.349756312018,526.915694165033,485.131203943698,481.565810138603,14.3937726780171,498.950879215378,437.564516773673,1099.73668588093,1598.89855660791,1226.42359424455,1778.43795814575,961.286724079922,787.074919093018,1555.49816849939,1416.04809468459,202.241680294957,147.510401259357,274.315521189029,149.42971349065,1169.0670117345,927.050777040498,955.647415828176,1991.41424855995,777.236512741097,535.888736801252,353.500890704202,677.204158430372,697.810824129601,1027.19173524023,416.303840564301,493.350493718692,2259.96396061024,328.478173794397,1296.33123659749,1093.70222591913,52.5236101559394,931.77722785451,446.572870401067,133.661436484994,1111.19505182506,1513.18098885199,475.554065829469,2107.76671795157,,,,,,,,,,,,,,,,,,,,,,,,
1978-11-30,1554.96685838367,729.666164032264,737.549365120771,901.802749067139,527.535572541004,875.623716725215,528.601250096916,478.585340264675,491.495557832183,13.2234934814432,499.127044584418,438.237004763969,926.520893735661,1467.4412213477,1178.19016740057,1854.0470553846,783.862756142491,927.022246756028,1559.38329425897,1515.493246079,122.838532775686,189.881666231803,240.222476983684,157.449817330519,1194.57846975501,817.940400898614,1091.80087734097,1976.5186075129,738.19420154292,476.627116325773,302.579847523098,746.724304743105,633.871321035099,1199.41478898715,402.663161633493,470.189039886117,2129.84931761029,334.067774626185,1309.04197365856,975.540882677169,40.098244888618,1319.96268372458,467.593974825345,131.082933254089,1686.39468753369,1222.82816681714,578.357599251719,1917.23412814508,,,,,,,,,,,,,,,,,,,,,,,,
1978-12-31,1592.16733774914,738.639880453748,758.503815955659,982.955779957335,522.813343990519,902.942337245137,540.935249779657,494.243794775909,454.426039542253,12.3294838407162,509.907443844945,478.430513096432,927.703238394649,1450.13432013247,1422.94380640754,1977.22964256082,813.110452474369,949.578001064063,1590.73040268845,1545.88913163076,209.673296604465,172.909993334785,272.541150850628,151.379443020833,1135.90897363168,919.90771000471,848.773402750606,1973.05804673792,807.941367651559,522.921219420592,323.44882021116,736.163889005909,701.472124803419,1161.71347817049,399.785836078716,520.533659990106,2160.85335334657,377.038281004505,1902.38704612589,1107.42611883846,49.7176904881725,1042.01394319541,457.147964403678,128.779050551821,1399.45748185571,1365.64810647969,525.263820262204,2497.30449215294,,,,,,,,,,,,,,,,,,,,,,,,
1979-01-31,1657.01533755845,751.451821275802,797.125064409208,938.088772905238,560.332972383297,864.334294180148,524.755409594344,495.934748589171,454.254347370217,14.0618038875598,498.34002010549,464.092706310858,1111.34774405674,1363.36755482205,1019.25990636822,2170.0275379901,985.767857238189,729.446750490944,1201.19741135436,1564.94849008366,212.620920083673,153.33814205935,242.744223839012,191.735390580177,1152.41185201891,918.665659335735,925.412609266723,1504.79916470223,735.945508392236,460.792738501881,320.949807678873,702.895994737465,927.421603155786,949.711922729093,402.11252216829,562.029889709034,2111.35151439129,328.963038868539,1148.53109743496,901.439593823061,54.5242910030527,762.550846162161,521.920049002363,126.637512544072,1258.36851280935,1580.84875709871,582.779314398884,1943.16537682235,,,,,,,,,,,,,,,,,,,,,,,,
1979-02-28,1624.53728670476,712.241651465191,790.584188235441,984.02289901027,564.249381515562,864.382654715673,543.714906812713,503.592807161036,478.437997991263,12.4135835030136,506.090471660685,450.753826645283,1004.80306367123,1340.3925036913,1171.62466048602,1737.35966786343,805.842940957284,903.186562298002,1450.15308224282,1309.25841105278,196.94326406142,169.677251938898,302.866298770434,185.9843676653,1280.92807520033,887.127955272401,887.459178300593,1912.18978976678,722.226074688231,348.807389833868,328.788584861394,729.166105936083,699.062344379724,1310.0227457161,430.146821927942,497.73237910318,2286.37230767868,398.971978148659,2009.66616753804,977.784640938451,42.167262595975,714.999242471202,459.506820082198,124.336443127269,1979.95433818499,831.837161461265,524.978818710309,1873.29415835058,,,,,,,,,,,,,,,,,,,,,,,,
1979-03-31,1585.22298747525,720.558589004206,792.898045667305,1019.85091331609,577.076350766406,809.711356797126,531.178173212911,488.403229657511,485.612746193918,12.8381805073623,506.627082470908,459.317109528381,896.840011090877,1348.89605063116,1362.0164849269,1595.03562422211,823.114013543196,753.706163093971,1562.45977446483,1371.19347071013,132.24962523264,166.564343664503,311.850696782514,187.748329947038,1122.84970745207,929.108669258057,971.992886217214,1800.9699840486,794.283288220633,494.872296480076,333.690338148358,728.37057424574,747.329919738938,1132.50412338481,409.976412294228,466.148670405806,1635.20537734613,363.543946601697,1788.11218575138,1195.44736499848,46.8681255906611,1113.96248377925,420.656845676278,123.608839652136,1383.39261074218,1111.36001536846,570.808601715847,1962.18105187865,,,,,,,,,,,,,,,,,,,,,,,,
1979-04-30,1674.19528411022,743.722838345065,732.690150654734,993.553966692742,566.641173475106,804.511999027622,527.644860754396,491.530925775418,474.54216687642,12.2857926246884,512.916782922606,476.920179277514,1111.40429052667,1417.20935165546,1387.53274791391,1777.8073406114,904.952305256827,1028.91373502098,1332.10199058589,1292.94306125543,202.105430405257,138.589832347397,310.999806605555,189.884569156572,1244.0912831575,839.712448927635,1099.07644021716,1996.59837468185,904.324239750657,377.104771500778,344.895560654239,808.626856675578,618.21425493617,1215.19863506716,368.103316806291,485.632143540363,1899.05327157217,355.465936573382,1837.29251988679,1097.36920827246,52.5950909827677,622.122514510993,506.006684924915,120.49246770021,1136.73394232406,1304.60907433389,611.212473991517,2316.80507588928,,,,,,,,,,,,,,,,,,,,,,,,
1979-05-31,1674.95508584042,726.890761646309,773.346272119206,1000.5444949087,604.329117673134,789.644974360977,532.377585400227,480.096799105401,445.625632265789,12.842877559401,521.224425145917,489.321539248606,1170.4479068001,1505.47254167608,1457.16925936333,1937.9514079887,864.667575948572,860.454648432446,1543.30526935158,1549.52571306217,210.383446700332,165.479998756187,282.456302843254,210.464376213193,1092.21804243753,862.281758236811,819.085037332018,1871.08639573295,825.346739901974,385.637265568502,346.300988892054,767.333050955778,785.170636239128,885.698398070921,426.378205333477,478.379591656692,1676.05774357719,442.628101618064,1692.06568762872,975.83203191439,43.1865111321993,982.228130561428,402.719324919173,112.711760443009,1836.42082515134,1146.29538876876,588.53031913461,2340.51004940984,,,,,,,,,,,,,,,,,,,,,,,,
1979-06-30,1695.7598431891,739.548509708799,782.951732372321,981.01469384878,580.958678835046,857.317467298379,546.417973397061,489.003211606931,435.525001207803,11.3780714628112,515.568972967504,476.995460509807,1120.77407119442,1642.86020266797,1548.29099273434,2003.80062004359,872.947777864078,728.266941674164,1482.67208416637,1519.08413652948,197.781330608163,196.12410038596,305.420334684527,200.517416295885,1114.32690303632,837.823506779843,821.807756309235,1981.56286975516,843.880580540585,491.332595006976,335.634884744324,714.601642483927,659.445990270807,1044.11490828773,431.603771408008,489.749316778256,2200.50016164731,379.985084550619,1280.23922474183,1064.70050961995,42.5414489395821,1005.74168336809,466.166377432808,111.486115755277,1289.33974208927,761.169956095982,515.624445845478,2745.24892572622,,,,,,,,,,,,,,,,,,,,,,,,
1979-07-31,1655.82305328611,744.333120124364,749.658717852509,989.564611908729,637.38861774863,740.223136939962,546.71589577253,487.323240688638,429.709252258763,11.9199378068728,524.452456695383,497.080485915031,966.495279536957,1462.5502523972,1409.40468583681,2067.11561681918,1127.54616595622,640.081294556795,1266.6434451698,1410.48632035503,160.875031389412,150.887369822938,265.472715648349,189.205398858702,1099.47404666007,944.391306838838,906.151128677284,2051.748789572,868.946970920759,442.685884140167,318.806673482993,701.63891465599,648.540565703096,982.686130135381,379.19177805214,471.123641630745,1660.51553734124,428.487564338433,1569.74404429003,1324.85364916431,49.7880801708392,971.777012760006,554.759651620603,110.940303563965,1574.13766613992,1176.77536377328,617.340346056822,2690.19809988306,,,,,,,,,,,,,,,,,,,,,,,,
1979-08-31,1672.32714115659,740.74038317062,784.576004126839,1044.51118533178,635.713882464686,751.408809256388,543.172751015577,487.918059605873,494.972474100144,11.908652804544,526.233386993994,482.57791329174,946.09143072989,1524.43338985246,960.2369354642,2162.98284654288,1008.49178379116,532.311628623866,1504.00869411821,1266.92433197392,119.453148478203,121.869366706815,240.431724107846,224.302713157713,1214.85873648996,969.776854974867,854.788982832161,1708.78297065202,969.808819091538,486.995008942781,376.296783246513,735.763117744603,684.873725380788,962.362496324552,433.310160983938,508.11257670821,2447.94229935224,398.014771720927,1169.16770594514,1076.91356280655,61.5781543314965,1066.45094686795,495.661044558349,109.428652511293,1458.11776399058,1100.52099640585,579.518638001107,2316.23118314168,,,,,,,,,,,,,,,,,,,,,,,,
1979-09-30,1650.60573475188,752.16117655876,786.650820793121,1095.8740660793,634.583760115692,697.628425300441,529.25083488547,486.277895002043,454.845206328353,12.282388380786,521.73929868213,484.321849316617,996.457678667614,1463.86821766188,1142.95676508365,1921.38166638282,1068.45639666551,838.046262377741,1743.71396026078,1342.36686264443,197.967212206509,180.733779017145,246.953723708772,179.812671181491,1093.21087688564,863.979150483818,865.930665818678,1805.71436607431,930.708394960738,396.292954810786,323.859838884003,818.75845292371,696.564466373228,1118.20948388063,442.550213772219,550.14564596881,2128.68619494153,359.717704746518,1749.4284784537,1328.48904364725,56.2166008238353,782.257045602175,436.377790293264,118.729084001143,1833.172403121,1142.98107013336,617.793931026182,2442.93763982152,,,,,,,,,,,,,,,,,,,,,,,,
1979-10-31,1738.65621380536,756.418571138069,672.321332881325,1117.32256405863,691.642323126561,698.795026917988,539.874418111035,503.359974688928,464.838128496136,10.33673487138,518.924600155115,480.948438225239,1103.83570130899,1652.77495069477,1046.53190785345,2011.73736995948,1143.92696741348,636.558422007524,1566.94191075067,1414.98383336632,202.423474160008,132.789685318657,285.486387529384,165.691113566322,1103.67878372513,867.033243005415,795.784922221036,2098.15567261153,974.205512350232,332.553595642094,334.710856106895,729.289410563439,647.004689611559,1004.22482576149,391.258062791258,493.352047886706,2489.22803171154,331.859357506748,899.239461089019,1193.23794254473,57.2704479928577,665.039803383555,424.054311550795,130.241600781024,975.846444524012,1284.13236961007,575.633241358655,2140.73948517336,,,,,,,,,,,,,,,,,,,,,,,,
1979-11-30,1710.37802985431,758.655438829913,637.252307827584,1106.10862716334,710.045034926478,699.280252829299,510.048829415891,488.06019893169,443.615260570313,11.3434712673445,527.687657199203,486.827288551955,1002.2757720737,1513.48316981779,1070.61612416556,2034.3790557372,1049.10895336307,691.585941014933,1564.53432173318,1522.00945620463,119.157628645189,155.056399339362,245.580911583014,168.761807117614,1313.06853798893,876.864294123011,962.763392681409,2156.21499690648,1049.00206140271,401.408750211837,365.247905879407,724.570714177389,686.860072641824,1013.92706003519,393.517155610323,588.507176532456,2063.46032408528,399.291751101907,1162.08312949813,1090.03152613107,53.7515222128224,984.490551130169,478.585217011294,123.330518603164,1517.081102165,941.286368152688,579.229000422929,1723.72781618529,,,,,,,,,,,,,,,,,,,,,,,,
1979-12-31,1683.41802153606,768.512030723515,725.853344965946,1066.77072786787,739.101974302423,668.441077042371,532.071196591327,494.047705208549,444.54938791518,10.5167788008578,525.53699542082,475.309684916699,996.232198972369,1494.20703906395,1242.4246085945,2211.36565759919,1131.66296498634,686.162930074645,1597.99735994402,1571.69426152846,199.026114617906,149.095389838245,287.393933036705,167.07120102634,1383.13860871307,983.269709271263,678.029426136054,2014.04851306864,979.780285576697,345.257462781454,332.994430384565,761.321491001964,723.437058265424,836.309364761692,428.481794580876,544.917390906844,2386.01734466966,390.987397412095,1986.88847086779,1294.29866915884,61.9228929748719,713.858696362826,410.751178748805,122.451932879504,935.064952392131,1014.41786536071,533.164874903728,2579.38541868214,,,,,,,,,,,,,,,,,,,,,,,,
