timestamp,T000000,T000001,T000002,T000003,T000004,T000005,T000006,T000007,T000008,T000009,T000010,T000011,T000012,T000013,T000014,T000015,T000016,T000017,T000018,T000019,T000020,T000021,T000022,T000023,T000024,T000025,T000026,T000027,T000028,T000029,T000030,T000031,T000032,T000033,T000034,T000035,T000036,T000037,T000038,T000039,T000040,T000041,T000042,T000043,T000044,T000045,T000046,T000047,T000048,T000049,T000050,T000051,T000052,T000053,T000054,T000055,T000056,T000057,T000058,T000059,T000060,T000061,T000062,T000063,T000064,T000065,T000066,T000067,T000068,T000069,T000070,T000071,T000072,T000073,T000074,T000075,T000076,T000077,T000078,T000079,T000080,T000081,T000082,T000083,T000084,T000085,T000086,T000087,T000088,T000089,T000090,T000091,T000092,T000093,T000094,T000095,T000096,T000097,T000098,T000099,T000100,T000101,T000102,T000103,T000104,T000105,T000106,T000107,T000108,T000109,T000110,T000111,T000112,T000113,T000114,T000115,T000116,T000117,T000118,T000119,T000120,T000121,T000122,T000123,T000124,T000125,T000126,T000127,T000128,T000129,T000130,T000131,T000132,T000133,T000134,T000135,T000136,T000137,T000138,T000139,T000140,T000141,T000142,T000143,T000144,T000145,T000146,T000147,T000148,T000149,T000150,T000151,T000152,T000153,T000154,T000155,T000156,T000157,T000158,T000159,T000160,T000161,T000162,T000163,T000164,T000165,T000166,T000167,T000168,T000169,T000170,T000171,T000172,T000173,T000174,T000175,T000176,T000177,T000178,T000179,T000180,T000181,T000182,T000183,T000184,T000185,T000186,T000187,T000188,T000189,T000190,T000191,T000192,T000193,T000194,T000195,T000196,T000197,T000198,T000199,T000200,T000201,T000202,T000203,T000204,T000205,T000206,T000207,T000208,T000209,T000210,T000211,T000212,T000213,T000214,T000215,T000216,T000217,T000218,T000219,T000220,T000221,T000222,T000223,T000224,T000225,T000226,T000227,T000228,T000229,T000230,T000231,T000232,T000233,T000234,T000235,T000236,T000237,T000238,T000239,T000240,T000241,T000242,T000243,T000244,T000245,T000246,T000247,T000248,T000249,T000250,T000251,T000252,T000253,T000254,T000255,T000256,T000257,T000258,T000259,T000260,T000261,T000262,T000263,T000264,T000265,T000266,T000267,T000268,T000269,T000270,T000271,T000272,T000273,T000274,T000275,T000276,T000277,T000278,T000279,T000280,T000281,T000282,T000283,T000284,T000285,T000286,T000287,T000288,T000289,T000290,T000291,T000292,T000293,T000294,T000295,T000296,T000297,T000298,T000299,T000300,T000301,T000302,T000303,T000304,T000305,T000306,T000307,T000308,T000309,T000310,T000311,T000312,T000313,T000314,T000315,T000316,T000317,T000318,T000319,T000320,T000321,T000322,T000323,T000324,T000325,T000326,T000327,T000328,T000329,T000330,T000331,T000332,T000333,T000334,T000335,T000336,T000337,T000338,T000339,T000340,T000341,T000342,T000343,T000344,T000345,T000346,T000347,T000348,T000349,T000350,T000351,T000352,T000353,T000354,T000355,T000356,T000357,T000358,T000359,T000360,T000361,T000362,T000363,T000364,T000365
1979-01-31,1149.87,65072.37,,,,,,,,,,,,,,,,,,,,,,,,,,,,,,,,,,,,,,,,,,,,,,,,,,,,,,,,,,,,,,,,,,,,,,,,,,,,,,,,,,,,,,,,,,,,,,,,,,,,,,,,,,,,,,,,,,,,,,,,,,,,,,,,,,,,,,,,,,,,,,,,,,,,,,,,,,,,,,,,,,,,,,,,,,,,,,,,,,,,,,,,,,,,,,,,,,,,,,,,,,,,,,,,,,,,,,,,,,,,,,,,,,,,,,,,,,,,,,,,,,,,,,,,,,,,,,,,,,,,,,,,,,,,,,,,,,,,,,,,,,,,,,,,,,,,,,,,,,,,,,,,,,,,,,,,,,,,,,,,,,,,,,,,,,,,,,,,,,,,,,,,,,,,,,,,,,,,,,,,,,,,
1979-02-28,1053.8002,48612.2,,,,,,,,,,,,,,,,,,,,,,,,,,,,,,,,,,,,,,,,,,,,,,,,,,,,,,,,,,,,,,,,,,,,,,,,,,,,,,,,,,,,,,,,,,,,,,,,,,,,,,,,,,,,,,,,,,,,,,,,,,,,,,,,,,,,,,,,,,,,,,,,,,,,,,,,,,,,,,,,,,,,,,,,,,,,,,,,,,,,,,,,,,,,,,,,,,,,,,,,,,,,,,,,,,,,,,,,,,,,,,,,,,,,,,,,,,,,,,,,,,,,,,,,,,,,,,,,,,,,,,,,,,,,,,,,,,,,,,,,,,,,,,,,,,,,,,,,,,,,,,,,,,,,,,,,,,,,,,,,,,,,,,,,,,,,,,,,,,,,,,,,,,,,,,,,,,,,,,,,,,,,
1979-03-31,1388.8798,58452.59,,,,,,,,,,,,,,,,,,,,,,,,,,,,,,,,,,,,,,,,,,,,,,,,,,,,,,,,,,,,,,,,,,,,,,,,,,,,,,,,,,,,,,,,,,,,,,,,,,,,,,,,,,,,,,,,,,,,,,,,,,,,,,,,,,,,,,,,,,,,,,,,,,,,,,,,,,,,,,,,,,,,,,,,,,,,,,,,,,,,,,,,,,,,,,,,,,,,,,,,,,,,,,,,,,,,,,,,,,,,,,,,,,,,,,,,,,,,,,,,,,,,,,,,,,,,,,,,,,,,,,,,,,,,,,,,,,,,,,,,,,,,,,,,,,,,,,,,,,,,,,,,,,,,,,,,,,,,,,,,,,,,,,,,,,,,,,,,,,,,,,,,,,,,,,,,,,,,,,,,,,,,
1979-04-30,1783.3702,57033.97,,,,,,,,,,,,,,,,,,,,,,,,,,,,,,,,,,,,,,,,,,,,,,,,,,,,,,,,,,,,,,,,,,,,,,,,,,,,,,,,,,,,,,,,,,,,,,,,,,,,,,,,,,,,,,,,,,,,,,,,,,,,,,,,,,,,,,,,,,,,,,,,,,,,,,,,,,,,,,,,,,,,,,,,,,,,,,,,,,,,,,,,,,,,,,,,,,,,,,,,,,,,,,,,,,,,,,,,,,,,,,,,,,,,,,,,,,,,,,,,,,,,,,,,,,,,,,,,,,,,,,,,,,,,,,,,,,,,,,,,,,,,,,,,,,,,,,,,,,,,,,,,,,,,,,,,,,,,,,,,,,,,,,,,,,,,,,,,,,,,,,,,,,,,,,,,,,,,,,,,,,,,
1979-05-31,1921.0252,71498.95,,,,,,,,,,,,,,,,,,,,,,,,,,,,,,,,,,,,,,,,,,,,,,,,,,,,,,,,,,,,,,,,,,,,,,,,,,,,,,,,,,,,,,,,,,,,,,,,,,,,,,,,,,,,,,,,,,,,,,,,,,,,,,,,,,,,,,,,,,,,,,,,,,,,,,,,,,,,,,,,,,,,,,,,,,,,,,,,,,,,,,,,,,,,,,,,,,,,,,,,,,,,,,,,,,,,,,,,,,,,,,,,,,,,,,,,,,,,,,,,,,,,,,,,,,,,,,,,,,,,,,,,,,,,,,,,,,,,,,,,,,,,,,,,,,,,,,,,,,,,,,,,,,,,,,,,,,,,,,,,,,,,,,,,,,,,,,,,,,,,,,,,,,,,,,,,,,,,,,,,,,,,
1979-06-30,2704.9449,79187.11,,,,,,,,,,,,,,,,,,,,,,,,,,,,,,,,,,,,,,,,,,,,,,,,,,,,,,,,,,,,,,,,,,,,,,,,,,,,,,,,,,,,,,,,,,,,,,,,,,,,,,,,,,,,,,,,,,,,,,,,,,,,,,,,,,,,,,,,,,,,,,,,,,,,,,,,,,,,,,,,,,,,,,,,,,,,,,,,,,,,,,,,,,,,,,,,,,,,,,,,,,,,,,,,,,,,,,,,,,,,,,,,,,,,,,,,,,,,,,,,,,,,,,,,,,,,,,,,,,,,,,,,,,,,,,,,,,,,,,,,,,,,,,,,,,,,,,,,,,,,,,,,,,,,,,,,,,,,,,,,,,,,,,,,,,,,,,,,,,,,,,,,,,,,,,,,,,,,,,,,,,,,
1979-07-31,4184.4135,101896.1,,,,,,,,,,,,,,,,,,,,,,,,,,,,,,,,,,,,,,,,,,,,,,,,,,,,,,,,,,,,,,,,,,,,,,,,,,,,,,,,,,,,,,,,,,,,,,,,,,,,,,,,,,,,,,,,,,,,,,,,,,,,,,,,,,,,,,,,,,,,,,,,,,,,,,,,,,,,,,,,,,,,,,,,,,,,,,,,,,,,,,,,,,,,,,,,,,,,,,,,,,,,,,,,,,,,,,,,,,,,,,,,,,,,,,,,,,,,,,,,,,,,,,,,,,,,,,,,,,,,,,,,,,,,,,,,,,,,,,,,,,,,,,,,,,,,,,,,,,,,,,,,,,,,,,,,,,,,,,,,,,,,,,,,,,,,,,,,,,,,,,,,,,,,,,,,,,,,,,,,,,,,
1979-08-31,4148.3542,115971.8,,,,,,,,,,,,,,,,,,,,,,,,,,,,,,,,,,,,,,,,,,,,,,,,,,,,,,,,,,,,,,,,,,,,,,,,,,,,,,,,,,,,,,,,,,,,,,,,,,,,,,,,,,,,,,,,,,,,,,,,,,,,,,,,,,,,,,,,,,,,,,,,,,,,,,,,,,,,,,,,,,,,,,,,,,,,,,,,,,,,,,,,,,,,,,,,,,,,,,,,,,,,,,,,,,,,,,,,,,,,,,,,,,,,,,,,,,,,,,,,,,,,,,,,,,,,,,,,,,,,,,,,,,,,,,,,,,,,,,,,,,,,,,,,,,,,,,,,,,,,,,,,,,,,,,,,,,,,,,,,,,,,,,,,,,,,,,,,,,,,,,,,,,,,,,,,,,,,,,,,,,,,
1979-09-30,2620.7251,94962.15,,,,,,,,,,,,,,,,,,,,,,,,,,,,,,,,,,,,,,,,,,,,,,,,,,,,,,,,,,,,,,,,,,,,,,,,,,,,,,,,,,,,,,,,,,,,,,,,,,,,,,,,,,,,,,,,,,,,,,,,,,,,,,,,,,,,,,,,,,,,,,,,,,,,,,,,,,,,,,,,,,,,,,,,,,,,,,,,,,,,,,,,,,,,,,,,,,,,,,,,,,,,,,,,,,,,,,,,,,,,,,,,,,,,,,,,,,,,,,,,,,,,,,,,,,,,,,,,,,,,,,,,,,,,,,,,,,,,,,,,,,,,,,,,,,,,,,,,,,,,,,,,,,,,,,,,,,,,,,,,,,,,,,,,,,,,,,,,,,,,,,,,,,,,,,,,,,,,,,,,,,,,
1979-10-31,1650.3001,80648.33,,,,,,,,,,,,,,,,,,,,,,,,,,,,,,,,,,,,,,,,,,,,,,,,,,,,,,,,,,,,,,,,,,,,,,,,,,,,,,,,,,,,,,,,,,,,,,,,,,,,,,,,,,,,,,,,,,,,,,,,,,,,,,,,,,,,,,,,,,,,,,,,,,,,,,,,,,,,,,,,,,,,,,,,,,,,,,,,,,,,,,,,,,,,,,,,,,,,,,,,,,,,,,,,,,,,,,,,,,,,,,,,,,,,,,,,,,,,,,,,,,,,,,,,,,,,,,,,,,,,,,,,,,,,,,,,,,,,,,,,,,,,,,,,,,,,,,,,,,,,,,,,,,,,,,,,,,,,,,,,,,,,,,,,,,,,,,,,,,,,,,,,,,,,,,,,,,,,,,,,,,,,
1979-11-30,1115.9201,64196.08,,,,,,,,,,,,,,,,,,,,,,,,,,,,,,,,,,,,,,,,,,,,,,,,,,,,,,,,,,,,,,,,,,,,,,,,,,,,,,,,,,,,,,,,,,,,,,,,,,,,,,,,,,,,,,,,,,,,,,,,,,,,,,,,,,,,,,,,,,,,,,,,,,,,,,,,,,,,,,,,,,,,,,,,,,,,,,,,,,,,,,,,,,,,,,,,,,,,,,,,,,,,,,,,,,,,,,,,,,,,,,,,,,,,,,,,,,,,,,,,,,,,,,,,,,,,,,,,,,,,,,,,,,,,,,,,,,,,,,,,,,,,,,,,,,,,,,,,,,,,,,,,,,,,,,,,,,,,,,,,,,,,,,,,,,,,,,,,,,,,,,,,,,,,,,,,,,,,,,,,,,,,
1979-12-31,1370.6251,50364.86,,,,,,,,,,,,,,,,,,,,,,,,,,,,,,,,,,,,,,,,,,,,,,,,,,,,,,,,,,,,,,,,,,,,,,,,,,,,,,,,,,,,,,,,,,,,,,,,,,,,,,,,,,,,,,,,,,,,,,,,,,,,,,,,,,,,,,,,,,,,,,,,,,,,,,,,,,,,,,,,,,,,,,,,,,,,,,,,,,,,,,,,,,,,,,,,,,,,,,,,,,,,,,,,,,,,,,,,,,,,,,,,,,,,,,,,,,,,,,,,,,,,,,,,,,,,,,,,,,,,,,,,,,,,,,,,,,,,,,,,,,,,,,,,,,,,,,,,,,,,,,,,,,,,,,,,,,,,,,,,,,,,,,,,,,,,,,,,,,,,,,,,,,,,,,,,,,,,,,,,,,,,
1980-01-31,1096.315,57624.06,,,,,,,,,,,,,,,,,17367.0,4580.0,701.0,734.0,970.0,705.0,68.0,253.0,123.0,56.0,710.0,8288.0,2777.0,9741.0,3130.0,6496.0,9261.0,65960.0,7590.0,2991.0,194.0,289.0,259.0,270.0,12.0,68.0,32.0,24.0,110.0,4039.0,1648.0,2776.0,1560.0,2118.0,3413.0,27393.0,3891.0,84.0,176.0,168.0,312.0,125.0,0.0,28.0,12.0,8.0,142.0,1064.0,523.0,4563.0,831.0,2997.0,2165.0,17089.0,1512.0,702.0,140.0,153.0,80.0,40.0,20.0,48.0,41.0,20.0,129.0,1844.0,287.0,983.0,277.0,460.0,565.0,7301.0,4374.0,803.0,191.0,124.0,319.0,270.0,36.0,109.0,38.0,4.0,329.0,1341.0,319.0,1419.0,462.0,921.0,3118.0,14177.0,,,,,,,,,,,,,,,,,,,,,,,,,,,,,,,,,,,,,,,,,,,,,,,,,,,,,,,,,,,,,,,,,,,,,,,,,155.0,75.0,35.0,8.0,40.0,313.0,13328.0,4696.0,1556.0,2252.0,21832.0,5116.0,576.0,392.0,1340.0,7424.0,1684.0,428.0,72.0,252.0,2436.0,100.0,16.0,32.0,152.0,24.0,56.0,6924.0,1024.0,476.0,1644.0,10068.0,1308.0,20.0,176.0,316.0,1820.0,4.0,0.0,4.0,164.0,172.0,100.0,44.0,24.0,196.0,4.0,0.0,12.0,12.0,28.0,4.0,4.0,12.0,0.0,20.0,1420.0,68.0,232.0,524.0,2244.0,68.0,20.0,24.0,24.0,136.0,20.0,24.0,4.0,16.0,64.0,4.0,4.0,0.0,0.0,8.0,48.0,24.0,104.0,12.0,4.0,4.0,8.0,28.0,40.0,12.0,12.0,24.0,88.0,192.0,88.0,56.0,92.0,428.0,1612.0,156.0,288.0,616.0,2672.0,1068.0,3104.0,320.0,472.0,4964.0,144.0,56.0,44.0,44.0,288.0,24.0,40.0,68.0,1236.0,3200.0,364.0,520.0,5320.0,640.0,144.0,16.0,76.0,876.0,248.0,336.0,632.0,208.0,88.0,4.0,316.0,280.0,88.0,48.0,56.0,472.0,36.0,24.0,64.0,108.0,232.0,1412.0,680.0,144.0,292.0,2528.0,2648.0,3880.0,508.0,812.0,7848.0,120.0,68.0,4.0,16.0,208.0,1372.0,444.0,116.0,848.0,2780.0,1212.0,592.0,196.0,748.0,2816.0,2704.0,1104.0,316.0,1484.0,5804.0,27216.0,10860.0,3144.0,6664.0,48224.0,,,,,,,,,,,,
1980-02-29,978.46,47163.87,,,,,,,,,,,,,,,,,15342.0,6153.0,1870.0,1254.0,1540.0,859.0,227.0,511.0,187.0,120.0,1164.0,13567.0,4699.0,15599.0,4340.0,7335.0,7480.0,82247.0,5574.0,3704.0,839.0,371.0,389.0,276.0,144.0,228.0,4.0,48.0,220.0,7763.0,2754.0,3656.0,2222.0,2305.0,2271.0,32768.0,3771.0,30.0,396.0,229.0,333.0,102.0,8.0,49.0,4.0,8.0,212.0,1551.0,775.0,8527.0,982.0,2829.0,1557.0,21363.0,2527.0,1456.0,370.0,371.0,128.0,116.0,44.0,76.0,105.0,24.0,293.0,2995.0,855.0,2016.0,586.0,1141.0,877.0,13980.0,3470.0,963.0,265.0,283.0,690.0,365.0,31.0,158.0,74.0,40.0,439.0,1258.0,315.0,1400.0,550.0,1060.0,2775.0,14136.0,,,,,,,,,,,,,,,,,,,,,,,,,,,,,,,,,,,,,,,,,,,,,,,,,,,,,,,,,,,,,,,,,,,,,,,,,100.0,59.0,44.0,16.0,85.0,304.0,11352.0,4284.0,2424.0,1404.0,19464.0,8116.0,796.0,764.0,1316.0,10992.0,2700.0,556.0,76.0,396.0,3728.0,56.0,24.0,40.0,148.0,32.0,68.0,10904.0,1376.0,876.0,1780.0,14936.0,1884.0,32.0,284.0,200.0,2400.0,88.0,0.0,0.0,124.0,212.0,204.0,48.0,148.0,448.0,4.0,0.0,8.0,44.0,56.0,8.0,0.0,28.0,8.0,44.0,2192.0,80.0,472.0,424.0,3168.0,140.0,44.0,68.0,44.0,296.0,96.0,20.0,20.0,96.0,232.0,12.0,4.0,28.0,4.0,48.0,68.0,20.0,136.0,12.0,8.0,8.0,20.0,48.0,20.0,36.0,20.0,48.0,124.0,348.0,132.0,168.0,236.0,884.0,2540.0,212.0,640.0,660.0,4052.0,1284.0,2492.0,632.0,564.0,4972.0,188.0,44.0,44.0,84.0,360.0,28.0,44.0,96.0,1500.0,2580.0,688.0,660.0,5428.0,688.0,92.0,96.0,72.0,948.0,240.0,344.0,680.0,196.0,64.0,40.0,320.0,236.0,84.0,88.0,44.0,452.0,40.0,16.0,172.0,216.0,444.0,1400.0,600.0,432.0,412.0,2844.0,2900.0,3180.0,1120.0,1072.0,8272.0,72.0,48.0,8.0,12.0,140.0,668.0,340.0,184.0,572.0,1764.0,1264.0,472.0,301.0,592.0,2725.0,2004.0,860.0,493.0,1084.0,4629.0,29700.0,9912.0,5553.0,5740.0,51353.0,,,,,,,,,,,,
1980-03-31,1294.685,48874.07,,,,,,,,,,,,,,,,,19900.0,5440.0,1391.0,1637.0,1554.0,956.0,264.0,464.0,139.0,126.0,1104.0,14613.0,3927.0,17653.0,4003.0,6713.0,6931.0,86815.0,8003.0,3222.0,506.0,540.0,612.0,352.0,176.0,226.0,8.0,16.0,268.0,8682.0,2083.0,3454.0,1936.0,1909.0,2083.0,34076.0,4917.0,153.0,308.0,309.0,389.0,153.0,8.0,64.0,8.0,30.0,269.0,1987.0,1161.0,11060.0,1107.0,2737.0,1819.0,26479.0,3222.0,1138.0,254.0,365.0,109.0,97.0,40.0,105.0,52.0,48.0,225.0,2798.0,399.0,1974.0,474.0,1035.0,1136.0,13471.0,3758.0,927.0,323.0,423.0,444.0,354.0,40.0,69.0,71.0,32.0,342.0,1146.0,284.0,1165.0,486.0,1032.0,1893.0,12789.0,,,,,,,,,,,,,,,,,,,,,,,,,,,,,,,,,,,,,,,,,,,,,,,,,,,,,,,,,,,,,,,,,,,,,,,,,79.0,52.0,80.0,20.0,86.0,317.0,12048.0,3600.0,2324.0,1496.0,19468.0,8908.0,764.0,648.0,1264.0,11584.0,1848.0,388.0,100.0,276.0,2612.0,44.0,8.0,28.0,88.0,36.0,60.0,10836.0,1160.0,756.0,1592.0,14344.0,1532.0,24.0,216.0,272.0,2044.0,92.0,0.0,12.0,4.0,108.0,128.0,36.0,36.0,240.0,4.0,4.0,16.0,8.0,32.0,60.0,0.0,12.0,0.0,72.0,1816.0,64.0,292.0,324.0,2496.0,180.0,16.0,60.0,16.0,272.0,56.0,32.0,16.0,44.0,148.0,56.0,4.0,8.0,0.0,68.0,68.0,12.0,132.0,28.0,8.0,12.0,20.0,68.0,52.0,8.0,28.0,32.0,120.0,440.0,80.0,148.0,140.0,808.0,2256.0,144.0,440.0,464.0,3304.0,748.0,1444.0,480.0,432.0,3104.0,232.0,24.0,92.0,36.0,384.0,16.0,0.0,16.0,996.0,1468.0,572.0,468.0,3504.0,516.0,92.0,132.0,80.0,820.0,104.0,132.0,316.0,152.0,48.0,28.0,240.0,96.0,44.0,128.0,36.0,304.0,20.0,0.0,36.0,148.0,204.0,888.0,316.0,372.0,308.0,1884.0,1884.0,1784.0,944.0,776.0,5388.0,128.0,40.0,24.0,16.0,208.0,724.0,340.0,196.0,388.0,1648.0,1452.0,404.0,180.0,368.0,2424.0,2304.0,784.0,400.0,744.0,4280.0,29328.0,7472.0,4864.0,4988.0,46784.0,,,,,,,,,,,,
1980-04-30,1480.4651,62737.61,,,,,,,,,,,,,,,,,20397.0,3327.0,1523.0,1084.0,1550.0,843.0,236.0,554.0,105.0,138.0,962.0,8585.0,1725.0,7441.0,2254.0,4385.0,6706.0,61815.0,9095.0,1579.0,710.0,384.0,628.0,327.0,176.0,276.0,0.0,8.0,254.0,3993.0,778.0,1993.0,1027.0,1320.0,2296.0,24844.0,5163.0,60.0,282.0,241.0,542.0,184.0,4.0,32.0,8.0,28.0,231.0,1114.0,520.0,3490.0,603.0,1605.0,1686.0,15793.0,2954.0,974.0,266.0,282.0,188.0,72.0,32.0,164.0,56.0,61.0,216.0,2344.0,269.0,1221.0,372.0,883.0,1090.0,11444.0,3185.0,714.0,265.0,177.0,192.0,260.0,24.0,82.0,41.0,41.0,261.0,1134.0,158.0,737.0,252.0,577.0,1634.0,9734.0,,,,,,,,,,,,,,,,,,,,,,,,,,,,,,,,,,,,,,,,,,,,,,,,,,,,,,,,,,,,,,,,,,,,,,,,,74.0,48.0,36.0,12.0,100.0,270.0,8876.0,3517.0,2164.0,1414.0,15971.0,3488.0,380.0,524.0,948.0,5340.0,576.0,116.0,40.0,160.0,892.0,116.0,8.0,28.0,160.0,28.0,60.0,4208.0,516.0,572.0,1156.0,6452.0,572.0,60.0,240.0,128.0,1000.0,44.0,0.0,4.0,0.0,48.0,160.0,40.0,68.0,304.0,0.0,0.0,28.0,0.0,28.0,20.0,0.0,0.0,4.0,24.0,800.0,100.0,348.0,168.0,1416.0,140.0,20.0,60.0,20.0,240.0,104.0,32.0,28.0,20.0,184.0,20.0,4.0,16.0,24.0,64.0,92.0,4.0,124.0,12.0,4.0,4.0,16.0,36.0,64.0,8.0,8.0,32.0,112.0,432.0,72.0,124.0,132.0,760.0,1232.0,172.0,472.0,300.0,2176.0,404.0,676.0,240.0,240.0,1560.0,68.0,24.0,44.0,20.0,156.0,32.0,12.0,48.0,504.0,712.0,284.0,264.0,1764.0,396.0,24.0,40.0,64.0,524.0,28.0,60.0,156.0,160.0,40.0,16.0,240.0,116.0,24.0,96.0,36.0,272.0,16.0,8.0,8.0,120.0,152.0,716.0,156.0,212.0,260.0,1344.0,1220.0,868.0,496.0,524.0,3108.0,116.0,48.0,20.0,8.0,192.0,652.0,324.0,184.0,376.0,1536.0,985.0,348.0,156.0,356.0,1849.0,1753.0,720.0,360.0,704.0,3577.0,17289.0,5793.0,4064.0,3989.0,31284.0,,,,,,,,,,,,
1980-05-31,1748.8652,69621.13,,,,,,,,,,,,,,,,,27573.0,3377.0,863.0,988.0,1130.0,744.0,247.0,320.0,208.0,64.0,1265.0,5883.0,1242.0,5702.0,1505.0,3444.0,6140.0,60695.0,12410.0,1576.0,349.0,385.0,390.0,246.0,168.0,100.0,8.0,12.0,238.0,2081.0,561.0,1255.0,580.0,997.0,1728.0,23084.0,7462.0,40.0,142.0,169.0,238.0,76.0,0.0,44.0,0.0,8.0,290.0,1095.0,268.0,2766.0,306.0,1002.0,1109.0,15015.0,3067.0,1070.0,232.0,265.0,147.0,138.0,48.0,82.0,114.0,16.0,322.0,1816.0,279.0,935.0,387.0,812.0,995.0,10725.0,4634.0,691.0,140.0,169.0,355.0,284.0,31.0,94.0,86.0,28.0,415.0,891.0,134.0,746.0,232.0,633.0,2308.0,11871.0,,,,,,,,,,,,,,,,,,,,,,,,,,,,,,,,,,,,,,,,,,,,,,,,,,,,,,,,,,,,,,,,,,,,,,,,,70.0,76.0,68.0,16.0,72.0,302.0,7708.0,3700.0,2256.0,1928.0,15592.0,1492.0,236.0,464.0,556.0,2748.0,280.0,116.0,104.0,120.0,620.0,84.0,20.0,16.0,124.0,72.0,133.0,1928.0,393.0,572.0,732.0,3625.0,504.0,8.0,140.0,156.0,808.0,80.0,0.0,4.0,8.0,92.0,56.0,28.0,36.0,140.0,8.0,4.0,24.0,4.0,40.0,16.0,4.0,56.0,8.0,84.0,664.0,44.0,260.0,200.0,1168.0,100.0,44.0,28.0,40.0,212.0,40.0,24.0,8.0,28.0,100.0,4.0,4.0,16.0,16.0,40.0,128.0,8.0,160.0,16.0,12.0,4.0,12.0,44.0,40.0,20.0,8.0,8.0,76.0,328.0,112.0,76.0,116.0,632.0,992.0,156.0,336.0,316.0,1800.0,332.0,392.0,312.0,200.0,1236.0,48.0,16.0,44.0,60.0,168.0,28.0,12.0,48.0,408.0,420.0,356.0,268.0,1452.0,148.0,12.0,44.0,36.0,240.0,44.0,60.0,160.0,68.0,12.0,12.0,116.0,88.0,20.0,80.0,52.0,240.0,24.0,8.0,28.0,196.0,256.0,372.0,112.0,196.0,332.0,1012.0,780.0,532.0,552.0,600.0,2464.0,36.0,20.0,16.0,0.0,72.0,508.0,400.0,168.0,556.0,1632.0,660.0,332.0,140.0,316.0,1496.0,1204.0,752.0,324.0,784.0,3200.0,12612.0,5533.0,4040.0,4176.0,26681.0,,,,,,,,,,,,
1980-06-30,2216.9202,71454.22,,,,,,,,,,,,,,,,,39173.0,1957.0,819.0,1051.0,668.0,1247.0,128.0,165.0,104.0,104.0,808.0,7569.0,1347.0,4457.0,1369.0,3566.0,5208.0,69740.0,20685.0,868.0,466.0,384.0,242.0,530.0,96.0,60.0,4.0,12.0,172.0,2847.0,380.0,866.0,597.0,868.0,1457.0,30534.0,11736.0,30.0,212.0,197.0,212.0,129.0,4.0,46.0,0.0,16.0,201.0,1910.0,578.0,1944.0,302.0,1470.0,1387.0,20374.0,2707.0,813.0,82.0,402.0,76.0,116.0,8.0,32.0,48.0,49.0,188.0,1617.0,263.0,1008.0,281.0,660.0,724.0,9074.0,4045.0,246.0,59.0,68.0,138.0,472.0,20.0,27.0,52.0,27.0,247.0,1195.0,126.0,639.0,189.0,568.0,1640.0,9758.0,,,,,,,,,,,,,,,,,,,,,,,,,,,,,,,,,,,,,,,,,,,,,,,,,,,,,,,,,,,,,,,,,,,,,,,,,84.0,107.0,59.0,28.0,56.0,334.0,5200.0,3824.0,2228.0,1184.0,12436.0,1661.0,412.0,456.0,708.0,3237.0,204.0,120.0,44.0,100.0,468.0,420.0,16.0,60.0,572.0,28.0,76.0,2313.0,552.0,576.0,912.0,4353.0,228.0,8.0,252.0,140.0,628.0,48.0,0.0,0.0,0.0,48.0,44.0,52.0,44.0,168.0,4.0,8.0,8.0,16.0,36.0,8.0,0.0,12.0,20.0,40.0,332.0,68.0,320.0,204.0,924.0,84.0,28.0,44.0,24.0,180.0,32.0,4.0,8.0,24.0,68.0,16.0,12.0,4.0,0.0,32.0,148.0,8.0,192.0,24.0,12.0,20.0,24.0,80.0,12.0,24.0,12.0,24.0,72.0,316.0,88.0,108.0,112.0,624.0,648.0,156.0,428.0,316.0,1548.0,184.0,276.0,260.0,212.0,932.0,36.0,24.0,32.0,44.0,136.0,4.0,4.0,16.0,224.0,304.0,300.0,256.0,1084.0,92.0,28.0,44.0,44.0,208.0,72.0,72.0,184.0,40.0,28.0,24.0,96.0,32.0,0.0,52.0,76.0,160.0,0.0,8.0,12.0,28.0,48.0,236.0,136.0,144.0,180.0,696.0,460.0,440.0,444.0,436.0,1780.0,28.0,16.0,8.0,4.0,56.0,440.0,304.0,212.0,456.0,1412.0,512.0,256.0,136.0,304.0,1232.0,980.0,576.0,356.0,688.0,2700.0,9601.0,5548.0,4032.0,3428.0,22817.0,,,,,,,,,,,,
1980-07-31,4690.5185,107916.8,,,,,,,,,,,,,,,,,38436.0,3043.0,1594.0,1129.0,861.0,1124.0,98.0,293.0,101.0,118.0,840.0,6378.0,1573.0,7469.0,2680.0,5651.0,5982.0,77370.0,21492.0,1257.0,835.0,496.0,380.0,305.0,34.0,84.0,12.0,38.0,155.0,2578.0,635.0,1776.0,1416.0,1879.0,1737.0,35109.0,9604.0,124.0,518.0,276.0,209.0,162.0,4.0,57.0,5.0,22.0,136.0,1335.0,634.0,3946.0,549.0,2412.0,1568.0,21561.0,3243.0,1254.0,144.0,212.0,108.0,97.0,40.0,92.0,60.0,30.0,145.0,1913.0,167.0,912.0,407.0,562.0,825.0,10211.0,4097.0,408.0,97.0,145.0,164.0,560.0,20.0,60.0,24.0,28.0,404.0,552.0,137.0,835.0,308.0,798.0,1852.0,10489.0,,,,,,,,,,,,,,,,,,,,,,,,,,,,,,,,,,,,,,,,,,,,,,,,,,,,,,,,,,,,,,,,,,,,,,,,,80.0,120.0,48.0,17.0,88.0,353.0,6160.0,3268.0,2248.0,1760.0,13436.0,1784.0,324.0,508.0,1180.0,3796.0,356.0,184.0,60.0,152.0,752.0,112.0,16.0,8.0,148.0,44.0,104.0,2296.0,528.0,588.0,1388.0,4800.0,504.0,48.0,240.0,176.0,968.0,0.0,4.0,4.0,0.0,8.0,264.0,56.0,32.0,376.0,8.0,4.0,8.0,8.0,28.0,4.0,4.0,8.0,24.0,40.0,780.0,116.0,292.0,232.0,1420.0,100.0,64.0,44.0,40.0,248.0,40.0,12.0,40.0,24.0,116.0,8.0,12.0,8.0,12.0,40.0,32.0,28.0,96.0,16.0,4.0,8.0,16.0,44.0,20.0,16.0,28.0,64.0,128.0,216.0,136.0,144.0,176.0,672.0,996.0,252.0,436.0,408.0,2092.0,316.0,608.0,192.0,324.0,1440.0,64.0,28.0,20.0,56.0,168.0,8.0,12.0,28.0,388.0,648.0,212.0,388.0,1636.0,248.0,12.0,56.0,88.0,404.0,64.0,128.0,232.0,48.0,24.0,20.0,108.0,140.0,80.0,56.0,76.0,352.0,48.0,8.0,28.0,400.0,484.0,548.0,252.0,172.0,608.0,1580.0,936.0,900.0,384.0,996.0,3216.0,36.0,24.0,20.0,4.0,84.0,880.0,316.0,184.0,556.0,1936.0,612.0,244.0,104.0,408.0,1380.0,1528.0,584.0,308.0,932.0,3400.0,11916.0,5532.0,3964.0,5388.0,26944.0,,,,,,,,,,,,
1980-08-31,4682.8644,120461.5,,,,,,,,,,,,,,,,,32880.0,3060.0,1455.0,1216.0,1192.0,1618.0,190.0,366.0,184.0,154.0,915.0,7040.0,999.0,5735.0,1820.0,4052.0,7102.0,69978.0,16735.0,1192.0,634.0,421.0,435.0,655.0,20.0,110.0,16.0,12.0,184.0,2980.0,307.0,1530.0,918.0,1503.0,2396.0,30048.0,8379.0,120.0,488.0,322.0,388.0,182.0,19.0,20.0,28.0,12.0,185.0,677.0,254.0,2390.0,363.0,1135.0,1876.0,16838.0,3370.0,934.0,222.0,306.0,152.0,190.0,91.0,160.0,77.0,94.0,304.0,2427.0,217.0,897.0,238.0,577.0,900.0,11156.0,4396.0,814.0,111.0,167.0,217.0,591.0,60.0,76.0,63.0,36.0,242.0,956.0,221.0,918.0,301.0,837.0,1930.0,11936.0,,,,,,,,,,,,,,,,,,,,,,,,,,,,,,,,,,,,,,,,,,,,,,,,,,,,,,,,,,,,,,,,,,,,,,,,,53.0,96.0,55.0,0.0,103.0,307.0,10685.0,3853.0,2088.0,1964.0,18590.0,1892.0,308.0,484.0,1124.0,3808.0,312.0,100.0,32.0,160.0,604.0,92.0,4.0,20.0,124.0,56.0,136.0,2352.0,416.0,532.0,1372.0,4672.0,952.0,32.0,200.0,188.0,1372.0,4.0,0.0,4.0,4.0,12.0,112.0,40.0,16.0,192.0,16.0,4.0,28.0,20.0,68.0,20.0,8.0,12.0,4.0,44.0,1104.0,84.0,260.0,240.0,1688.0,96.0,32.0,28.0,16.0,172.0,48.0,20.0,16.0,40.0,124.0,16.0,8.0,8.0,0.0,32.0,144.0,4.0,168.0,4.0,0.0,12.0,12.0,28.0,40.0,12.0,24.0,16.0,92.0,348.0,76.0,92.0,100.0,616.0,1452.0,160.0,352.0,340.0,2304.0,360.0,576.0,244.0,340.0,1520.0,20.0,16.0,28.0,64.0,128.0,16.0,12.0,44.0,396.0,604.0,276.0,416.0,1692.0,392.0,16.0,44.0,92.0,544.0,40.0,48.0,132.0,56.0,8.0,24.0,108.0,400.0,44.0,48.0,188.0,680.0,12.0,12.0,12.0,304.0,340.0,900.0,128.0,148.0,628.0,1804.0,1296.0,732.0,424.0,1044.0,3496.0,48.0,16.0,20.0,4.0,88.0,824.0,404.0,212.0,512.0,1952.0,944.0,292.0,112.0,432.0,1800.0,1816.0,712.0,344.0,908.0,3840.0,17601.0,5873.0,3740.0,5308.0,32902.0,,,,,,,,,,,,
1980-09-30,2459.5799,99441.18,,,,,,,,,,,,,,,,,24364.0,3444.0,705.0,1059.0,729.0,875.0,156.0,274.0,87.0,104.0,737.0,6498.0,1311.0,7869.0,1743.0,4747.0,6178.0,60880.0,12108.0,1948.0,244.0,254.0,233.0,319.0,64.0,112.0,4.0,16.0,131.0,2827.0,539.0,1655.0,783.0,1323.0,1824.0,24384.0,5302.0,102.0,192.0,159.0,208.0,136.0,40.0,16.0,4.0,4.0,186.0,785.0,223.0,4214.0,482.0,1747.0,1528.0,15328.0,2680.0,1031.0,181.0,238.0,96.0,166.0,40.0,84.0,32.0,70.0,185.0,2173.0,375.0,1100.0,282.0,962.0,991.0,10686.0,4274.0,363.0,88.0,408.0,192.0,254.0,12.0,62.0,47.0,14.0,235.0,713.0,174.0,900.0,196.0,715.0,1835.0,10482.0,,,,,,,,,,,,,,,,,,,,,,,,,,,,,,,,,,,,,,,,,,,,,,,,,,,,,,,,,,,,,,,,,,,,,,,,,92.0,72.0,36.0,16.0,69.0,285.0,6788.0,2666.0,2217.0,1440.0,13111.0,2140.0,268.0,496.0,748.0,3652.0,324.0,64.0,88.0,108.0,584.0,76.0,8.0,32.0,116.0,48.0,76.0,2588.0,344.0,588.0,908.0,4428.0,1132.0,32.0,240.0,108.0,1512.0,8.0,0.0,12.0,8.0,28.0,40.0,16.0,12.0,96.0,8.0,0.0,16.0,8.0,32.0,4.0,4.0,28.0,4.0,40.0,1196.0,52.0,308.0,156.0,1712.0,84.0,28.0,20.0,24.0,156.0,16.0,12.0,20.0,24.0,72.0,24.0,5.0,0.0,12.0,41.0,44.0,16.0,92.0,16.0,8.0,0.0,16.0,40.0,16.0,12.0,12.0,12.0,52.0,200.0,81.0,76.0,96.0,453.0,1396.0,133.0,384.0,252.0,2165.0,352.0,657.0,320.0,276.0,1605.0,92.0,28.0,60.0,20.0,200.0,4.0,8.0,20.0,448.0,693.0,388.0,296.0,1825.0,204.0,28.0,48.0,60.0,340.0,60.0,44.0,152.0,72.0,28.0,16.0,124.0,96.0,28.0,80.0,84.0,288.0,8.0,12.0,12.0,84.0,116.0,440.0,140.0,184.0,256.0,1020.0,888.0,833.0,572.0,552.0,2845.0,112.0,20.0,16.0,12.0,160.0,504.0,324.0,228.0,504.0,1560.0,648.0,248.0,188.0,198.0,1298.0,1264.0,592.0,432.0,650.0,3018.0,12924.0,4568.0,4193.0,3646.0,25567.0,,,,,,,,,,,,
1980-10-31,1484.4901,84936.54,,,,,,,,,,,,,,,,,22240.0,4121.0,868.0,1205.0,1260.0,912.0,552.0,378.0,99.0,224.0,815.0,11132.0,2124.0,9658.0,3171.0,6560.0,6599.0,71918.0,10812.0,2323.0,335.0,514.0,544.0,334.0,420.0,176.0,4.0,64.0,232.0,5920.0,1031.0,2431.0,1499.0,2051.0,2240.0,30930.0,4675.0,121.0,109.0,284.0,369.0,151.0,8.0,32.0,0.0,12.0,172.0,977.0,525.0,4894.0,741.0,2251.0,1729.0,17050.0,3244.0,1123.0,300.0,252.0,156.0,153.0,72.0,92.0,72.0,101.0,216.0,2798.0,391.0,1353.0,538.0,1252.0,983.0,13096.0,3509.0,554.0,124.0,155.0,191.0,274.0,52.0,78.0,23.0,47.0,195.0,1437.0,177.0,980.0,393.0,1006.0,1647.0,10842.0,,,,,,,,,,,,,,,,,,,,,,,,,,,,,,,,,,,,,,,,,,,,,,,,,,,,,,,,,,,,,,,,,,,,,,,,,156.0,194.0,61.0,32.0,92.0,535.0,8596.0,3168.0,2640.0,1412.0,15816.0,5440.0,361.0,836.0,1652.0,8289.0,712.0,104.0,72.0,160.0,1048.0,160.0,16.0,72.0,264.0,84.0,128.0,6396.0,509.0,928.0,1896.0,9729.0,1504.0,40.0,220.0,152.0,1916.0,192.0,0.0,12.0,0.0,204.0,52.0,12.0,32.0,112.0,8.0,4.0,12.0,8.0,32.0,84.0,8.0,4.0,44.0,140.0,1840.0,64.0,280.0,220.0,2404.0,156.0,20.0,80.0,36.0,292.0,84.0,16.0,24.0,24.0,148.0,108.0,8.0,12.0,8.0,136.0,56.0,4.0,76.0,16.0,20.0,8.0,12.0,56.0,40.0,4.0,12.0,20.0,76.0,460.0,72.0,140.0,112.0,784.0,2300.0,136.0,420.0,332.0,3188.0,640.0,1164.0,384.0,336.0,2524.0,112.0,32.0,96.0,132.0,372.0,16.0,0.0,16.0,768.0,1196.0,480.0,468.0,2912.0,480.0,60.0,80.0,60.0,680.0,80.0,116.0,288.0,132.0,32.0,32.0,216.0,244.0,44.0,76.0,92.0,456.0,20.0,8.0,32.0,56.0,116.0,956.0,260.0,264.0,276.0,1756.0,1724.0,1456.0,744.0,744.0,4668.0,124.0,64.0,28.0,0.0,216.0,460.0,416.0,232.0,516.0,1624.0,996.0,340.0,188.0,344.0,1872.0,1580.0,820.0,448.0,816.0,3712.0,20596.0,6089.0,5180.0,5084.0,37113.0,,,,,,,,,,,,
1980-11-30,1028.9851,62809.52,,,,,,,,,,,,,,,,,18752.0,5262.0,1182.0,2571.0,2492.0,988.0,829.0,533.0,156.0,188.0,1126.0,12788.0,2822.0,14843.0,3868.0,8505.0,7894.0,84799.0,8468.0,3024.0,498.0,1358.0,1066.0,330.0,704.0,220.0,4.0,56.0,301.0,7595.0,1484.0,3183.0,1856.0,2618.0,2321.0,35086.0,4604.0,100.0,266.0,621.0,996.0,168.0,12.0,60.0,0.0,24.0,237.0,1591.0,774.0,9130.0,893.0,3513.0,2568.0,25557.0,2445.0,1416.0,250.0,357.0,176.0,156.0,44.0,164.0,116.0,67.0,312.0,2537.0,301.0,1461.0,679.0,1274.0,1046.0,12801.0,3235.0,722.0,168.0,235.0,254.0,334.0,69.0,89.0,36.0,41.0,276.0,1065.0,263.0,1069.0,440.0,1100.0,1959.0,11355.0,,,,,,,,,,,,,,,,,,,,,,,,,,,,,,,,,,,,,,,,,,,,,,,,,,,,,,,,,,,,,,,,,,,,,,,,,96.0,44.0,119.0,38.0,68.0,365.0,8380.0,3040.0,2396.0,1468.0,15284.0,8020.0,496.0,720.0,1364.0,10600.0,1424.0,368.0,104.0,248.0,2144.0,56.0,12.0,20.0,100.0,76.0,116.0,9576.0,896.0,852.0,1636.0,12960.0,2116.0,20.0,400.0,120.0,2656.0,252.0,8.0,4.0,0.0,264.0,88.0,40.0,44.0,196.0,0.0,8.0,4.0,16.0,28.0,12.0,8.0,24.0,16.0,60.0,2468.0,84.0,476.0,176.0,3204.0,504.0,44.0,44.0,48.0,640.0,292.0,52.0,20.0,48.0,412.0,36.0,4.0,8.0,16.0,64.0,76.0,28.0,160.0,8.0,8.0,4.0,12.0,32.0,24.0,20.0,24.0,64.0,132.0,940.0,156.0,136.0,208.0,1440.0,3408.0,240.0,612.0,384.0,4644.0,984.0,1900.0,472.0,308.0,3664.0,216.0,64.0,88.0,96.0,464.0,0.0,20.0,28.0,1200.0,1984.0,568.0,404.0,4156.0,736.0,72.0,100.0,100.0,1008.0,304.0,540.0,904.0,192.0,44.0,20.0,284.0,288.0,72.0,120.0,120.0,600.0,28.0,12.0,28.0,28.0,96.0,1548.0,740.0,300.0,304.0,2892.0,2748.0,2724.0,868.0,708.0,7048.0,120.0,84.0,20.0,8.0,232.0,744.0,356.0,216.0,596.0,1912.0,1344.0,508.0,156.0,692.0,2708.0,2208.0,948.0,392.0,1272.0,4852.0,26320.0,7848.0,5120.0,5320.0,44788.0,,,,,,,,,,,,
1980-12-31,1109.3649,54028.48,,,,,,,,,,,,,,,,,30668.0,5096.0,1944.0,2499.0,2461.0,1808.0,593.0,338.0,80.0,84.0,1251.0,9128.0,3953.0,22303.0,5500.0,12306.0,12599.0,112611.0,12962.0,3467.0,865.0,1477.0,1139.0,971.0,464.0,178.0,8.0,44.0,359.0,3714.0,1504.0,4705.0,2830.0,3675.0,5018.0,43380.0,12491.0,383.0,733.0,626.0,956.0,306.0,29.0,53.0,4.0,8.0,486.0,3502.0,2079.0,16046.0,1875.0,6981.0,4880.0,51438.0,1650.0,776.0,226.0,266.0,90.0,94.0,28.0,58.0,36.0,0.0,143.0,1156.0,171.0,578.0,192.0,420.0,507.0,6391.0,3565.0,470.0,120.0,130.0,276.0,437.0,72.0,49.0,32.0,32.0,263.0,756.0,199.0,974.0,603.0,1230.0,2194.0,11402.0,,,,,,,,,,,,,,,,,,,,,,,,,,,,,,,,,,,,,,,,,,,,,,,,,,,,,,,,,,,,,,,,,,,,,,,,,190.0,96.0,199.0,101.0,64.0,650.0,18262.0,14410.0,1664.0,2413.0,36749.0,3762.0,1240.0,344.0,984.0,6330.0,1368.0,1008.0,36.0,256.0,2668.0,252.0,20.0,132.0,416.0,20.0,72.0,5402.0,2280.0,408.0,1396.0,9486.0,1688.0,68.0,144.0,172.0,2072.0,224.0,4.0,4.0,240.0,472.0,196.0,96.0,8.0,320.0,12.0,0.0,8.0,72.0,92.0,12.0,4.0,8.0,16.0,40.0,2132.0,172.0,172.0,524.0,3000.0,564.0,116.0,20.0,24.0,724.0,328.0,104.0,8.0,40.0,480.0,36.0,8.0,16.0,4.0,64.0,208.0,40.0,256.0,12.0,16.0,12.0,24.0,64.0,80.0,44.0,12.0,24.0,160.0,1228.0,328.0,68.0,124.0,1748.0,3360.0,500.0,240.0,648.0,4748.0,1400.0,4676.0,136.0,368.0,6580.0,128.0,104.0,36.0,60.0,328.0,8.0,8.0,16.0,1536.0,4788.0,172.0,428.0,6924.0,908.0,180.0,44.0,80.0,1212.0,360.0,684.0,1136.0,268.0,120.0,12.0,428.0,208.0,156.0,64.0,168.0,596.0,20.0,80.0,16.0,92.0,208.0,1764.0,1220.0,156.0,440.0,3580.0,3300.0,6008.0,328.0,868.0,10504.0,212.0,176.0,8.0,24.0,420.0,2328.0,1540.0,132.0,824.0,4824.0,1872.0,1259.0,104.0,724.0,3975.0,4412.0,2975.0,244.0,1548.0,9219.0,34736.0,26173.0,2884.0,6797.0,70706.0,,,,,,,,,,,,
1981-01-31,960.8751,58605.91,,,,,,,,,,,,,,,,,17913.0,4580.0,879.0,885.0,1087.0,1170.0,225.0,359.0,183.0,55.0,987.0,8783.0,3229.0,9462.0,3645.0,6477.0,9629.0,69548.0,8138.0,2912.0,393.0,262.0,296.0,396.0,156.0,146.0,54.0,4.0,264.0,4079.0,1784.0,3037.0,1980.0,2422.0,3999.0,30322.0,4182.0,50.0,190.0,269.0,177.0,153.0,12.0,76.0,0.0,0.0,182.0,1628.0,689.0,3788.0,802.0,2373.0,2095.0,16666.0,1257.0,834.0,140.0,212.0,88.0,81.0,26.0,69.0,37.0,32.0,129.0,1753.0,322.0,1226.0,332.0,652.0,535.0,7725.0,4336.0,784.0,156.0,142.0,526.0,540.0,31.0,68.0,92.0,19.0,412.0,1323.0,434.0,1411.0,531.0,1030.0,3000.0,14835.0,,,,,,,,,,,,,,,,,,,,,,,,,,,,,,,,,,,,,,,,,,,,,,,,,,,,,,,,,,,,,,,,,,,,,,,,,145.0,92.0,68.0,0.0,38.0,343.0,12440.0,4768.0,1793.0,2401.0,21402.0,5608.0,877.0,516.0,1344.0,8345.0,1828.0,444.0,48.0,320.0,2640.0,120.0,20.0,56.0,196.0,24.0,64.0,7580.0,1361.0,568.0,1736.0,11245.0,2228.0,24.0,188.0,292.0,2732.0,68.0,0.0,0.0,268.0,336.0,104.0,36.0,28.0,208.0,4.0,4.0,8.0,32.0,48.0,36.0,20.0,12.0,56.0,124.0,2440.0,84.0,236.0,688.0,3448.0,108.0,68.0,40.0,52.0,268.0,60.0,20.0,4.0,32.0,116.0,16.0,8.0,12.0,0.0,36.0,56.0,20.0,124.0,16.0,24.0,4.0,24.0,68.0,40.0,28.0,16.0,32.0,116.0,296.0,168.0,88.0,176.0,728.0,2736.0,252.0,324.0,864.0,4176.0,1052.0,1984.0,196.0,408.0,3640.0,324.0,84.0,20.0,76.0,504.0,4.0,12.0,32.0,1380.0,2080.0,220.0,496.0,4176.0,848.0,112.0,56.0,108.0,1124.0,264.0,428.0,776.0,344.0,104.0,20.0,488.0,156.0,80.0,56.0,88.0,380.0,24.0,24.0,12.0,308.0,368.0,1636.0,748.0,160.0,592.0,3136.0,3016.0,2828.0,380.0,1088.0,7312.0,132.0,36.0,8.0,8.0,184.0,1500.0,464.0,176.0,804.0,2944.0,1080.0,464.0,116.0,712.0,2436.0,2712.0,964.0,300.0,1396.0,5564.0,28484.0,10173.0,3365.0,7329.0,49699.0,11001.0,4093.0,5807.0,820.0,4205.0,447.0,1401.0,901.0,798.0,3688.0,11464.0,3841.0
1981-02-28,896.3501,50516.34,,,,,,,,,,,,,,,,,11368.0,5349.0,2253.0,1286.0,1852.0,1092.0,304.0,500.0,196.0,106.0,1322.0,11871.0,3384.0,18191.0,4461.0,7649.0,7544.0,78728.0,4091.0,3511.0,1165.0,554.0,553.0,384.0,228.0,196.0,24.0,32.0,358.0,6544.0,1990.0,4088.0,2459.0,2544.0,2518.0,31239.0,2753.0,111.0,399.0,255.0,340.0,143.0,4.0,32.0,0.0,12.0,247.0,1188.0,850.0,11032.0,1225.0,3159.0,1824.0,23574.0,2024.0,1076.0,358.0,194.0,121.0,93.0,52.0,80.0,128.0,8.0,342.0,2868.0,309.0,1888.0,356.0,995.0,804.0,11696.0,2500.0,651.0,331.0,283.0,838.0,472.0,20.0,192.0,44.0,54.0,375.0,1271.0,235.0,1183.0,421.0,951.0,2398.0,12219.0,,,,,,,,,,,,,,,,,,,,,,,,,,,,,,,,,,,,,,,,,,,,,,,,,,,,,,,,,,,,,,,,,,,,,,,,,190.0,106.0,48.0,24.0,38.0,406.0,9064.0,3509.0,2092.0,1420.0,16085.0,7692.0,700.0,912.0,1629.0,10933.0,2176.0,356.0,88.0,288.0,2908.0,128.0,17.0,40.0,185.0,16.0,56.0,10012.0,1077.0,1012.0,1981.0,14082.0,1952.0,8.0,284.0,236.0,2480.0,92.0,8.0,0.0,20.0,120.0,160.0,36.0,28.0,284.0,0.0,12.0,40.0,32.0,84.0,16.0,4.0,4.0,36.0,60.0,2220.0,68.0,356.0,384.0,3028.0,176.0,52.0,60.0,88.0,376.0,108.0,20.0,24.0,40.0,192.0,32.0,0.0,36.0,56.0,124.0,36.0,20.0,156.0,4.0,24.0,16.0,48.0,92.0,36.0,16.0,48.0,80.0,180.0,392.0,132.0,220.0,376.0,1120.0,2612.0,200.0,576.0,760.0,4148.0,1700.0,4405.0,520.0,336.0,6961.0,204.0,28.0,44.0,52.0,328.0,12.0,36.0,60.0,1916.0,4469.0,572.0,392.0,7349.0,864.0,148.0,72.0,88.0,1172.0,216.0,380.0,688.0,200.0,52.0,24.0,284.0,204.0,52.0,48.0,64.0,368.0,28.0,4.0,8.0,156.0,196.0,1512.0,636.0,192.0,368.0,2708.0,3428.0,5105.0,764.0,760.0,10057.0,68.0,48.0,16.0,12.0,144.0,716.0,364.0,156.0,711.0,1947.0,1112.0,508.0,156.0,476.0,2320.0,1896.0,920.0,328.0,1083.0,4411.0,27012.0,10811.0,4772.0,5832.0,48783.0,11442.0,5131.0,6170.0,675.0,3647.0,437.0,1378.0,648.0,625.0,6638.0,9007.0,2768.0
1981-03-31,1118.6552,55711.54,,,,,,,,,,,,,,,,,19859.0,4834.0,972.0,1597.0,1735.0,1015.0,297.0,538.0,178.0,175.0,1264.0,11662.0,3948.0,17613.0,4072.0,7393.0,7224.0,84376.0,7921.0,3055.0,281.0,641.0,541.0,363.0,204.0,160.0,8.0,41.0,292.0,6442.0,2371.0,3663.0,1970.0,2263.0,2211.0,32427.0,4858.0,57.0,267.0,312.0,364.0,126.0,14.0,64.0,4.0,4.0,272.0,1254.0,761.0,10472.0,1104.0,2847.0,2264.0,25044.0,3499.0,1077.0,323.0,392.0,204.0,185.0,52.0,152.0,64.0,64.0,253.0,2530.0,464.0,1865.0,585.0,1243.0,989.0,13941.0,3581.0,645.0,101.0,252.0,626.0,341.0,27.0,162.0,102.0,66.0,447.0,1436.0,352.0,1613.0,413.0,1040.0,1760.0,12964.0,,,,,,,,,,,,,,,,,,,,,,,,,,,,,,,,,,,,,,,,,,,,,,,,,,,,,,,,,,,,,,,,,,,,,,,,,160.0,71.0,61.0,16.0,52.0,360.0,12521.0,4275.0,2748.0,1500.0,21044.0,6296.0,444.0,632.0,808.0,8180.0,1744.0,316.0,84.0,308.0,2452.0,68.0,8.0,172.0,256.0,52.0,108.0,8160.0,784.0,728.0,1324.0,10996.0,1916.0,68.0,276.0,128.0,2388.0,24.0,4.0,0.0,8.0,36.0,252.0,64.0,44.0,372.0,12.0,0.0,0.0,12.0,24.0,80.0,4.0,4.0,28.0,116.0,2284.0,140.0,324.0,188.0,2936.0,160.0,44.0,52.0,28.0,284.0,60.0,12.0,12.0,20.0,104.0,16.0,8.0,12.0,16.0,52.0,92.0,20.0,144.0,4.0,24.0,8.0,0.0,36.0,44.0,40.0,28.0,28.0,140.0,376.0,148.0,128.0,108.0,760.0,2660.0,288.0,452.0,296.0,3696.0,964.0,1808.0,544.0,328.0,3644.0,188.0,12.0,84.0,60.0,344.0,4.0,12.0,16.0,1156.0,1832.0,628.0,388.0,4004.0,520.0,96.0,96.0,52.0,764.0,148.0,128.0,384.0,208.0,28.0,20.0,276.0,80.0,60.0,96.0,40.0,276.0,8.0,8.0,60.0,304.0,380.0,964.0,320.0,328.0,468.0,2080.0,2120.0,2152.0,956.0,856.0,6084.0,144.0,68.0,28.0,16.0,256.0,556.0,464.0,240.0,440.0,1700.0,1268.0,468.0,208.0,416.0,2396.0,1968.0,1000.0,476.0,816.0,4352.0,27429.0,8499.0,5360.0,4716.0,46172.0,19625.0,10769.0,17877.0,978.0,5963.0,832.0,2875.0,2691.0,1141.0,7579.0,15749.0,6853.0
1981-04-30,1619.995,55798.41,,,,,,,,,,,,,,,,,21856.0,3995.0,1683.0,1395.0,1594.0,1160.0,321.0,464.0,80.0,184.0,1296.0,8979.0,2281.0,8159.0,2470.0,4766.0,7141.0,67824.0,9851.0,2646.0,658.0,538.0,749.0,520.0,268.0,224.0,12.0,64.0,373.0,4281.0,997.0,2495.0,1224.0,1696.0,2862.0,29458.0,5813.0,111.0,620.0,308.0,482.0,138.0,16.0,60.0,8.0,24.0,375.0,1227.0,605.0,3779.0,390.0,1559.0,1794.0,17309.0,2465.0,799.0,252.0,385.0,149.0,154.0,25.0,110.0,40.0,56.0,195.0,2887.0,358.0,938.0,411.0,864.0,673.0,10761.0,3727.0,439.0,153.0,164.0,214.0,348.0,12.0,70.0,20.0,40.0,353.0,584.0,321.0,947.0,445.0,647.0,1812.0,10296.0,,,,,,,,,,,,,,,,,,,,,,,,,,,,,,,,,,,,,,,,,,,,,,,,,,,,,,,,,,,,,,,,,,,,,,,,,224.0,80.0,81.0,17.0,96.0,498.0,8329.0,4149.0,2556.0,1732.0,16766.0,3492.0,396.0,672.0,708.0,5268.0,592.0,136.0,80.0,216.0,1024.0,204.0,8.0,72.0,312.0,24.0,56.0,4312.0,552.0,796.0,1000.0,6660.0,1816.0,28.0,184.0,68.0,2096.0,52.0,4.0,4.0,0.0,60.0,100.0,32.0,44.0,200.0,0.0,0.0,16.0,36.0,52.0,80.0,4.0,8.0,8.0,100.0,2048.0,68.0,256.0,136.0,2508.0,144.0,32.0,36.0,28.0,240.0,76.0,24.0,12.0,36.0,148.0,28.0,8.0,8.0,8.0,52.0,48.0,32.0,88.0,13.0,8.0,12.0,16.0,49.0,60.0,24.0,12.0,24.0,120.0,369.0,128.0,88.0,112.0,697.0,2417.0,196.0,344.0,248.0,3205.0,492.0,741.0,336.0,316.0,1885.0,148.0,12.0,44.0,72.0,276.0,12.0,4.0,16.0,652.0,757.0,380.0,388.0,2177.0,356.0,60.0,80.0,72.0,568.0,72.0,88.0,236.0,76.0,24.0,32.0,144.0,124.0,48.0,120.0,72.0,364.0,0.0,12.0,20.0,12.0,44.0,628.0,232.0,308.0,188.0,1356.0,1280.0,989.0,688.0,576.0,3533.0,104.0,36.0,40.0,12.0,192.0,807.0,457.0,128.0,484.0,1876.0,912.0,324.0,192.0,268.0,1700.0,1823.0,817.0,360.0,720.0,3768.0,18161.0,6703.0,4744.0,4168.0,33932.0,66487.0,27836.0,67815.0,4522.0,19322.0,8188.0,15114.0,26692.0,10660.0,6820.0,29511.0,10796.0
1981-05-31,1847.9949,65033.18,,,,,,,,,,,,,,,,,26480.0,3437.0,941.0,1204.0,1135.0,1028.0,111.0,425.0,137.0,149.0,1406.0,6956.0,1648.0,6327.0,1431.0,3593.0,6737.0,63145.0,12474.0,1704.0,329.0,422.0,401.0,419.0,52.0,184.0,8.0,24.0,408.0,2400.0,774.0,1420.0,600.0,976.0,2396.0,24991.0,7221.0,110.0,190.0,182.0,395.0,60.0,11.0,64.0,12.0,36.0,317.0,1292.0,422.0,2989.0,244.0,1242.0,1549.0,16336.0,2890.0,1163.0,302.0,440.0,149.0,62.0,48.0,108.0,58.0,25.0,350.0,2383.0,221.0,1333.0,423.0,847.0,974.0,11776.0,3895.0,460.0,120.0,160.0,190.0,487.0,0.0,69.0,59.0,64.0,331.0,881.0,231.0,585.0,164.0,528.0,1818.0,10042.0,,,,,,,,,,,,,,,,,,,,,,,,,,,,,,,,,,,,,,,,,,,,,,,,,,,,,,,,,,,,,,,,,,,,,,,,,211.0,87.0,44.0,8.0,80.0,430.0,7201.0,4108.0,2224.0,1856.0,15389.0,2152.0,314.0,552.0,752.0,3770.0,532.0,120.0,92.0,160.0,904.0,244.0,8.0,32.0,296.0,72.0,108.0,3000.0,458.0,668.0,952.0,5078.0,1188.0,16.0,236.0,112.0,1552.0,0.0,0.0,12.0,0.0,12.0,52.0,40.0,56.0,188.0,0.0,0.0,12.0,16.0,28.0,0.0,12.0,16.0,8.0,36.0,1240.0,68.0,332.0,176.0,1816.0,80.0,40.0,52.0,24.0,196.0,32.0,44.0,20.0,12.0,108.0,48.0,12.0,32.0,32.0,124.0,88.0,20.0,161.0,12.0,8.0,0.0,20.0,40.0,12.0,20.0,12.0,20.0,64.0,272.0,144.0,137.0,140.0,693.0,1512.0,212.0,469.0,316.0,2509.0,316.0,476.0,332.0,296.0,1420.0,72.0,12.0,40.0,52.0,176.0,4.0,12.0,20.0,392.0,500.0,372.0,352.0,1616.0,160.0,48.0,88.0,44.0,340.0,40.0,60.0,180.0,72.0,28.0,16.0,128.0,76.0,32.0,88.0,36.0,232.0,4.0,8.0,8.0,84.0,104.0,352.0,176.0,244.0,212.0,984.0,744.0,676.0,616.0,564.0,2600.0,52.0,44.0,20.0,9.0,125.0,536.0,456.0,252.0,476.0,1720.0,840.0,320.0,132.0,380.0,1684.0,1428.0,820.0,404.0,801.0,3529.0,13885.0,6274.0,4381.0,4281.0,29105.0,114416.0,29105.0,72377.0,3657.0,16092.0,10600.0,23397.0,37096.0,14759.0,8189.0,39965.0,14991.0
1981-06-30,2367.045,89421.14,,,,,,,,,,,,,,,,,39131.0,1889.0,1112.0,1431.0,909.0,1274.0,96.0,321.0,130.0,128.0,1037.0,7786.0,1357.0,5400.0,1642.0,3974.0,4980.0,72597.0,19995.0,851.0,417.0,858.0,333.0,570.0,28.0,148.0,22.0,12.0,253.0,3271.0,583.0,1275.0,848.0,1186.0,1678.0,32328.0,11846.0,40.0,333.0,307.0,212.0,184.0,4.0,64.0,16.0,20.0,294.0,1600.0,455.0,2516.0,351.0,1490.0,1351.0,21083.0,2919.0,748.0,264.0,166.0,140.0,85.0,44.0,72.0,44.0,8.0,218.0,1816.0,215.0,1027.0,257.0,618.0,709.0,9350.0,4371.0,250.0,98.0,100.0,224.0,435.0,20.0,37.0,48.0,88.0,272.0,1099.0,104.0,582.0,186.0,680.0,1242.0,9836.0,,,,,,,,,,,,,,,,,,,,,,,,,,,,,,,,,,,,,,,,,,,,,,,,,,,,,,,,,,,,,,,,,,,,,,,,,81.0,72.0,44.0,20.0,89.0,306.0,5060.0,4143.0,2516.0,1396.0,13115.0,1836.0,340.0,620.0,732.0,3528.0,276.0,128.0,44.0,116.0,564.0,140.0,16.0,44.0,216.0,28.0,44.0,2280.0,492.0,680.0,900.0,4352.0,428.0,36.0,240.0,224.0,928.0,0.0,0.0,12.0,16.0,28.0,72.0,28.0,80.0,212.0,4.0,4.0,8.0,12.0,28.0,12.0,4.0,4.0,16.0,36.0,516.0,72.0,344.0,300.0,1232.0,84.0,48.0,64.0,32.0,228.0,32.0,12.0,28.0,16.0,88.0,20.0,8.0,8.0,16.0,52.0,112.0,20.0,164.0,4.0,4.0,8.0,8.0,24.0,40.0,28.0,20.0,20.0,108.0,292.0,120.0,140.0,112.0,664.0,808.0,192.0,484.0,412.0,1896.0,236.0,412.0,224.0,224.0,1096.0,56.0,4.0,16.0,20.0,96.0,0.0,8.0,8.0,292.0,424.0,240.0,244.0,1200.0,80.0,16.0,52.0,52.0,200.0,44.0,68.0,160.0,56.0,12.0,12.0,80.0,20.0,36.0,36.0,80.0,172.0,12.0,8.0,8.0,228.0,256.0,212.0,140.0,144.0,372.0,868.0,504.0,564.0,384.0,616.0,2068.0,24.0,40.0,8.0,4.0,76.0,384.0,264.0,200.0,408.0,1256.0,608.0,312.0,188.0,272.0,1396.0,1016.0,616.0,396.0,664.0,2728.0,9668.0,6007.0,4460.0,3880.0,24159.0,142677.0,28264.0,81117.0,2033.0,18898.0,14184.0,20012.0,35787.0,14181.0,4481.0,40594.0,10513.0
1981-07-31,4991.1601,119027.9,,,,,,,,,,,,,,,,,34176.0,3145.0,2451.0,1519.0,1262.0,1047.0,132.0,404.0,147.0,103.0,1091.0,8592.0,2200.0,8596.0,2999.0,6312.0,7032.0,81208.0,18889.0,1512.0,1178.0,580.0,380.0,462.0,68.0,150.0,12.0,4.0,373.0,3358.0,777.0,1990.0,1656.0,2263.0,2353.0,36005.0,8601.0,140.0,720.0,179.0,235.0,164.0,4.0,87.0,12.0,24.0,181.0,1646.0,828.0,4456.0,695.0,2399.0,1825.0,22196.0,3068.0,1162.0,268.0,448.0,249.0,98.0,32.0,88.0,86.0,60.0,230.0,2319.0,225.0,963.0,387.0,772.0,869.0,11324.0,3618.0,331.0,285.0,312.0,398.0,323.0,28.0,79.0,37.0,15.0,307.0,1269.0,370.0,1187.0,261.0,878.0,1985.0,11683.0,,,,,,,,,,,,,,,,,,,,,,,,,,,,,,,,,,,,,,,,,,,,,,,,,,,,,,,,,,,,,,,,,,,,,,,,,132.0,88.0,31.0,4.0,72.0,327.0,6426.0,3083.0,2452.0,1326.0,13287.0,2673.0,566.0,608.0,900.0,4747.0,460.0,228.0,36.0,128.0,852.0,236.0,16.0,16.0,268.0,76.0,104.0,3445.0,814.0,660.0,1052.0,5971.0,804.0,48.0,300.0,176.0,1328.0,4.0,0.0,12.0,24.0,40.0,156.0,68.0,44.0,308.0,12.0,4.0,28.0,16.0,60.0,20.0,12.0,24.0,12.0,68.0,996.0,132.0,408.0,268.0,1804.0,120.0,52.0,64.0,48.0,284.0,56.0,12.0,16.0,28.0,112.0,8.0,16.0,16.0,8.0,48.0,65.0,16.0,93.0,16.0,16.0,16.0,20.0,68.0,44.0,20.0,8.0,36.0,108.0,309.0,132.0,120.0,152.0,713.0,1305.0,264.0,528.0,420.0,2517.0,476.0,744.0,272.0,216.0,1708.0,80.0,24.0,32.0,68.0,204.0,4.0,4.0,8.0,560.0,772.0,304.0,284.0,1920.0,280.0,49.0,60.0,48.0,437.0,112.0,117.0,282.0,80.0,36.0,12.0,144.0,140.0,60.0,96.0,124.0,420.0,40.0,8.0,16.0,304.0,368.0,652.0,270.0,200.0,529.0,1651.0,1212.0,1042.0,504.0,813.0,3571.0,84.0,36.0,52.0,24.0,196.0,663.0,244.0,160.0,692.0,1759.0,680.0,380.0,196.0,512.0,1788.0,1427.0,660.0,408.0,1068.0,3743.0,13815.0,5863.0,4552.0,4595.0,29089.0,159574.0,58375.0,113428.0,5364.0,46059.0,21945.0,34402.0,55535.0,15857.0,5704.0,49547.0,14459.0
1981-08-31,4772.9444,133411.3,,,,,,,,,,,,,,,,,31016.0,3499.0,1609.0,1412.0,1697.0,1577.0,278.0,399.0,204.0,152.0,1197.0,8974.0,1838.0,7508.0,2265.0,4640.0,6733.0,74998.0,15962.0,1826.0,764.0,605.0,764.0,540.0,154.0,132.0,32.0,16.0,276.0,3546.0,779.0,1746.0,1131.0,1704.0,2391.0,32368.0,7495.0,80.0,375.0,297.0,486.0,182.0,32.0,32.0,40.0,32.0,254.0,1440.0,476.0,3395.0,369.0,1381.0,1742.0,18108.0,3246.0,1140.0,284.0,414.0,188.0,119.0,80.0,162.0,56.0,68.0,290.0,2891.0,343.0,1199.0,417.0,785.0,1042.0,12724.0,4313.0,453.0,186.0,96.0,259.0,736.0,12.0,73.0,76.0,36.0,377.0,1097.0,240.0,1168.0,348.0,770.0,1558.0,11798.0,,,,,,,,,,,,,,,,,,,,,,,,,,,,,,,,,,,,,,,,,,,,,,,,,,,,,,,,,,,,,,,,,,,,,,,,,125.0,120.0,36.0,8.0,121.0,410.0,8828.0,3512.0,2489.0,1885.0,16714.0,2801.0,560.0,608.0,916.0,4885.0,512.0,180.0,48.0,212.0,952.0,124.0,16.0,44.0,196.0,40.0,108.0,3477.0,768.0,680.0,1216.0,6141.0,892.0,40.0,256.0,108.0,1296.0,20.0,0.0,4.0,0.0,24.0,164.0,56.0,56.0,308.0,20.0,4.0,12.0,40.0,76.0,4.0,0.0,12.0,16.0,32.0,1100.0,100.0,340.0,196.0,1736.0,112.0,32.0,48.0,52.0,244.0,100.0,24.0,12.0,32.0,168.0,16.0,0.0,28.0,20.0,64.0,124.0,16.0,168.0,24.0,8.0,20.0,8.0,60.0,32.0,37.0,28.0,28.0,125.0,408.0,117.0,140.0,164.0,829.0,1508.0,217.0,480.0,360.0,2565.0,432.0,701.0,248.0,256.0,1637.0,36.0,8.0,32.0,44.0,120.0,8.0,0.0,16.0,476.0,709.0,284.0,304.0,1773.0,384.0,68.0,52.0,40.0,544.0,60.0,44.0,180.0,76.0,20.0,28.0,136.0,356.0,28.0,84.0,136.0,604.0,12.0,16.0,8.0,20.0,56.0,888.0,176.0,208.0,248.0,1520.0,1364.0,885.0,492.0,552.0,3293.0,496.0,40.0,40.0,4.0,580.0,549.0,396.0,176.0,452.0,1573.0,1160.0,436.0,264.0,392.0,2268.0,2205.0,872.0,480.0,824.0,4421.0,17382.0,6254.0,4621.0,4625.0,33134.0,176853.0,69309.0,109722.0,6058.0,64972.0,19024.0,32641.0,38918.0,16853.0,9452.0,37725.0,14547.0
1981-09-30,2894.6784,112890.7,,,,,,,,,,,,,,,,,20649.0,3522.0,900.0,1399.0,1086.0,844.0,161.0,444.0,162.0,111.0,1085.0,6967.0,1761.0,8735.0,2003.0,4895.0,8103.0,62827.0,10032.0,2065.0,212.0,558.0,404.0,303.0,32.0,172.0,23.0,4.0,187.0,2971.0,749.0,2032.0,947.0,1462.0,2682.0,24835.0,4459.0,80.0,225.0,202.0,236.0,98.0,11.0,48.0,4.0,8.0,173.0,1004.0,427.0,4409.0,529.0,1808.0,1690.0,15411.0,2897.0,979.0,252.0,435.0,164.0,114.0,71.0,106.0,55.0,44.0,236.0,2229.0,298.0,1448.0,278.0,883.0,1487.0,11976.0,3261.0,398.0,211.0,204.0,282.0,329.0,47.0,118.0,80.0,55.0,489.0,763.0,287.0,846.0,249.0,742.0,2244.0,10605.0,,,,,,,,,,,,,,,,,,,,,,,,,,,,,,,,,,,,,,,,,,,,,,,,,,,,,,,,,,,,,,,,,,,,,,,,,166.0,80.0,51.0,68.0,115.0,480.0,8502.0,2677.0,2208.0,1653.0,15040.0,2772.0,216.0,497.0,777.0,4262.0,440.0,108.0,76.0,156.0,780.0,124.0,4.0,44.0,192.0,52.0,60.0,3388.0,328.0,593.0,985.0,5294.0,1080.0,24.0,248.0,116.0,1468.0,12.0,4.0,24.0,0.0,40.0,88.0,24.0,40.0,172.0,0.0,0.0,20.0,8.0,28.0,4.0,4.0,16.0,36.0,60.0,1184.0,56.0,348.0,180.0,1768.0,116.0,20.0,88.0,40.0,264.0,48.0,12.0,24.0,20.0,104.0,20.0,4.0,24.0,12.0,60.0,68.0,0.0,116.0,8.0,12.0,4.0,20.0,44.0,24.0,20.0,24.0,24.0,92.0,284.0,68.0,184.0,144.0,680.0,1468.0,124.0,532.0,324.0,2448.0,376.0,588.0,328.0,257.0,1549.0,72.0,20.0,60.0,76.0,228.0,8.0,4.0,16.0,456.0,612.0,388.0,337.0,1793.0,188.0,56.0,48.0,60.0,352.0,56.0,72.0,164.0,116.0,12.0,16.0,152.0,52.0,8.0,76.0,88.0,224.0,16.0,4.0,8.0,180.0,208.0,428.0,152.0,176.0,344.0,1100.0,884.0,764.0,564.0,681.0,2893.0,204.0,40.0,12.0,4.0,260.0,500.0,256.0,172.0,532.0,1460.0,840.0,304.0,108.0,324.0,1616.0,1544.0,600.0,292.0,736.0,3336.0,15786.0,4493.0,4189.0,4135.0,29011.0,159808.0,36477.0,86156.0,3332.0,25915.0,12585.0,22772.0,32173.0,13475.0,3705.0,33956.0,7872.0
1981-10-31,1860.4801,96718.14,,,,,,,,,,,,,,,,,20026.0,4947.0,1175.0,1792.0,1979.0,1526.0,443.0,659.0,297.0,204.0,1449.0,12628.0,2647.0,12127.0,3633.0,7439.0,7321.0,80292.0,8819.0,2677.0,385.0,862.0,913.0,657.0,288.0,301.0,12.0,32.0,305.0,6789.0,1303.0,3552.0,1916.0,2542.0,2215.0,33568.0,4853.0,60.0,345.0,320.0,478.0,190.0,19.0,76.0,20.0,64.0,370.0,1334.0,503.0,6025.0,703.0,2457.0,1954.0,19771.0,3225.0,1488.0,324.0,499.0,268.0,329.0,96.0,119.0,189.0,52.0,332.0,3032.0,568.0,1558.0,707.0,1470.0,1096.0,15352.0,3129.0,722.0,121.0,111.0,320.0,350.0,40.0,163.0,76.0,56.0,442.0,1473.0,273.0,992.0,307.0,970.0,2056.0,11601.0,,,,,,,,,,,,,,,,,,,,,,,,,,,,,,,,,,,,,,,,,,,,,,,,,,,,,,,,,,,,,,,,,,,,,,,,,116.0,191.0,48.0,13.0,143.0,511.0,8580.0,2845.0,2385.0,1392.0,15202.0,6412.0,468.0,608.0,1232.0,8720.0,1080.0,200.0,60.0,192.0,1532.0,144.0,12.0,24.0,196.0,100.0,200.0,7736.0,692.0,700.0,1520.0,10648.0,1808.0,28.0,408.0,256.0,2500.0,140.0,4.0,20.0,0.0,164.0,64.0,16.0,40.0,152.0,64.0,0.0,12.0,8.0,84.0,32.0,0.0,16.0,8.0,56.0,2108.0,48.0,496.0,304.0,2956.0,168.0,24.0,56.0,12.0,260.0,68.0,16.0,32.0,20.0,136.0,96.0,4.0,24.0,16.0,140.0,124.0,4.0,180.0,76.0,8.0,24.0,16.0,124.0,20.0,16.0,28.0,48.0,112.0,552.0,72.0,188.0,140.0,952.0,2660.0,120.0,684.0,444.0,3908.0,764.0,1100.0,464.0,381.0,2709.0,132.0,52.0,64.0,104.0,352.0,4.0,12.0,36.0,900.0,1164.0,544.0,489.0,3097.0,612.0,124.0,140.0,104.0,980.0,80.0,92.0,268.0,132.0,56.0,16.0,224.0,172.0,20.0,128.0,48.0,368.0,8.0,12.0,36.0,56.0,112.0,1004.0,304.0,376.0,268.0,1952.0,1904.0,1468.0,920.0,757.0,5049.0,88.0,64.0,44.0,16.0,212.0,464.0,404.0,236.0,552.0,1656.0,1352.0,436.0,276.0,532.0,2628.0,1904.0,904.0,556.0,1080.0,4496.0,22784.0,6029.0,5245.0,5101.0,39303.0,73833.0,15704.0,49826.0,2052.0,8368.0,6471.0,12420.0,18662.0,6077.0,4847.0,28655.0,5944.0
1981-11-30,1185.1501,76462.8,,,,,,,,,,,,,,,,,14791.0,8864.0,1260.0,2698.0,3257.0,1303.0,1049.0,440.0,239.0,179.0,1385.0,11448.0,2856.0,16118.0,4452.0,10321.0,7708.0,88368.0,5161.0,6305.0,428.0,1606.0,1652.0,551.0,885.0,233.0,8.0,28.0,365.0,6120.0,1542.0,3472.0,2416.0,3558.0,2607.0,36937.0,3587.0,143.0,372.0,581.0,1206.0,210.0,16.0,60.0,8.0,36.0,416.0,1357.0,699.0,9808.0,1040.0,4385.0,2577.0,26501.0,3258.0,1528.0,286.0,326.0,116.0,167.0,56.0,114.0,175.0,67.0,325.0,2607.0,390.0,1561.0,645.0,1388.0,831.0,13840.0,2785.0,888.0,174.0,185.0,283.0,375.0,92.0,33.0,48.0,48.0,279.0,1364.0,225.0,1277.0,351.0,990.0,1693.0,11090.0,,,,,,,,,,,,,,,,,,,,,,,,,,,,,,,,,,,,,,,,,,,,,,,,,,,,,,,,,,,,,,,,,,,,,,,,,78.0,61.0,128.0,59.0,64.0,390.0,7280.0,3309.0,2472.0,1284.0,14345.0,6296.0,428.0,724.0,916.0,8364.0,1176.0,268.0,84.0,168.0,1696.0,40.0,28.0,32.0,120.0,40.0,48.0,7552.0,724.0,828.0,1124.0,10228.0,3984.0,20.0,380.0,128.0,4512.0,312.0,0.0,4.0,0.0,316.0,100.0,28.0,84.0,220.0,64.0,4.0,28.0,16.0,112.0,52.0,4.0,4.0,4.0,64.0,4512.0,60.0,500.0,156.0,5228.0,652.0,52.0,68.0,48.0,820.0,312.0,48.0,32.0,68.0,460.0,12.0,0.0,20.0,20.0,52.0,104.0,0.0,136.0,4.0,8.0,16.0,16.0,44.0,36.0,32.0,52.0,28.0,148.0,1120.0,140.0,208.0,192.0,1660.0,5632.0,200.0,708.0,348.0,6888.0,1072.0,2776.0,524.0,400.0,4772.0,300.0,36.0,76.0,68.0,480.0,16.0,24.0,44.0,1388.0,2836.0,604.0,468.0,5296.0,800.0,112.0,144.0,96.0,1152.0,312.0,496.0,944.0,260.0,65.0,52.0,397.0,172.0,84.0,88.0,80.0,424.0,28.0,12.0,28.0,84.0,152.0,1572.0,769.0,392.0,336.0,3069.0,2960.0,3605.0,996.0,804.0,8365.0,60.0,104.0,4.0,4.0,172.0,656.0,416.0,264.0,508.0,1844.0,1680.0,646.0,264.0,484.0,3082.0,2396.0,1166.0,532.0,972.0,5098.0,25820.0,9004.0,5536.0,4448.0,44924.0,14700.0,5748.0,8327.0,1129.0,4734.0,789.0,1990.0,1631.0,1537.0,8149.0,14209.0,4010.0
1981-12-31,1313.6599,57951.68,,,,,,,,,,,,,,,,,27065.0,5698.0,1865.0,3003.0,2455.0,2036.0,483.0,578.0,247.0,172.0,1580.0,9362.0,3821.0,24019.0,5999.0,11552.0,13126.0,113061.0,10577.0,4080.0,874.0,1772.0,1306.0,1305.0,424.0,330.0,61.0,68.0,579.0,3996.0,1616.0,5326.0,3349.0,3739.0,5481.0,44883.0,11456.0,245.0,537.0,791.0,800.0,261.0,7.0,133.0,44.0,12.0,651.0,3127.0,1788.0,16200.0,1974.0,6218.0,5208.0,49452.0,1845.0,743.0,253.0,260.0,80.0,130.0,24.0,64.0,61.0,44.0,129.0,1183.0,120.0,707.0,250.0,562.0,501.0,6956.0,3187.0,630.0,201.0,180.0,269.0,340.0,28.0,51.0,81.0,48.0,221.0,1056.0,297.0,1786.0,426.0,1033.0,1936.0,11770.0,,,,,,,,,,,,,,,,,,,,,,,,,,,,,,,,,,,,,,,,,,,,,,,,,,,,,,,,,,,,,,,,,,,,,,,,,161.0,92.0,206.0,93.0,135.0,687.0,17476.0,15288.0,1472.0,1996.0,36232.0,3324.0,1268.0,448.0,756.0,5796.0,1096.0,760.0,44.0,128.0,2028.0,64.0,68.0,52.0,188.0,48.0,108.0,4532.0,2140.0,496.0,952.0,8120.0,2092.0,64.0,180.0,120.0,2456.0,144.0,4.0,16.0,356.0,520.0,232.0,116.0,32.0,400.0,40.0,0.0,12.0,40.0,92.0,100.0,40.0,24.0,20.0,184.0,2608.0,224.0,264.0,556.0,3652.0,660.0,112.0,48.0,44.0,864.0,288.0,92.0,12.0,24.0,416.0,32.0,4.0,8.0,12.0,56.0,228.0,28.0,264.0,4.0,36.0,12.0,4.0,56.0,80.0,56.0,16.0,28.0,180.0,1292.0,328.0,100.0,116.0,1836.0,3900.0,552.0,364.0,672.0,5488.0,1448.0,5027.0,184.0,392.0,7051.0,160.0,128.0,36.0,96.0,420.0,4.0,36.0,52.0,1612.0,5191.0,220.0,500.0,7523.0,740.0,184.0,72.0,96.0,1092.0,276.0,584.0,920.0,328.0,196.0,12.0,576.0,272.0,164.0,88.0,92.0,616.0,20.0,44.0,20.0,132.0,216.0,1636.0,1172.0,208.0,404.0,3420.0,3248.0,6363.0,428.0,904.0,10943.0,252.0,112.0,4.0,20.0,388.0,2400.0,1662.0,132.0,624.0,4818.0,2040.0,1744.0,180.0,761.0,4737.0,4692.0,3518.0,316.0,1361.0,9943.0,33848.0,27861.0,3076.0,5761.0,70726.0,14291.0,5688.0,6499.0,1059.0,7304.0,570.0,1600.0,1412.0,664.0,5902.0,10699.0,4228.0
1982-01-31,1160.9151,62094.69,,,,,,,,,,,,,,,,,14110.0,4985.0,2413.0,1414.0,1768.0,1022.0,176.0,434.0,227.0,82.0,918.0,9412.0,3199.0,17656.0,3778.0,7594.0,10047.0,79235.0,5479.0,3437.0,1145.0,512.0,605.0,393.0,124.0,173.0,32.0,16.0,212.0,4481.0,1678.0,4671.0,2267.0,2915.0,3696.0,31836.0,3700.0,140.0,521.0,266.0,400.0,129.0,0.0,48.0,40.0,8.0,224.0,1357.0,634.0,9859.0,784.0,3047.0,2280.0,23437.0,1496.0,847.0,276.0,373.0,92.0,96.0,24.0,98.0,77.0,24.0,132.0,2247.0,266.0,1142.0,330.0,751.0,626.0,8897.0,3435.0,561.0,471.0,263.0,671.0,404.0,28.0,115.0,78.0,34.0,350.0,1327.0,621.0,1984.0,397.0,881.0,3445.0,15065.0,,,,,,,,,,,,,,,,,,,,,,,,,,,,,,,,,,,,,,,,,,,,,,,,,,,,,,,,,,,,,,,,,,,,,,,,,189.0,80.0,100.0,12.0,58.0,439.0,11764.0,5336.0,1840.0,2756.0,21696.0,4640.0,752.0,584.0,1148.0,7124.0,1812.0,400.0,68.0,212.0,2492.0,168.0,20.0,56.0,256.0,44.0,72.0,6664.0,1172.0,672.0,1436.0,9944.0,1828.0,40.0,212.0,184.0,2264.0,56.0,0.0,0.0,276.0,332.0,229.0,80.0,44.0,385.0,12.0,4.0,52.0,40.0,108.0,4.0,4.0,12.0,12.0,32.0,2129.0,128.0,320.0,544.0,3121.0,188.0,64.0,60.0,28.0,340.0,72.0,32.0,48.0,44.0,196.0,32.0,8.0,8.0,12.0,60.0,72.0,8.0,104.0,8.0,8.0,20.0,24.0,60.0,36.0,24.0,12.0,32.0,104.0,408.0,144.0,152.0,160.0,864.0,2537.0,272.0,472.0,704.0,3985.0,1520.0,3853.0,332.0,416.0,6121.0,184.0,56.0,72.0,60.0,372.0,20.0,24.0,56.0,1724.0,3933.0,408.0,484.0,6549.0,776.0,152.0,76.0,88.0,1092.0,236.0,388.0,688.0,300.0,128.0,16.0,472.0,216.0,72.0,64.0,60.0,412.0,12.0,4.0,28.0,92.0,136.0,1540.0,744.0,208.0,308.0,2800.0,3264.0,4677.0,616.0,792.0,9349.0,96.0,56.0,16.0,12.0,180.0,1360.0,488.0,80.0,568.0,2496.0,1220.0,658.0,136.0,588.0,2650.0,2676.0,1202.0,232.0,1060.0,5326.0,26905.0,12659.0,3832.0,6384.0,50300.0,8605.0,4494.0,5653.0,712.0,3945.0,518.0,1126.0,1331.0,663.0,4476.0,10044.0,3457.0
1982-02-28,1061.5049,55118.23,,,,,,,,,,,,,,,,,12391.0,6367.0,1427.0,1625.0,1955.0,1116.0,304.0,467.0,199.0,161.0,1138.0,11770.0,3077.0,17114.0,4972.0,7521.0,7620.0,79224.0,4078.0,4253.0,430.0,451.0,495.0,443.0,272.0,148.0,48.0,64.0,280.0,5847.0,1843.0,3983.0,2840.0,2636.0,2339.0,30450.0,2936.0,120.0,293.0,165.0,249.0,100.0,4.0,73.0,16.0,12.0,208.0,1144.0,556.0,9436.0,1191.0,2834.0,1757.0,21094.0,2636.0,1294.0,322.0,402.0,117.0,100.0,16.0,121.0,72.0,32.0,185.0,3080.0,302.0,2099.0,569.0,1037.0,981.0,13365.0,2741.0,700.0,382.0,607.0,1094.0,473.0,12.0,125.0,63.0,53.0,465.0,1699.0,376.0,1596.0,372.0,1014.0,2543.0,14315.0,,,,,,,,,,,,,,,,,,,,,,,,,,,,,,,,,,,,,,,,,,,,,,,,,,,,,,,,,,,,,,,,,,,,,,,,,60.0,99.0,56.0,28.0,52.0,295.0,10176.0,4844.0,2625.0,1377.0,19022.0,5980.0,716.0,916.0,1264.0,8876.0,1556.0,252.0,88.0,124.0,2020.0,100.0,32.0,28.0,180.0,84.0,112.0,7720.0,1016.0,1028.0,1424.0,11188.0,2188.0,36.0,300.0,156.0,2680.0,100.0,0.0,8.0,4.0,112.0,100.0,32.0,40.0,256.0,8.0,0.0,28.0,60.0,96.0,0.0,4.0,12.0,4.0,20.0,2396.0,72.0,388.0,308.0,3164.0,172.0,36.0,72.0,60.0,340.0,80.0,40.0,48.0,28.0,196.0,28.0,8.0,12.0,20.0,68.0,76.0,16.0,132.0,12.0,8.0,16.0,0.0,36.0,60.0,24.0,16.0,24.0,124.0,428.0,132.0,176.0,160.0,896.0,2824.0,204.0,564.0,468.0,4060.0,1240.0,2040.0,568.0,292.0,4140.0,144.0,76.0,60.0,48.0,328.0,28.0,32.0,64.0,1412.0,2148.0,632.0,340.0,4532.0,884.0,136.0,136.0,132.0,1288.0,292.0,460.0,832.0,244.0,64.0,28.0,340.0,160.0,44.0,148.0,84.0,436.0,12.0,4.0,16.0,44.0,76.0,1592.0,708.0,372.0,300.0,2972.0,3004.0,2856.0,1004.0,640.0,7504.0,64.0,44.0,12.0,0.0,120.0,704.0,424.0,128.0,716.0,1972.0,1260.0,533.0,256.0,440.0,2597.0,2028.0,1001.0,396.0,1008.0,4689.0,25752.0,9921.0,5617.0,4693.0,46463.0,9126.0,5078.0,5351.0,698.0,3343.0,590.0,1263.0,1286.0,559.0,9989.0,9297.0,2718.0
1982-03-31,1301.77,66128.35,,,,,,,,,,,,,,,,,15544.0,5765.0,1541.0,1911.0,2068.0,1180.0,433.0,474.0,185.0,310.0,1392.0,12345.0,3155.0,18866.0,5051.0,6963.0,7340.0,84523.0,4805.0,3643.0,552.0,841.0,856.0,476.0,292.0,173.0,24.0,28.0,445.0,6549.0,1704.0,4118.0,2749.0,2228.0,2312.0,31795.0,3895.0,126.0,422.0,428.0,564.0,201.0,20.0,77.0,12.0,67.0,318.0,1482.0,793.0,11268.0,1055.0,2086.0,2057.0,24871.0,3211.0,1108.0,362.0,425.0,214.0,112.0,96.0,130.0,117.0,78.0,344.0,2999.0,371.0,1940.0,666.0,1541.0,995.0,14709.0,3633.0,888.0,205.0,217.0,434.0,391.0,25.0,94.0,32.0,137.0,285.0,1315.0,287.0,1540.0,581.0,1108.0,1976.0,13148.0,,,,,,,,,,,,,,,,,,,,,,,,,,,,,,,,,,,,,,,,,,,,,,,,,,,,,,,,,,,,,,,,,,,,,,,,,97.0,91.0,68.0,14.0,67.0,337.0,9720.0,3848.0,2824.0,1180.0,17572.0,6240.0,556.0,820.0,840.0,8456.0,1220.0,304.0,106.0,140.0,1770.0,100.0,20.0,104.0,228.0,36.0,68.0,7596.0,892.0,938.0,1096.0,10522.0,2012.0,56.0,249.0,144.0,2461.0,88.0,4.0,24.0,8.0,124.0,68.0,32.0,64.0,188.0,8.0,4.0,28.0,4.0,44.0,36.0,4.0,16.0,24.0,80.0,2212.0,100.0,381.0,204.0,2897.0,200.0,56.0,76.0,32.0,364.0,64.0,28.0,32.0,56.0,180.0,8.0,8.0,12.0,8.0,36.0,72.0,12.0,144.0,4.0,28.0,12.0,4.0,48.0,32.0,32.0,52.0,72.0,188.0,380.0,164.0,212.0,204.0,960.0,2592.0,264.0,593.0,408.0,3857.0,820.0,1348.0,560.0,328.0,3056.0,144.0,68.0,72.0,44.0,328.0,8.0,16.0,32.0,972.0,1432.0,636.0,376.0,3416.0,724.0,84.0,140.0,48.0,996.0,92.0,172.0,332.0,224.0,44.0,32.0,304.0,140.0,48.0,132.0,44.0,364.0,8.0,0.0,40.0,200.0,248.0,1188.0,348.0,384.0,324.0,2244.0,2160.0,1780.0,1020.0,700.0,5660.0,84.0,76.0,36.0,8.0,204.0,692.0,448.0,224.0,508.0,1872.0,1500.0,612.0,240.0,380.0,2748.0,2276.0,1136.0,500.0,844.0,4824.0,24344.0,7920.0,5875.0,4168.0,42435.0,19606.0,13422.0,29811.0,2277.0,8532.0,1221.0,2515.0,2321.0,1582.0,9890.0,15892.0,5590.0
1982-04-30,1794.3798,71334.26,,,,,,,,,,,,,,,,,17113.0,4647.0,1707.0,1901.0,2620.0,1022.0,395.0,532.0,245.0,160.0,1523.0,11087.0,2768.0,21133.0,2551.0,5425.0,7859.0,82688.0,6075.0,2892.0,773.0,945.0,1286.0,521.0,344.0,282.0,36.0,24.0,452.0,5563.0,1283.0,4616.0,1398.0,1782.0,2672.0,30944.0,5144.0,112.0,545.0,276.0,729.0,153.0,8.0,88.0,44.0,36.0,476.0,2208.0,1036.0,13639.0,479.0,1995.0,2279.0,29247.0,2713.0,988.0,299.0,390.0,212.0,95.0,20.0,96.0,121.0,52.0,190.0,2414.0,168.0,1202.0,386.0,948.0,873.0,11167.0,3181.0,655.0,90.0,290.0,393.0,253.0,23.0,66.0,44.0,48.0,405.0,902.0,281.0,1676.0,288.0,700.0,2035.0,11330.0,,,,,,,,,,,,,,,,,,,,,,,,,,,,,,,,,,,,,,,,,,,,,,,,,,,,,,,,,,,,,,,,,,,,,,,,,96.0,131.0,70.0,20.0,56.0,373.0,8644.0,4369.0,2556.0,1528.0,17097.0,4612.0,596.0,584.0,844.0,6636.0,896.0,244.0,96.0,208.0,1444.0,136.0,12.0,44.0,208.0,44.0,69.0,5688.0,864.0,700.0,1105.0,8357.0,1860.0,16.0,224.0,124.0,2224.0,92.0,4.0,8.0,0.0,104.0,128.0,36.0,32.0,216.0,4.0,4.0,20.0,4.0,32.0,52.0,0.0,24.0,8.0,84.0,2136.0,60.0,308.0,156.0,2660.0,172.0,40.0,40.0,52.0,304.0,96.0,28.0,32.0,36.0,192.0,28.0,8.0,16.0,12.0,64.0,72.0,8.0,100.0,12.0,4.0,12.0,8.0,36.0,36.0,28.0,24.0,28.0,116.0,416.0,116.0,140.0,140.0,812.0,2552.0,176.0,448.0,296.0,3472.0,700.0,964.0,292.0,228.0,2184.0,176.0,32.0,68.0,52.0,328.0,8.0,24.0,32.0,884.0,1020.0,360.0,280.0,2544.0,424.0,32.0,56.0,48.0,560.0,48.0,104.0,212.0,192.0,29.0,20.0,261.0,128.0,12.0,104.0,48.0,292.0,8.0,8.0,12.0,268.0,296.0,800.0,185.0,228.0,408.0,1621.0,1684.0,1205.0,588.0,688.0,4165.0,68.0,44.0,16.0,0.0,128.0,844.0,424.0,368.0,476.0,2112.0,956.0,476.0,176.0,388.0,2008.0,1868.0,944.0,560.0,848.0,4248.0,20436.0,7558.0,4852.0,4301.0,37339.0,72426.0,30892.0,62051.0,3325.0,18153.0,12042.0,14402.0,30127.0,11533.0,4605.0,29701.0,6964.0
1982-05-31,2106.4551,75644.72,,,,,,,,,,,,,,,,,20017.0,3726.0,1393.0,1190.0,1327.0,775.0,215.0,498.0,225.0,254.0,1451.0,8768.0,2015.0,7940.0,1586.0,3976.0,6352.0,61708.0,7513.0,2212.0,348.0,469.0,495.0,246.0,88.0,221.0,69.0,36.0,461.0,4067.0,926.0,1726.0,697.0,1297.0,2272.0,23143.0,5532.0,87.0,340.0,196.0,367.0,136.0,4.0,98.0,24.0,21.0,409.0,1292.0,372.0,3274.0,349.0,930.0,1413.0,14844.0,3186.0,1083.0,353.0,370.0,223.0,116.0,92.0,77.0,68.0,77.0,220.0,2511.0,377.0,1650.0,374.0,883.0,768.0,12428.0,3786.0,344.0,352.0,155.0,242.0,277.0,31.0,102.0,64.0,120.0,361.0,898.0,340.0,1290.0,166.0,866.0,1899.0,11293.0,,,,,,,,,,,,,,,,,,,,,,,,,,,,,,,,,,,,,,,,,,,,,,,,,,,,,,,,,,,,,,,,,,,,,,,,,27.0,96.0,46.0,24.0,40.0,233.0,6028.0,3780.0,2296.0,1776.0,13880.0,2700.0,384.0,632.0,772.0,4488.0,396.0,168.0,80.0,212.0,856.0,68.0,4.0,36.0,132.0,40.0,68.0,3204.0,556.0,744.0,1040.0,5544.0,1652.0,4.0,248.0,352.0,2256.0,32.0,0.0,12.0,8.0,52.0,52.0,32.0,68.0,160.0,8.0,0.0,4.0,12.0,24.0,12.0,16.0,8.0,8.0,44.0,1756.0,52.0,340.0,388.0,2536.0,68.0,24.0,52.0,40.0,184.0,56.0,36.0,4.0,16.0,112.0,16.0,8.0,20.0,8.0,52.0,56.0,36.0,120.0,16.0,8.0,24.0,32.0,80.0,56.0,24.0,24.0,40.0,144.0,268.0,136.0,136.0,152.0,692.0,2024.0,188.0,476.0,540.0,3228.0,348.0,532.0,376.0,228.0,1484.0,40.0,12.0,72.0,68.0,192.0,16.0,8.0,48.0,404.0,552.0,464.0,304.0,1724.0,188.0,32.0,80.0,52.0,352.0,36.0,56.0,144.0,56.0,8.0,16.0,84.0,40.0,44.0,92.0,44.0,220.0,0.0,12.0,20.0,12.0,44.0,320.0,152.0,220.0,152.0,844.0,724.0,704.0,684.0,456.0,2568.0,40.0,24.0,36.0,0.0,100.0,508.0,412.0,180.0,592.0,1692.0,1088.0,536.0,272.0,452.0,2396.0,1636.0,972.0,488.0,964.0,4188.0,13616.0,6200.0,4688.0,4540.0,29408.0,129100.0,44937.0,89671.0,1554.0,13096.0,13453.0,22155.0,40664.0,12513.0,5206.0,35842.0,9605.0
1982-06-30,2789.035,98380.43,,,,,,,,,,,,,,,,,25951.0,2244.0,1183.0,1902.0,1289.0,1299.0,108.0,411.0,245.0,152.0,1225.0,8511.0,1487.0,5729.0,1889.0,4580.0,5388.0,63593.0,12170.0,973.0,410.0,1024.0,613.0,568.0,56.0,196.0,35.0,40.0,360.0,3779.0,580.0,1672.0,978.0,1590.0,1468.0,26512.0,7928.0,53.0,351.0,400.0,347.0,198.0,4.0,44.0,32.0,52.0,329.0,1610.0,384.0,2444.0,450.0,1484.0,1608.0,17718.0,3024.0,1039.0,255.0,301.0,128.0,84.0,40.0,92.0,150.0,29.0,124.0,1816.0,240.0,1003.0,317.0,893.0,926.0,10461.0,2829.0,179.0,167.0,177.0,201.0,449.0,8.0,79.0,28.0,31.0,412.0,1306.0,283.0,610.0,144.0,613.0,1386.0,8902.0,,,,,,,,,,,,,,,,,,,,,,,,,,,,,,,,,,,,,,,,,,,,,,,,,,,,,,,,,,,,,,,,,,,,,,,,,15.0,73.0,48.0,19.0,20.0,175.0,5012.0,4060.0,2356.0,1408.0,12836.0,1768.0,468.0,701.0,672.0,3609.0,364.0,152.0,68.0,132.0,716.0,104.0,16.0,24.0,168.0,16.0,28.0,2252.0,644.0,797.0,828.0,4521.0,776.0,4.0,240.0,144.0,1164.0,24.0,8.0,8.0,0.0,40.0,68.0,36.0,20.0,160.0,20.0,4.0,36.0,12.0,72.0,0.0,4.0,16.0,0.0,20.0,888.0,56.0,320.0,192.0,1456.0,84.0,12.0,48.0,36.0,180.0,48.0,12.0,8.0,24.0,92.0,28.0,8.0,16.0,4.0,56.0,116.0,16.0,168.0,8.0,12.0,8.0,8.0,36.0,44.0,16.0,12.0,24.0,96.0,328.0,76.0,116.0,108.0,628.0,1216.0,132.0,436.0,300.0,2084.0,220.0,348.0,316.0,228.0,1112.0,52.0,12.0,48.0,36.0,148.0,4.0,8.0,20.0,276.0,368.0,368.0,268.0,1280.0,156.0,36.0,76.0,56.0,324.0,20.0,36.0,116.0,72.0,20.0,20.0,128.0,76.0,20.0,124.0,32.0,252.0,4.0,8.0,12.0,24.0,48.0,328.0,120.0,280.0,140.0,868.0,604.0,488.0,648.0,408.0,2148.0,20.0,16.0,16.0,0.0,52.0,348.0,300.0,156.0,376.0,1180.0,824.0,492.0,228.0,314.0,1878.0,1192.0,808.0,400.0,658.0,3110.0,10276.0,6132.0,4637.0,3410.0,24699.0,153976.0,38723.0,75216.0,1993.0,21038.0,20279.0,13054.0,42023.0,13321.0,5027.0,45007.0,9991.0
1982-07-31,4917.8469,127255.0,,,,,,,,,,,,,,,,,28356.0,3146.0,2399.0,1543.0,1106.0,1767.0,306.0,485.0,175.0,164.0,1492.0,11617.0,2367.0,11980.0,3020.0,6889.0,6841.0,83653.0,14285.0,1447.0,1129.0,565.0,484.0,887.0,200.0,181.0,28.0,16.0,480.0,4854.0,1083.0,2861.0,1589.0,2574.0,2330.0,34993.0,7390.0,206.0,735.0,291.0,301.0,184.0,16.0,92.0,40.0,12.0,293.0,1610.0,751.0,6652.0,707.0,2606.0,1776.0,23662.0,3467.0,1163.0,345.0,425.0,144.0,97.0,64.0,124.0,76.0,100.0,273.0,3658.0,235.0,1199.0,425.0,889.0,824.0,13508.0,3214.0,330.0,190.0,262.0,177.0,599.0,26.0,88.0,31.0,36.0,446.0,1495.0,298.0,1268.0,299.0,820.0,1911.0,11490.0,,,,,,,,,,,,,,,,,,,,,,,,,,,,,,,,,,,,,,,,,,,,,,,,,,,,,,,,,,,,,,,,,,,,,,,,,27.0,72.0,37.0,23.0,72.0,231.0,7236.0,3472.0,2724.0,1560.0,14992.0,3032.0,456.0,604.0,836.0,4928.0,560.0,192.0,64.0,148.0,964.0,52.0,8.0,12.0,80.0,40.0,72.0,3684.0,684.0,680.0,996.0,6044.0,552.0,44.0,232.0,120.0,948.0,44.0,4.0,8.0,0.0,56.0,240.0,68.0,52.0,408.0,24.0,0.0,24.0,12.0,60.0,0.0,8.0,12.0,8.0,28.0,860.0,124.0,332.0,188.0,1504.0,88.0,60.0,60.0,76.0,284.0,44.0,8.0,40.0,36.0,128.0,8.0,0.0,20.0,16.0,44.0,68.0,36.0,124.0,0.0,4.0,0.0,40.0,44.0,24.0,28.0,20.0,8.0,80.0,232.0,136.0,144.0,192.0,704.0,1092.0,260.0,476.0,380.0,2208.0,508.0,840.0,224.0,300.0,1872.0,68.0,24.0,24.0,24.0,140.0,4.0,24.0,44.0,580.0,888.0,260.0,328.0,2056.0,312.0,64.0,72.0,40.0,488.0,84.0,156.0,348.0,116.0,32.0,24.0,200.0,116.0,76.0,60.0,36.0,288.0,32.0,0.0,12.0,12.0,56.0,660.0,328.0,192.0,200.0,1380.0,1240.0,1216.0,452.0,528.0,3436.0,60.0,32.0,16.0,0.0,108.0,620.0,268.0,160.0,468.0,1516.0,936.0,452.0,200.0,468.0,2108.0,1616.0,752.0,376.0,880.0,3732.0,14868.0,6384.0,4708.0,4192.0,30412.0,180898.0,69125.0,102184.0,5157.0,44327.0,32469.0,29448.0,49928.0,17818.0,6486.0,52939.0,12652.0
1982-08-31,4994.4834,146442.7,,,,,,,,,,,,,,,,,25777.0,4427.0,2015.0,1735.0,1534.0,1273.0,261.0,324.0,240.0,164.0,1322.0,10674.0,2339.0,9067.0,1974.0,5940.0,6743.0,75809.0,12039.0,2589.0,827.0,849.0,732.0,378.0,108.0,180.0,14.0,20.0,315.0,4958.0,1173.0,2350.0,950.0,1911.0,2357.0,31750.0,6463.0,133.0,629.0,276.0,423.0,172.0,8.0,41.0,28.0,28.0,371.0,1785.0,509.0,4294.0,409.0,1900.0,1743.0,19212.0,3044.0,1124.0,361.0,338.0,174.0,112.0,86.0,80.0,103.0,81.0,212.0,2470.0,350.0,1314.0,414.0,1023.0,878.0,12164.0,4231.0,581.0,198.0,272.0,205.0,611.0,59.0,23.0,95.0,35.0,424.0,1461.0,307.0,1109.0,201.0,1106.0,1765.0,12683.0,,,,,,,,,,,,,,,,,,,,,,,,,,,,,,,,,,,,,,,,,,,,,,,,,,,,,,,,,,,,,,,,,,,,,,,,,16.0,72.0,84.0,11.0,40.0,223.0,10385.0,3865.0,2644.0,2136.0,19030.0,3324.0,640.0,700.0,968.0,5632.0,528.0,220.0,80.0,212.0,1040.0,28.0,4.0,8.0,56.0,20.0,40.0,3900.0,884.0,796.0,1188.0,6768.0,1292.0,12.0,336.0,192.0,1832.0,12.0,0.0,0.0,0.0,12.0,124.0,76.0,24.0,260.0,4.0,4.0,4.0,24.0,36.0,4.0,12.0,40.0,4.0,60.0,1436.0,104.0,404.0,268.0,2212.0,112.0,36.0,52.0,40.0,240.0,52.0,36.0,12.0,16.0,116.0,16.0,12.0,8.0,12.0,48.0,68.0,20.0,104.0,8.0,0.0,0.0,8.0,16.0,20.0,16.0,16.0,28.0,80.0,276.0,120.0,92.0,116.0,604.0,1712.0,224.0,496.0,384.0,2816.0,416.0,640.0,300.0,252.0,1608.0,56.0,40.0,40.0,52.0,188.0,0.0,0.0,12.0,472.0,680.0,340.0,316.0,1808.0,236.0,40.0,28.0,44.0,348.0,60.0,52.0,145.0,128.0,16.0,0.0,164.0,232.0,28.0,80.0,60.0,400.0,0.0,20.0,4.0,8.0,32.0,656.0,156.0,128.0,149.0,1089.0,1128.0,836.0,468.0,465.0,2897.0,60.0,24.0,4.0,8.0,96.0,640.0,300.0,352.0,584.0,1876.0,920.0,428.0,164.0,448.0,1980.0,1620.0,752.0,520.0,992.0,3952.0,18745.0,6561.0,4924.0,4929.0,35463.0,190373.0,67482.0,100077.0,4547.0,59223.0,23864.0,24877.0,43001.0,14892.0,6600.0,42067.0,14576.0
1982-09-30,3016.7542,121934.8,,,,,,,,,,,,,,,,,19142.0,4164.0,1442.0,1163.0,1380.0,1131.0,161.0,367.0,250.0,224.0,1234.0,8565.0,2725.0,10079.0,1823.0,4854.0,7399.0,66103.0,8456.0,2647.0,459.0,511.0,547.0,420.0,20.0,92.0,19.0,33.0,259.0,4247.0,1397.0,2904.0,912.0,1733.0,2435.0,27091.0,5199.0,71.0,217.0,145.0,404.0,150.0,16.0,68.0,20.0,24.0,207.0,922.0,444.0,4184.0,427.0,1508.0,1727.0,15733.0,2390.0,1071.0,302.0,317.0,116.0,118.0,76.0,96.0,123.0,65.0,324.0,2379.0,386.0,1336.0,344.0,939.0,924.0,11306.0,3097.0,375.0,464.0,190.0,313.0,443.0,49.0,111.0,88.0,102.0,444.0,1017.0,498.0,1655.0,140.0,674.0,2313.0,11973.0,,,,,,,,,,,,,,,,,,,,,,,,,,,,,,,,,,,,,,,,,,,,,,,,,,,,,,,,,,,,,,,,,,,,,,,,,32.0,69.0,52.0,13.0,42.0,208.0,8485.0,2762.0,2332.0,1340.0,14919.0,3436.0,348.0,576.0,704.0,5064.0,580.0,168.0,60.0,128.0,936.0,12.0,8.0,8.0,28.0,20.0,36.0,4048.0,528.0,644.0,844.0,6064.0,1360.0,4.0,276.0,256.0,1896.0,0.0,0.0,16.0,4.0,20.0,52.0,24.0,60.0,152.0,12.0,4.0,20.0,0.0,36.0,8.0,4.0,12.0,4.0,28.0,1432.0,36.0,384.0,280.0,2132.0,96.0,28.0,52.0,48.0,224.0,36.0,20.0,12.0,48.0,116.0,28.0,12.0,8.0,16.0,64.0,57.0,4.0,77.0,8.0,12.0,16.0,4.0,40.0,8.0,32.0,28.0,40.0,108.0,233.0,108.0,120.0,168.0,629.0,1665.0,144.0,504.0,448.0,2761.0,340.0,632.0,372.0,324.0,1668.0,40.0,20.0,60.0,24.0,144.0,0.0,12.0,12.0,380.0,664.0,432.0,348.0,1824.0,224.0,40.0,88.0,28.0,380.0,44.0,100.0,216.0,80.0,40.0,44.0,172.0,72.0,16.0,84.0,44.0,216.0,4.0,4.0,12.0,224.0,244.0,424.0,200.0,272.0,332.0,1228.0,804.0,864.0,704.0,680.0,3052.0,56.0,32.0,28.0,4.0,120.0,352.0,284.0,184.0,604.0,1424.0,924.0,386.0,184.0,352.0,1886.0,1332.0,702.0,396.0,868.0,3430.0,16334.0,5000.0,4580.0,3944.0,30226.0,166992.0,35541.0,78493.0,2840.0,25807.0,18057.0,17062.0,34925.0,14312.0,4884.0,37088.0,8362.0
1982-10-31,1941.5051,88537.55,,,,,,,,,,,,,,,,,18091.0,5521.0,1426.0,2132.0,1628.0,1297.0,380.0,527.0,216.0,189.0,1433.0,13046.0,2883.0,11254.0,3733.0,7690.0,6764.0,78210.0,7595.0,3622.0,568.0,982.0,697.0,576.0,280.0,200.0,11.0,44.0,416.0,7755.0,1496.0,3422.0,2076.0,2788.0,2207.0,34735.0,4719.0,145.0,314.0,361.0,544.0,158.0,36.0,148.0,44.0,20.0,380.0,1467.0,628.0,4776.0,904.0,2677.0,1658.0,18979.0,3283.0,1160.0,432.0,502.0,190.0,172.0,44.0,82.0,125.0,82.0,250.0,3010.0,330.0,2170.0,480.0,1303.0,857.0,14472.0,2494.0,594.0,112.0,287.0,197.0,391.0,20.0,97.0,36.0,43.0,387.0,814.0,429.0,886.0,273.0,922.0,2042.0,10024.0,,,,,,,,,,,,,,,,,,,,,,,,,,,,,,,,,,,,,,,,,,,,,,,,,,,,,,,,,,,,,,,,,,,,,,,,,33.0,121.0,41.0,16.0,39.0,250.0,7912.0,3298.0,2312.0,1044.0,14566.0,6208.0,416.0,804.0,1124.0,8552.0,1144.0,248.0,100.0,236.0,1728.0,48.0,8.0,4.0,68.0,20.0,48.0,7420.0,688.0,916.0,1372.0,10396.0,2168.0,12.0,412.0,104.0,2696.0,112.0,0.0,4.0,0.0,116.0,72.0,32.0,48.0,172.0,28.0,0.0,32.0,20.0,80.0,32.0,0.0,32.0,4.0,68.0,2416.0,48.0,528.0,148.0,3140.0,236.0,44.0,44.0,16.0,340.0,88.0,24.0,16.0,20.0,148.0,48.0,0.0,16.0,16.0,80.0,56.0,12.0,80.0,8.0,12.0,4.0,8.0,32.0,60.0,20.0,20.0,36.0,136.0,496.0,112.0,108.0,100.0,816.0,2912.0,160.0,636.0,248.0,3956.0,716.0,964.0,480.0,340.0,2500.0,128.0,64.0,76.0,92.0,360.0,12.0,16.0,56.0,856.0,1044.0,560.0,456.0,2916.0,604.0,104.0,132.0,100.0,940.0,180.0,96.0,384.0,224.0,16.0,20.0,284.0,192.0,44.0,152.0,24.0,412.0,20.0,4.0,12.0,12.0,48.0,1220.0,264.0,368.0,216.0,2068.0,2076.0,1308.0,928.0,672.0,4984.0,144.0,32.0,32.0,12.0,220.0,676.0,460.0,276.0,436.0,1848.0,1132.0,464.0,240.0,468.0,2324.0,1952.0,956.0,548.0,900.0,4392.0,22272.0,6410.0,5340.0,4100.0,38294.0,69940.0,15118.0,43982.0,2262.0,13902.0,8442.0,9937.0,19894.0,8324.0,4774.0,28649.0,4533.0
1982-11-30,1234.135,71126.15,,,,,,,,,,,,,,,,,12209.0,8850.0,1330.0,4018.0,3551.0,1283.0,732.0,356.0,306.0,172.0,1570.0,10531.0,2771.0,18958.0,3979.0,10425.0,7475.0,88516.0,4533.0,6257.0,573.0,2346.0,1863.0,560.0,580.0,205.0,48.0,32.0,489.0,5589.0,1729.0,4168.0,2068.0,3581.0,2458.0,37079.0,3147.0,142.0,314.0,965.0,1292.0,297.0,44.0,31.0,20.0,12.0,401.0,924.0,522.0,11332.0,1028.0,4514.0,2626.0,27611.0,2566.0,1554.0,266.0,428.0,172.0,108.0,76.0,72.0,175.0,68.0,235.0,3043.0,292.0,2076.0,537.0,1447.0,879.0,13994.0,1963.0,897.0,177.0,279.0,224.0,318.0,32.0,48.0,63.0,60.0,445.0,975.0,228.0,1382.0,346.0,883.0,1512.0,9832.0,,,,,,,,,,,,,,,,,,,,,,,,,,,,,,,,,,,,,,,,,,,,,,,,,,,,,,,,,,,,,,,,,,,,,,,,,71.0,52.0,80.0,68.0,68.0,339.0,7740.0,3571.0,2424.0,1168.0,14903.0,5380.0,500.0,596.0,776.0,7252.0,1356.0,264.0,60.0,176.0,1856.0,48.0,12.0,16.0,80.0,72.0,96.0,6856.0,792.0,664.0,972.0,9284.0,3600.0,36.0,368.0,88.0,4092.0,204.0,4.0,4.0,4.0,216.0,128.0,44.0,44.0,236.0,4.0,0.0,20.0,0.0,24.0,20.0,8.0,24.0,4.0,56.0,3956.0,92.0,460.0,116.0,4624.0,740.0,80.0,88.0,40.0,948.0,308.0,52.0,4.0,16.0,380.0,48.0,4.0,4.0,24.0,80.0,116.0,24.0,184.0,8.0,12.0,4.0,8.0,32.0,60.0,16.0,28.0,20.0,124.0,1280.0,188.0,136.0,144.0,1748.0,5236.0,280.0,596.0,260.0,6372.0,1240.0,3287.0,568.0,288.0,5383.0,228.0,92.0,104.0,76.0,500.0,16.0,16.0,36.0,1484.0,3395.0,672.0,368.0,5919.0,876.0,108.0,148.0,48.0,1180.0,216.0,384.0,712.0,328.0,88.0,48.0,484.0,216.0,92.0,152.0,48.0,508.0,16.0,40.0,92.0,368.0,516.0,1652.0,712.0,508.0,528.0,3400.0,3136.0,4107.0,1180.0,896.0,9319.0,72.0,100.0,16.0,8.0,196.0,628.0,432.0,200.0,516.0,1776.0,1672.0,696.0,308.0,424.0,3104.0,2372.0,1228.0,524.0,912.0,5076.0,25340.0,9978.0,5388.0,4128.0,44954.0,12119.0,5394.0,7201.0,1115.0,5738.0,840.0,1919.0,1324.0,1278.0,7484.0,14024.0,3584.0
1982-12-31,1378.7202,80209.51,,,,,,,,,,,,,,,,,24508.0,6590.0,2231.0,3862.0,2706.0,2431.0,484.0,513.0,204.0,144.0,1820.0,9716.0,3700.0,23407.0,4556.0,11582.0,13171.0,111625.0,10353.0,4531.0,1156.0,2768.0,1490.0,1516.0,424.0,322.0,23.0,68.0,525.0,3909.0,1683.0,5778.0,2659.0,4113.0,5234.0,46552.0,10931.0,452.0,734.0,648.0,847.0,484.0,12.0,100.0,32.0,12.0,642.0,3415.0,1673.0,15394.0,1413.0,5855.0,5184.0,47828.0,1056.0,972.0,247.0,194.0,84.0,142.0,32.0,65.0,97.0,16.0,141.0,1113.0,144.0,641.0,187.0,580.0,471.0,6182.0,2168.0,635.0,94.0,252.0,285.0,289.0,16.0,26.0,52.0,48.0,512.0,1279.0,200.0,1594.0,297.0,1034.0,2282.0,11063.0,,,,,,,,,,,,,,,,,,,,,,,,,,,,,,,,,,,,,,,,,,,,,,,,,,,,,,,,,,,,,,,,,,,,,,,,,65.0,56.0,121.0,84.0,30.0,356.0,16880.0,15950.0,1764.0,1569.0,36163.0,3304.0,1260.0,437.0,696.0,5697.0,1158.0,828.0,44.0,156.0,2186.0,28.0,40.0,12.0,84.0,56.0,108.0,4546.0,2168.0,493.0,868.0,8075.0,2396.0,96.0,220.0,108.0,2820.0,236.0,13.0,16.0,468.0,733.0,273.0,104.0,28.0,437.0,32.0,12.0,8.0,72.0,124.0,44.0,12.0,8.0,16.0,80.0,2981.0,237.0,280.0,696.0,4194.0,840.0,96.0,68.0,48.0,1052.0,350.0,72.0,4.0,24.0,450.0,12.0,36.0,4.0,4.0,56.0,328.0,80.0,416.0,4.0,16.0,8.0,12.0,40.0,92.0,68.0,16.0,24.0,200.0,1626.0,368.0,100.0,120.0,2214.0,4607.0,605.0,380.0,816.0,6408.0,1431.0,4799.0,188.0,385.0,6803.0,216.0,128.0,20.0,36.0,400.0,28.0,64.0,92.0,1675.0,4991.0,208.0,421.0,7295.0,680.0,252.0,44.0,44.0,1020.0,298.0,676.0,1018.0,424.0,196.0,12.0,648.0,292.0,164.0,84.0,40.0,580.0,8.0,56.0,0.0,0.0,64.0,1702.0,1344.0,156.0,128.0,3330.0,3377.0,6335.0,364.0,549.0,10625.0,168.0,188.0,8.0,16.0,380.0,2189.0,1386.0,200.0,616.0,4391.0,2439.0,2218.0,220.0,782.0,5691.0,4796.0,3792.0,428.0,1390.0,10462.0,34206.0,28850.0,3429.0,5100.0,71733.0,9531.0,5160.0,6356.0,851.0,6818.0,585.0,1528.0,1110.0,621.0,5381.0,12530.0,3854.0
1983-01-31,1182.975,72614.41,,,,,,,,,,,,,,,,,13830.0,5197.0,1475.0,1174.0,2604.0,1167.0,379.0,280.0,154.0,140.0,1031.0,9723.0,3352.0,18740.0,3159.0,8330.0,10198.0,80933.0,6039.0,3640.0,457.0,553.0,694.0,484.0,328.0,100.0,24.0,16.0,243.0,4420.0,2050.0,5307.0,1891.0,3466.0,3788.0,33500.0,3380.0,117.0,283.0,154.0,414.0,174.0,4.0,36.0,28.0,28.0,221.0,1446.0,719.0,10498.0,660.0,3101.0,2443.0,23706.0,1416.0,849.0,276.0,267.0,136.0,98.0,12.0,44.0,45.0,59.0,136.0,2659.0,184.0,1277.0,290.0,781.0,856.0,9385.0,2995.0,591.0,459.0,200.0,1360.0,411.0,35.0,100.0,57.0,37.0,431.0,1198.0,399.0,1658.0,318.0,982.0,3111.0,14342.0,,,,,,,,,,,,,,,,,,,,,,,,,,,,,,,,,,,,,,,,,,,,,,,,,,,,,,,,,,,,,,,,,,,,,,,,,65.0,160.0,29.0,27.0,15.0,296.0,10824.0,4964.0,1848.0,1885.0,19521.0,4004.0,844.0,844.0,1100.0,6792.0,1864.0,488.0,64.0,248.0,2664.0,76.0,8.0,32.0,124.0,20.0,92.0,5964.0,1372.0,932.0,1404.0,9672.0,1976.0,20.0,284.0,156.0,2436.0,52.0,4.0,16.0,220.0,292.0,160.0,60.0,56.0,296.0,24.0,0.0,12.0,96.0,132.0,0.0,8.0,8.0,4.0,20.0,2212.0,92.0,380.0,496.0,3180.0,152.0,68.0,36.0,32.0,288.0,64.0,28.0,40.0,56.0,188.0,20.0,4.0,32.0,20.0,76.0,72.0,28.0,152.0,16.0,8.0,16.0,20.0,60.0,61.0,32.0,48.0,20.0,161.0,385.0,168.0,200.0,172.0,925.0,2597.0,260.0,580.0,668.0,4105.0,1560.0,4056.0,340.0,292.0,6248.0,212.0,96.0,92.0,68.0,468.0,28.0,52.0,100.0,1800.0,4204.0,444.0,368.0,6816.0,612.0,164.0,40.0,52.0,868.0,324.0,588.0,1000.0,448.0,132.0,16.0,612.0,160.0,96.0,60.0,56.0,372.0,4.0,8.0,12.0,0.0,24.0,1548.0,988.0,164.0,176.0,2876.0,3348.0,5192.0,608.0,544.0,9692.0,84.0,20.0,16.0,16.0,136.0,1740.0,644.0,204.0,756.0,3344.0,1680.0,1004.0,244.0,576.0,3616.0,3504.0,1668.0,464.0,1184.0,7096.0,26237.0,13456.0,4432.0,5508.0,50086.0,7159.0,4210.0,5601.0,601.0,3957.0,533.0,1014.0,1042.0,671.0,4017.0,11005.0,3079.0
1983-02-28,1081.66,64114.47,,,,,,,,,,,,,,,,,11500.0,8025.0,3167.0,2160.0,2556.0,1029.0,770.0,619.0,247.0,224.0,1169.0,11250.0,3486.0,13525.0,4852.0,7362.0,6517.0,78458.0,3905.0,5652.0,1900.0,1138.0,862.0,469.0,678.0,206.0,20.0,68.0,308.0,5779.0,2016.0,3869.0,2598.0,2732.0,2113.0,34313.0,2783.0,126.0,434.0,170.0,383.0,105.0,12.0,24.0,28.0,17.0,223.0,1257.0,717.0,6254.0,1182.0,2409.0,1480.0,17604.0,2589.0,1358.0,300.0,446.0,100.0,80.0,24.0,124.0,116.0,37.0,216.0,3099.0,487.0,1896.0,566.0,1244.0,693.0,13375.0,2223.0,889.0,533.0,406.0,1211.0,375.0,56.0,265.0,83.0,102.0,422.0,1115.0,266.0,1506.0,506.0,977.0,2231.0,13166.0,,,,,,,,,,,,,,,,,,,,,,,,,,,,,,,,,,,,,,,,,,,,,,,,,,,,,,,,,,,,,,,,,,,,,,,,,20.0,62.0,32.0,24.0,18.0,156.0,9564.0,4424.0,2452.0,1421.0,17861.0,5936.0,776.0,984.0,1620.0,9316.0,1744.0,316.0,124.0,212.0,2396.0,52.0,20.0,16.0,92.0,56.0,116.0,7788.0,1132.0,1120.0,1880.0,11920.0,2912.0,48.0,380.0,104.0,3444.0,260.0,0.0,20.0,0.0,280.0,332.0,64.0,64.0,564.0,16.0,0.0,36.0,44.0,96.0,12.0,4.0,8.0,12.0,36.0,3532.0,116.0,508.0,264.0,4420.0,288.0,48.0,76.0,52.0,464.0,100.0,28.0,12.0,52.0,192.0,36.0,0.0,8.0,8.0,52.0,88.0,20.0,144.0,8.0,16.0,12.0,16.0,52.0,64.0,28.0,16.0,60.0,168.0,584.0,140.0,132.0,216.0,1072.0,4116.0,256.0,640.0,480.0,5492.0,1364.0,1840.0,672.0,248.0,4124.0,184.0,80.0,64.0,52.0,380.0,16.0,24.0,44.0,1564.0,1944.0,736.0,304.0,4548.0,1052.0,156.0,140.0,92.0,1440.0,144.0,372.0,604.0,280.0,88.0,36.0,428.0,272.0,80.0,120.0,52.0,524.0,16.0,28.0,36.0,184.0,264.0,1764.0,724.0,368.0,404.0,3260.0,3328.0,2668.0,1104.0,708.0,7808.0,48.0,80.0,16.0,12.0,156.0,752.0,464.0,316.0,668.0,2200.0,1620.0,640.0,268.0,388.0,3040.0,2420.0,1184.0,600.0,944.0,5396.0,27216.0,9664.0,5916.0,5185.0,48477.0,6705.0,4706.0,4436.0,767.0,3058.0,470.0,1282.0,1047.0,626.0,10223.0,8776.0,2307.0
1983-03-31,1424.1101,70382.5,,,,,,,,,,,,,,,,,15700.0,7449.0,1710.0,2286.0,2880.0,1007.0,365.0,544.0,224.0,153.0,1503.0,11499.0,2720.0,11158.0,3767.0,5905.0,6917.0,75787.0,5704.0,5412.0,675.0,1146.0,1199.0,450.0,240.0,246.0,44.0,20.0,361.0,6743.0,1579.0,3345.0,2123.0,2178.0,2524.0,33989.0,4434.0,120.0,611.0,463.0,961.0,188.0,64.0,120.0,24.0,20.0,381.0,1075.0,610.0,5367.0,817.0,1852.0,1874.0,18981.0,2993.0,1140.0,242.0,445.0,200.0,122.0,45.0,97.0,89.0,76.0,176.0,2197.0,269.0,1283.0,503.0,1137.0,767.0,11781.0,2569.0,777.0,182.0,232.0,520.0,247.0,16.0,81.0,67.0,37.0,585.0,1484.0,262.0,1163.0,324.0,738.0,1752.0,11036.0,,,,,,,,,,,,,,,,,,,,,,,,,,,,,,,,,,,,,,,,,,,,,,,,,,,,,,,,,,,,,,,,,,,,,,,,,32.0,79.0,27.0,17.0,32.0,187.0,12840.0,4786.0,2400.0,1577.0,21603.0,5632.0,604.0,652.0,636.0,7524.0,1432.0,284.0,100.0,216.0,2032.0,44.0,4.0,16.0,88.0,36.0,52.0,7144.0,896.0,788.0,868.0,9696.0,2484.0,60.0,320.0,176.0,3040.0,128.0,0.0,0.0,4.0,132.0,188.0,84.0,68.0,376.0,28.0,0.0,28.0,4.0,60.0,8.0,0.0,20.0,8.0,36.0,2840.0,144.0,444.0,236.0,3664.0,228.0,68.0,76.0,8.0,380.0,92.0,36.0,0.0,16.0,144.0,80.0,4.0,4.0,8.0,96.0,96.0,8.0,116.0,20.0,16.0,12.0,28.0,76.0,72.0,12.0,16.0,32.0,132.0,588.0,144.0,112.0,100.0,944.0,3428.0,288.0,556.0,336.0,4608.0,900.0,1116.0,556.0,296.0,2868.0,212.0,48.0,44.0,44.0,348.0,20.0,16.0,36.0,1132.0,1180.0,600.0,340.0,3252.0,820.0,104.0,148.0,72.0,1144.0,116.0,144.0,348.0,288.0,60.0,48.0,408.0,164.0,36.0,124.0,60.0,384.0,20.0,24.0,16.0,268.0,328.0,1408.0,368.0,392.0,444.0,2612.0,2540.0,1548.0,992.0,784.0,5864.0,96.0,48.0,28.0,12.0,184.0,764.0,408.0,204.0,432.0,1808.0,1552.0,592.0,212.0,440.0,2804.0,2412.0,1048.0,444.0,876.0,4796.0,28364.0,8566.0,5180.0,4345.0,46567.0,21241.0,12315.0,39645.0,3268.0,12636.0,2315.0,4205.0,4053.0,2224.0,12455.0,20309.0,5086.0
1983-04-30,1774.535,77124.54,,,,,,,,,,,,,,,,,14960.0,4235.0,1591.0,2277.0,2642.0,833.0,695.0,505.0,158.0,273.0,1461.0,13098.0,2920.0,11557.0,1948.0,4906.0,6312.0,70371.0,6044.0,2879.0,500.0,1033.0,1456.0,363.0,526.0,196.0,32.0,40.0,427.0,6959.0,1459.0,2760.0,1016.0,1633.0,2054.0,29377.0,4120.0,109.0,384.0,514.0,659.0,136.0,52.0,100.0,19.0,20.0,482.0,2309.0,956.0,6416.0,339.0,1617.0,1750.0,19982.0,2648.0,829.0,354.0,496.0,176.0,104.0,97.0,76.0,64.0,160.0,224.0,2440.0,270.0,1285.0,416.0,1051.0,800.0,11490.0,2148.0,418.0,353.0,234.0,351.0,230.0,20.0,133.0,43.0,53.0,328.0,1390.0,235.0,1096.0,177.0,605.0,1708.0,9522.0,,,,,,,,,,,,,,,,,,,,,,,,,,,,,,,,,,,,,,,,,,,,,,,,,,,,,,,,,,,,,,,,,,,,,,,,,23.0,36.0,81.0,20.0,43.0,203.0,8348.0,3692.0,2476.0,1200.0,15716.0,5836.0,628.0,684.0,684.0,7832.0,996.0,340.0,108.0,164.0,1608.0,20.0,4.0,12.0,52.0,32.0,56.0,6884.0,984.0,816.0,864.0,9548.0,1588.0,16.0,240.0,124.0,1968.0,192.0,4.0,28.0,0.0,224.0,68.0,48.0,48.0,176.0,16.0,0.0,8.0,56.0,80.0,20.0,8.0,20.0,8.0,56.0,1896.0,76.0,348.0,204.0,2524.0,156.0,48.0,48.0,4.0,256.0,144.0,16.0,28.0,24.0,212.0,52.0,8.0,20.0,12.0,92.0,52.0,16.0,92.0,28.0,12.0,16.0,12.0,68.0,48.0,28.0,12.0,16.0,104.0,480.0,128.0,128.0,88.0,824.0,2376.0,204.0,476.0,292.0,3348.0,668.0,872.0,396.0,200.0,2136.0,136.0,24.0,68.0,40.0,268.0,8.0,16.0,32.0,812.0,912.0,468.0,244.0,2436.0,364.0,36.0,84.0,40.0,524.0,80.0,44.0,196.0,156.0,32.0,28.0,220.0,120.0,32.0,140.0,40.0,332.0,8.0,8.0,0.0,220.0,236.0,728.0,152.0,312.0,316.0,1508.0,1540.0,1064.0,780.0,560.0,3944.0,108.0,60.0,20.0,0.0,188.0,448.0,368.0,272.0,316.0,1404.0,976.0,292.0,192.0,256.0,1744.0,1532.0,720.0,484.0,540.0,3336.0,20680.0,6664.0,5032.0,3372.0,35892.0,49049.0,32241.0,54786.0,1564.0,18213.0,7104.0,11433.0,15686.0,9112.0,4567.0,29319.0,7578.0
1983-05-31,2115.4201,85675.68,,,,,,,,,,,,,,,,,17760.0,4547.0,1086.0,1387.0,1565.0,756.0,311.0,344.0,138.0,168.0,1379.0,9681.0,1619.0,6316.0,1657.0,4191.0,5572.0,58477.0,7128.0,3160.0,348.0,735.0,660.0,238.0,200.0,108.0,24.0,16.0,369.0,4214.0,821.0,1353.0,923.0,1278.0,1735.0,23310.0,4981.0,75.0,249.0,202.0,396.0,153.0,52.0,35.0,26.0,12.0,367.0,1667.0,321.0,2631.0,231.0,1049.0,1117.0,13564.0,2712.0,851.0,329.0,262.0,211.0,139.0,48.0,116.0,65.0,76.0,230.0,2690.0,246.0,1386.0,345.0,1191.0,984.0,11881.0,2939.0,461.0,160.0,188.0,298.0,226.0,11.0,85.0,23.0,64.0,413.0,1110.0,231.0,946.0,158.0,673.0,1736.0,9722.0,,,,,,,,,,,,,,,,,,,,,,,,,,,,,,,,,,,,,,,,,,,,,,,,,,,,,,,,,,,,,,,,,,,,,,,,,20.0,60.0,37.0,16.0,20.0,153.0,6649.0,3772.0,2160.0,1548.0,14129.0,3196.0,428.0,616.0,568.0,4808.0,536.0,164.0,56.0,216.0,972.0,80.0,8.0,4.0,120.0,28.0,36.0,3840.0,608.0,700.0,788.0,5936.0,1908.0,28.0,280.0,164.0,2380.0,8.0,0.0,24.0,0.0,32.0,80.0,40.0,52.0,208.0,16.0,8.0,16.0,20.0,60.0,20.0,4.0,32.0,20.0,76.0,2032.0,84.0,404.0,240.0,2760.0,164.0,36.0,52.0,48.0,300.0,108.0,20.0,12.0,24.0,164.0,4.0,8.0,48.0,8.0,68.0,28.0,12.0,56.0,4.0,12.0,12.0,8.0,36.0,80.0,24.0,20.0,32.0,156.0,388.0,112.0,152.0,128.0,780.0,2420.0,196.0,556.0,368.0,3540.0,392.0,428.0,412.0,196.0,1428.0,36.0,24.0,60.0,56.0,176.0,12.0,16.0,40.0,440.0,468.0,480.0,256.0,1644.0,208.0,32.0,80.0,32.0,352.0,64.0,48.0,176.0,104.0,20.0,20.0,164.0,68.0,28.0,84.0,20.0,200.0,4.0,12.0,16.0,96.0,128.0,448.0,140.0,240.0,192.0,1020.0,888.0,608.0,720.0,448.0,2664.0,52.0,16.0,16.0,8.0,92.0,400.0,461.0,180.0,433.0,1474.0,712.0,324.0,148.0,300.0,1508.0,1164.0,801.0,344.0,669.0,3074.0,14961.0,5985.0,4480.0,3613.0,29343.0,125776.0,37715.0,106594.0,1628.0,53280.0,14085.0,18842.0,27882.0,12694.0,4831.0,43222.0,9434.0
1983-06-30,2804.8401,110282.1,,,,,,,,,,,,,,,,,23435.0,3453.0,1066.0,3326.0,1122.0,1098.0,182.0,355.0,108.0,141.0,1160.0,9590.0,1357.0,5548.0,1585.0,3928.0,5305.0,62759.0,10766.0,2219.0,340.0,2283.0,431.0,433.0,66.0,51.0,24.0,8.0,300.0,4646.0,526.0,1503.0,770.0,1243.0,1517.0,27126.0,7880.0,43.0,316.0,436.0,317.0,175.0,40.0,37.0,4.0,21.0,331.0,1594.0,508.0,2457.0,393.0,1445.0,1559.0,17556.0,2353.0,884.0,275.0,424.0,177.0,98.0,64.0,60.0,52.0,64.0,185.0,2047.0,172.0,956.0,303.0,648.0,798.0,9560.0,2436.0,307.0,135.0,183.0,197.0,392.0,12.0,207.0,28.0,48.0,344.0,1303.0,151.0,632.0,119.0,592.0,1431.0,8517.0,,,,,,,,,,,,,,,,,,,,,,,,,,,,,,,,,,,,,,,,,,,,,,,,,,,,,,,,,,,,,,,,,,,,,,,,,38.0,52.0,36.0,23.0,31.0,180.0,5968.0,4252.0,2588.0,1424.0,14232.0,2272.0,608.0,632.0,852.0,4364.0,360.0,128.0,60.0,152.0,700.0,20.0,20.0,8.0,68.0,24.0,48.0,2676.0,768.0,712.0,1024.0,5180.0,664.0,28.0,168.0,80.0,940.0,0.0,12.0,4.0,12.0,28.0,136.0,36.0,28.0,240.0,0.0,4.0,16.0,4.0,24.0,4.0,8.0,20.0,12.0,44.0,808.0,88.0,236.0,148.0,1280.0,192.0,28.0,48.0,20.0,288.0,40.0,8.0,12.0,0.0,60.0,12.0,8.0,20.0,4.0,44.0,92.0,24.0,132.0,8.0,4.0,0.0,8.0,20.0,72.0,28.0,24.0,28.0,152.0,416.0,100.0,116.0,64.0,696.0,1224.0,188.0,352.0,212.0,1976.0,548.0,364.0,388.0,200.0,1500.0,32.0,12.0,36.0,28.0,108.0,48.0,8.0,60.0,628.0,384.0,428.0,228.0,1668.0,256.0,24.0,88.0,44.0,412.0,68.0,68.0,184.0,112.0,24.0,8.0,148.0,76.0,40.0,136.0,60.0,312.0,12.0,4.0,8.0,8.0,32.0,524.0,160.0,272.0,132.0,1088.0,1152.0,544.0,700.0,360.0,2756.0,44.0,20.0,16.0,8.0,88.0,272.0,340.0,160.0,360.0,1132.0,492.0,276.0,140.0,416.0,1344.0,808.0,636.0,316.0,760.0,2564.0,11828.0,6388.0,4668.0,3580.0,26708.0,146769.0,34819.0,103633.0,1994.0,24947.0,20424.0,18843.0,31962.0,14644.0,4141.0,56494.0,9211.0
1983-07-31,4849.4979,135361.3,,,,,,,,,,,,,,,,,27312.0,4669.0,2689.0,1843.0,1880.0,1289.0,164.0,299.0,161.0,159.0,1284.0,12078.0,2838.0,12255.0,2339.0,6678.0,6111.0,84048.0,13346.0,2869.0,1108.0,821.0,852.0,556.0,60.0,118.0,14.0,20.0,330.0,5420.0,1079.0,2912.0,1284.0,2414.0,1936.0,35139.0,7483.0,319.0,955.0,349.0,613.0,165.0,32.0,40.0,28.0,24.0,359.0,2873.0,1154.0,7272.0,494.0,2536.0,1701.0,26397.0,3253.0,1162.0,352.0,346.0,116.0,111.0,56.0,104.0,88.0,48.0,220.0,2122.0,272.0,1095.0,373.0,825.0,755.0,11298.0,3230.0,319.0,274.0,327.0,299.0,457.0,16.0,37.0,31.0,67.0,375.0,1663.0,333.0,976.0,188.0,903.0,1719.0,11214.0,,,,,,,,,,,,,,,,,,,,,,,,,,,,,,,,,,,,,,,,,,,,,,,,,,,,,,,,,,,,,,,,,,,,,,,,,77.0,76.0,12.0,10.0,70.0,245.0,9468.0,4178.0,2558.0,1248.0,17452.0,3460.0,648.0,532.0,940.0,5580.0,624.0,316.0,76.0,208.0,1224.0,36.0,24.0,4.0,76.0,160.0,208.0,4280.0,1000.0,636.0,1172.0,7088.0,1000.0,68.0,340.0,204.0,1612.0,12.0,8.0,16.0,0.0,36.0,244.0,104.0,48.0,436.0,36.0,4.0,32.0,4.0,76.0,16.0,0.0,16.0,0.0,32.0,1308.0,184.0,456.0,248.0,2196.0,200.0,44.0,32.0,36.0,312.0,64.0,12.0,16.0,12.0,104.0,24.0,16.0,4.0,12.0,56.0,168.0,8.0,208.0,8.0,4.0,0.0,20.0,32.0,64.0,52.0,8.0,44.0,168.0,528.0,136.0,68.0,148.0,880.0,1836.0,320.0,524.0,396.0,3076.0,656.0,932.0,340.0,376.0,2304.0,88.0,24.0,36.0,36.0,184.0,28.0,16.0,44.0,772.0,972.0,376.0,412.0,2532.0,344.0,56.0,80.0,80.0,560.0,76.0,156.0,288.0,108.0,28.0,32.0,172.0,160.0,60.0,96.0,40.0,356.0,4.0,32.0,20.0,4.0,60.0,692.0,332.0,252.0,160.0,1436.0,1464.0,1304.0,628.0,572.0,3968.0,48.0,36.0,28.0,0.0,112.0,456.0,292.0,204.0,504.0,1456.0,584.0,336.0,152.0,360.0,1448.0,1088.0,664.0,384.0,820.0,3016.0,18136.0,7466.0,4730.0,3948.0,34600.0,161013.0,62320.0,130072.0,5973.0,72716.0,36863.0,36129.0,35945.0,15998.0,7619.0,68826.0,13386.0
1983-08-31,4937.4752,165238.9,,,,,,,,,,,,,,,,,24602.0,4860.0,1774.0,1735.0,2096.0,1007.0,144.0,288.0,220.0,219.0,1348.0,15711.0,2711.0,8935.0,2367.0,6228.0,6328.0,80573.0,12500.0,2853.0,742.0,824.0,1190.0,383.0,28.0,104.0,12.0,12.0,274.0,7738.0,1216.0,2179.0,1058.0,1889.0,1959.0,34961.0,5658.0,175.0,514.0,303.0,456.0,169.0,16.0,40.0,8.0,32.0,372.0,2432.0,809.0,4152.0,483.0,1893.0,1902.0,19414.0,3153.0,1458.0,302.0,405.0,200.0,85.0,84.0,92.0,136.0,124.0,268.0,4166.0,432.0,1490.0,589.0,1388.0,997.0,15369.0,3291.0,374.0,216.0,203.0,250.0,370.0,16.0,52.0,64.0,51.0,434.0,1375.0,254.0,1114.0,237.0,1058.0,1470.0,10829.0,,,,,,,,,,,,,,,,,,,,,,,,,,,,,,,,,,,,,,,,,,,,,,,,,,,,,,,,,,,,,,,,,,,,,,,,,68.0,56.0,53.0,15.0,72.0,264.0,10012.0,3540.0,2568.0,1456.0,17576.0,5076.0,756.0,844.0,1284.0,7960.0,712.0,328.0,72.0,360.0,1472.0,56.0,4.0,16.0,80.0,36.0,64.0,5880.0,1092.0,924.0,1680.0,9576.0,1292.0,52.0,272.0,220.0,1836.0,4.0,4.0,20.0,0.0,28.0,284.0,88.0,40.0,456.0,24.0,4.0,52.0,8.0,88.0,12.0,12.0,16.0,8.0,48.0,1616.0,164.0,400.0,280.0,2460.0,148.0,48.0,72.0,20.0,288.0,60.0,20.0,12.0,32.0,124.0,36.0,12.0,4.0,0.0,52.0,40.0,12.0,76.0,16.0,8.0,8.0,20.0,52.0,60.0,16.0,16.0,24.0,116.0,360.0,116.0,120.0,112.0,708.0,1976.0,280.0,520.0,392.0,3168.0,480.0,653.0,280.0,228.0,1641.0,76.0,28.0,60.0,44.0,208.0,16.0,8.0,32.0,572.0,689.0,344.0,276.0,1881.0,220.0,40.0,76.0,52.0,388.0,64.0,80.0,224.0,140.0,16.0,36.0,204.0,252.0,32.0,52.0,84.0,420.0,16.0,0.0,12.0,16.0,44.0,692.0,168.0,216.0,204.0,1280.0,1264.0,857.0,560.0,480.0,3161.0,56.0,32.0,20.0,0.0,108.0,340.0,348.0,188.0,612.0,1488.0,600.0,332.0,144.0,228.0,1324.0,996.0,712.0,352.0,820.0,2920.0,20128.0,6481.0,4924.0,4696.0,36401.0,157302.0,58300.0,114388.0,7082.0,85580.0,24645.0,26763.0,30460.0,11511.0,8995.0,49974.0,12682.0
1983-09-30,3074.2236,139575.0,,,,,,,,,,,,,,,,,17481.0,5038.0,1026.0,1823.0,1676.0,772.0,176.0,363.0,191.0,144.0,1339.0,9687.0,1950.0,7952.0,1871.0,4803.0,6851.0,63143.0,7811.0,3591.0,400.0,1098.0,790.0,310.0,76.0,52.0,28.0,20.0,354.0,5259.0,896.0,2064.0,908.0,1664.0,2430.0,27751.0,3855.0,100.0,287.0,209.0,411.0,102.0,4.0,110.0,32.0,20.0,256.0,1155.0,515.0,3593.0,412.0,1662.0,1581.0,14304.0,2910.0,991.0,206.0,311.0,164.0,116.0,80.0,116.0,94.0,48.0,296.0,2525.0,356.0,1417.0,394.0,831.0,917.0,11772.0,2905.0,356.0,133.0,205.0,311.0,244.0,16.0,85.0,37.0,56.0,433.0,748.0,183.0,878.0,157.0,646.0,1923.0,9316.0,,,,,,,,,,,,,,,,,,,,,,,,,,,,,,,,,,,,,,,,,,,,,,,,,,,,,,,,,,,,,,,,,,,,,,,,,49.0,90.0,87.0,12.0,8.0,246.0,9524.0,3200.0,2312.0,1464.0,16500.0,4292.0,456.0,632.0,936.0,6316.0,644.0,176.0,72.0,160.0,1052.0,52.0,8.0,12.0,72.0,28.0,76.0,5016.0,652.0,712.0,1136.0,7516.0,2024.0,24.0,332.0,220.0,2600.0,40.0,8.0,12.0,4.0,64.0,152.0,32.0,32.0,252.0,28.0,4.0,32.0,4.0,68.0,8.0,12.0,8.0,8.0,36.0,2252.0,80.0,416.0,272.0,3020.0,176.0,24.0,68.0,36.0,304.0,60.0,16.0,8.0,16.0,100.0,4.0,4.0,24.0,4.0,36.0,24.0,20.0,60.0,12.0,0.0,16.0,12.0,40.0,20.0,24.0,8.0,32.0,84.0,296.0,88.0,132.0,108.0,624.0,2548.0,168.0,548.0,380.0,3644.0,436.0,572.0,296.0,252.0,1556.0,48.0,36.0,52.0,20.0,156.0,28.0,8.0,44.0,512.0,616.0,356.0,272.0,1756.0,268.0,40.0,92.0,28.0,428.0,60.0,72.0,208.0,100.0,48.0,48.0,200.0,120.0,20.0,52.0,12.0,204.0,12.0,0.0,316.0,96.0,424.0,560.0,180.0,548.0,176.0,1464.0,1072.0,796.0,904.0,448.0,3220.0,92.0,52.0,36.0,4.0,184.0,524.0,300.0,164.0,492.0,1480.0,564.0,264.0,148.0,232.0,1232.0,1180.0,616.0,348.0,628.0,2896.0,19340.0,5432.0,4824.0,3896.0,33776.0,135085.0,28265.0,99122.0,3667.0,30135.0,18296.0,21901.0,27384.0,14794.0,5464.0,49300.0,7830.0
1983-10-31,2063.4252,113179.8,,,,,,,,,,,,,,,,,18987.0,7125.0,1209.0,2151.0,1771.0,1040.0,689.0,547.0,170.0,222.0,1118.0,14254.0,2820.0,9466.0,3408.0,7896.0,6850.0,79723.0,8614.0,4984.0,504.0,1171.0,727.0,401.0,562.0,277.0,16.0,22.0,420.0,8317.0,1560.0,2930.0,1764.0,2649.0,2248.0,37166.0,4944.0,125.0,283.0,375.0,537.0,131.0,51.0,90.0,12.0,22.0,241.0,1865.0,735.0,4256.0,827.0,2480.0,1946.0,18920.0,2984.0,1548.0,261.0,435.0,249.0,94.0,64.0,81.0,98.0,134.0,189.0,2748.0,329.0,1462.0,570.0,1821.0,911.0,13978.0,2445.0,468.0,161.0,170.0,258.0,414.0,12.0,99.0,44.0,44.0,268.0,1324.0,196.0,818.0,247.0,946.0,1745.0,9659.0,,,,,,,,,,,,,,,,,,,,,,,,,,,,,,,,,,,,,,,,,,,,,,,,,,,,,,,,,,,,,,,,,,,,,,,,,29.0,60.0,48.0,12.0,72.0,221.0,8160.0,3436.0,2836.0,1348.0,15780.0,7424.0,560.0,900.0,1516.0,10400.0,1272.0,256.0,88.0,208.0,1824.0,48.0,0.0,20.0,80.0,48.0,84.0,8792.0,844.0,1004.0,1748.0,12388.0,2804.0,24.0,396.0,129.0,3353.0,204.0,4.0,4.0,16.0,228.0,124.0,36.0,80.0,260.0,24.0,0.0,12.0,92.0,128.0,24.0,4.0,24.0,20.0,72.0,3180.0,68.0,520.0,277.0,4045.0,248.0,28.0,116.0,56.0,448.0,96.0,32.0,28.0,20.0,176.0,64.0,4.0,12.0,8.0,88.0,56.0,4.0,92.0,24.0,16.0,8.0,16.0,64.0,64.0,20.0,40.0,76.0,200.0,552.0,104.0,216.0,196.0,1068.0,3732.0,172.0,736.0,473.0,5113.0,780.0,1000.0,504.0,276.0,2560.0,144.0,48.0,128.0,100.0,420.0,16.0,16.0,52.0,940.0,1064.0,644.0,384.0,3032.0,640.0,76.0,112.0,120.0,948.0,120.0,136.0,352.0,300.0,60.0,44.0,436.0,172.0,76.0,124.0,92.0,464.0,4.0,12.0,12.0,88.0,116.0,1236.0,360.0,348.0,372.0,2316.0,2176.0,1424.0,992.0,756.0,5348.0,144.0,72.0,36.0,20.0,272.0,508.0,416.0,184.0,445.0,1553.0,892.0,420.0,192.0,428.0,1972.0,1544.0,908.0,412.0,845.0,3797.0,24404.0,6784.0,5980.0,5030.0,42426.0,57372.0,14643.0,56269.0,2498.0,12260.0,5058.0,10210.0,12063.0,9462.0,5044.0,41661.0,5102.0
1983-11-30,1297.3552,92898.84,,,,,,,,,,,,,,,,,15662.0,9032.0,1560.0,3842.0,3348.0,1090.0,999.0,416.0,224.0,279.0,1172.0,12082.0,3101.0,19017.0,3603.0,9707.0,7233.0,92367.0,6352.0,6664.0,497.0,2337.0,1881.0,493.0,891.0,142.0,48.0,60.0,376.0,6558.0,1894.0,3848.0,2068.0,3356.0,2262.0,39727.0,4638.0,144.0,420.0,839.0,1116.0,153.0,4.0,32.0,24.0,33.0,324.0,1522.0,668.0,12136.0,772.0,4009.0,2333.0,29167.0,2773.0,1322.0,533.0,529.0,183.0,137.0,54.0,144.0,72.0,143.0,184.0,2655.0,288.0,1837.0,539.0,1404.0,949.0,13746.0,1899.0,902.0,110.0,137.0,168.0,307.0,50.0,98.0,80.0,43.0,288.0,1347.0,251.0,1196.0,224.0,938.0,1689.0,9727.0,,,,,,,,,,,,,,,,,,,,,,,,,,,,,,,,,,,,,,,,,,,,,,,,,,,,,,,,,,,,,,,,,,,,,,,,,77.0,75.0,122.0,53.0,48.0,375.0,8168.0,3780.0,2656.0,1152.0,15756.0,6612.0,484.0,784.0,780.0,8660.0,1356.0,352.0,140.0,108.0,1956.0,36.0,16.0,4.0,68.0,24.0,56.0,8028.0,872.0,944.0,896.0,10740.0,4216.0,24.0,324.0,236.0,4800.0,308.0,8.0,8.0,56.0,380.0,180.0,64.0,52.0,324.0,80.0,0.0,32.0,16.0,128.0,24.0,12.0,32.0,24.0,92.0,4808.0,108.0,448.0,360.0,5724.0,1031.0,76.0,88.0,36.0,1231.0,380.0,68.0,16.0,24.0,488.0,40.0,4.0,24.0,16.0,84.0,64.0,12.0,120.0,16.0,16.0,12.0,8.0,52.0,64.0,28.0,32.0,16.0,140.0,1595.0,204.0,188.0,128.0,2115.0,6403.0,312.0,636.0,488.0,7839.0,1240.0,3249.0,552.0,216.0,5257.0,272.0,84.0,100.0,40.0,496.0,32.0,20.0,68.0,1544.0,3353.0,664.0,260.0,5821.0,1016.0,108.0,168.0,48.0,1340.0,148.0,272.0,508.0,408.0,88.0,48.0,572.0,204.0,84.0,144.0,44.0,476.0,28.0,24.0,12.0,164.0,228.0,1804.0,576.0,432.0,312.0,3124.0,3348.0,3929.0,1096.0,572.0,8945.0,68.0,75.0,8.0,8.0,159.0,588.0,448.0,196.0,512.0,1744.0,1272.0,492.0,180.0,408.0,2368.0,1928.0,1015.0,384.0,904.0,4271.0,27875.0,9908.0,5716.0,3820.0,47551.0,12930.0,4779.0,7072.0,880.0,3831.0,504.0,1623.0,1200.0,515.0,7785.0,15290.0,3744.0
1983-12-31,1350.7102,69113.4,,,,,,,,,,,,,,,,,23774.0,8206.0,2511.0,5745.0,3609.0,2213.0,720.0,452.0,339.0,183.0,1841.0,11776.0,4188.0,23288.0,4063.0,11667.0,13088.0,117663.0,9665.0,6120.0,1340.0,4421.0,2116.0,1280.0,637.0,187.0,68.0,73.0,603.0,6174.0,1913.0,5565.0,2265.0,4089.0,5488.0,52004.0,10463.0,532.0,776.0,898.0,1049.0,466.0,20.0,55.0,76.0,25.0,774.0,3357.0,1874.0,15744.0,1305.0,5888.0,5453.0,48755.0,1429.0,920.0,296.0,182.0,124.0,64.0,34.0,85.0,101.0,45.0,100.0,1445.0,135.0,565.0,218.0,711.0,445.0,6899.0,2217.0,634.0,99.0,244.0,320.0,403.0,29.0,125.0,94.0,40.0,364.0,800.0,266.0,1414.0,275.0,979.0,1702.0,10005.0,,,,,,,,,,,,,,,,,,,,,,,,,,,,,,,,,,,,,,,,,,,,,,,,,,,,,,,,,,,,,,,,,,,,,,,,,73.0,143.0,140.0,83.0,62.0,501.0,18434.0,16408.0,1588.0,1544.0,37974.0,4108.0,1632.0,552.0,876.0,7168.0,1196.0,1064.0,44.0,260.0,2564.0,36.0,20.0,12.0,68.0,36.0,88.0,5376.0,2752.0,604.0,1156.0,9888.0,3504.0,108.0,240.0,220.0,4072.0,108.0,16.0,0.0,688.0,812.0,284.0,116.0,56.0,484.0,64.0,8.0,12.0,228.0,312.0,16.0,12.0,12.0,8.0,48.0,3976.0,260.0,320.0,1172.0,5728.0,1200.0,156.0,68.0,36.0,1460.0,316.0,96.0,12.0,16.0,440.0,64.0,20.0,8.0,12.0,104.0,312.0,44.0,388.0,24.0,48.0,0.0,12.0,84.0,148.0,72.0,0.0,28.0,248.0,2064.0,436.0,96.0,128.0,2724.0,6040.0,696.0,416.0,1300.0,8452.0,1660.0,5306.0,252.0,256.0,7474.0,280.0,176.0,48.0,36.0,540.0,24.0,44.0,76.0,1964.0,5526.0,300.0,300.0,8090.0,796.0,212.0,76.0,40.0,1124.0,200.0,460.0,736.0,480.0,132.0,24.0,660.0,224.0,188.0,60.0,76.0,548.0,48.0,68.0,0.0,96.0,212.0,1748.0,1060.0,216.0,256.0,3280.0,3712.0,6586.0,516.0,556.0,11370.0,128.0,252.0,12.0,12.0,404.0,2364.0,1568.0,160.0,796.0,4888.0,1664.0,1273.0,124.0,581.0,3662.0,4156.0,3093.0,296.0,1309.0,8954.0,37718.0,29535.0,3420.0,5701.0,76638.0,8590.0,5193.0,6860.0,1099.0,6997.0,311.0,1427.0,1197.0,460.0,6888.0,12711.0,3791.0
1984-01-31,1224.3601,74665.16,,,,,,,,,,,,,,,,,11135.0,6169.0,1593.0,1663.0,1900.0,967.0,195.0,345.0,175.0,113.0,1187.0,11502.0,3723.0,17524.0,3136.0,8045.0,9345.0,78717.0,4471.0,4505.0,682.0,805.0,614.0,394.0,149.0,116.0,20.0,12.0,231.0,5878.0,2171.0,4766.0,1707.0,3291.0,3507.0,33319.0,2759.0,105.0,415.0,230.0,280.0,130.0,4.0,12.0,28.0,4.0,300.0,1545.0,859.0,9962.0,706.0,2940.0,2339.0,22618.0,1333.0,992.0,135.0,348.0,112.0,97.0,28.0,60.0,60.0,37.0,175.0,2320.0,296.0,1214.0,388.0,799.0,526.0,8920.0,2572.0,567.0,361.0,280.0,894.0,346.0,14.0,157.0,67.0,60.0,481.0,1759.0,397.0,1582.0,335.0,1015.0,2973.0,13860.0,,,,,,,,,,,,,,,,,,,,,,,,,,,,,,,,,,,,,,,,,,,,,,,,,,,,,,,,,,,,,,,,,,,,,,,,,55.0,68.0,68.0,8.0,32.0,231.0,9900.0,5048.0,1940.0,1736.0,18624.0,5432.0,944.0,492.0,976.0,7844.0,2312.0,620.0,96.0,305.0,3333.0,36.0,28.0,4.0,68.0,32.0,56.0,7812.0,1600.0,596.0,1293.0,11301.0,2660.0,40.0,268.0,128.0,3096.0,24.0,4.0,8.0,0.0,36.0,160.0,96.0,44.0,320.0,8.0,12.0,12.0,40.0,72.0,24.0,0.0,16.0,28.0,68.0,2876.0,152.0,352.0,216.0,3596.0,304.0,40.0,60.0,56.0,460.0,108.0,48.0,20.0,36.0,212.0,96.0,8.0,20.0,24.0,148.0,88.0,20.0,140.0,16.0,12.0,36.0,12.0,76.0,104.0,32.0,8.0,60.0,204.0,716.0,160.0,156.0,208.0,1240.0,3592.0,312.0,508.0,424.0,4836.0,1968.0,4028.0,440.0,400.0,6836.0,288.0,104.0,108.0,52.0,552.0,32.0,24.0,60.0,2288.0,4156.0,552.0,452.0,7448.0,620.0,196.0,56.0,32.0,904.0,364.0,808.0,1260.0,416.0,136.0,16.0,588.0,196.0,112.0,72.0,60.0,440.0,44.0,28.0,4.0,4.0,80.0,1640.0,1280.0,184.0,168.0,3272.0,3928.0,5436.0,736.0,620.0,10720.0,60.0,72.0,16.0,4.0,152.0,1392.0,628.0,144.0,588.0,2752.0,1052.0,648.0,200.0,444.0,2420.0,2504.0,1348.0,360.0,912.0,5324.0,27736.0,13744.0,4140.0,4732.0,50805.0,7694.0,4274.0,5766.0,736.0,4594.0,341.0,1371.0,1057.0,471.0,7175.0,12223.0,3654.0
1984-02-29,1165.8152,70439.33,,,,,,,,,,,,,,,,,11804.0,8707.0,2729.0,2763.0,3750.0,1145.0,1249.0,526.0,260.0,130.0,1431.0,14560.0,3979.0,12381.0,4016.0,7694.0,7511.0,84635.0,3862.0,6399.0,1433.0,1425.0,1258.0,401.0,1096.0,239.0,43.0,45.0,335.0,8019.0,2482.0,3989.0,2113.0,2962.0,2062.0,38163.0,2668.0,74.0,432.0,305.0,463.0,159.0,44.0,36.0,17.0,9.0,374.0,1078.0,791.0,4834.0,1105.0,2353.0,2149.0,16891.0,3156.0,1351.0,433.0,526.0,163.0,134.0,64.0,77.0,124.0,44.0,228.0,3674.0,419.0,2020.0,488.0,1416.0,820.0,15137.0,2118.0,883.0,431.0,507.0,1866.0,451.0,45.0,174.0,76.0,32.0,494.0,1789.0,287.0,1538.0,310.0,963.0,2480.0,14444.0,,,,,,,,,,,,,,,,,,,,,,,,,,,,,,,,,,,,,,,,,,,,,,,,,,,,,,,,,,,,,,,,,,,,,,,,,46.0,91.0,31.0,8.0,36.0,212.0,10074.0,5029.0,3256.0,1172.0,19531.0,7676.0,668.0,1048.0,1452.0,10844.0,2224.0,332.0,96.0,204.0,2856.0,40.0,4.0,4.0,48.0,52.0,64.0,9992.0,1004.0,1152.0,1664.0,13812.0,3436.0,44.0,456.0,176.0,4112.0,468.0,0.0,16.0,4.0,488.0,180.0,72.0,72.0,456.0,4.0,0.0,20.0,20.0,44.0,20.0,4.0,4.0,0.0,28.0,4116.0,120.0,568.0,332.0,5136.0,364.0,40.0,96.0,104.0,604.0,188.0,48.0,12.0,52.0,300.0,76.0,4.0,16.0,16.0,112.0,72.0,36.0,140.0,12.0,28.0,12.0,16.0,68.0,56.0,44.0,28.0,64.0,192.0,768.0,200.0,172.0,276.0,1416.0,4884.0,320.0,740.0,608.0,6552.0,1708.0,1828.0,544.0,224.0,4304.0,268.0,92.0,80.0,60.0,500.0,16.0,24.0,44.0,1992.0,1944.0,628.0,284.0,4848.0,872.0,116.0,132.0,76.0,1196.0,184.0,364.0,644.0,380.0,92.0,28.0,520.0,244.0,64.0,116.0,72.0,496.0,16.0,40.0,16.0,172.0,244.0,1696.0,676.0,364.0,364.0,3100.0,3688.0,2620.0,992.0,648.0,7948.0,72.0,73.0,24.0,12.0,181.0,828.0,460.0,272.0,632.0,2192.0,1129.0,532.0,184.0,300.0,2225.0,2029.0,1065.0,480.0,828.0,4598.0,30667.0,10038.0,6620.0,4664.0,52441.0,7357.0,4922.0,5696.0,666.0,3437.0,357.0,1163.0,1140.0,1173.0,10697.0,10940.0,2786.0
1984-03-31,1409.33,72906.46,,,,,,,,,,,,,,,,,14100.0,8293.0,1316.0,2336.0,1966.0,991.0,663.0,470.0,179.0,153.0,1539.0,16491.0,3388.0,14277.0,3138.0,6600.0,6527.0,82427.0,4897.0,5779.0,509.0,1093.0,789.0,333.0,523.0,179.0,40.0,12.0,366.0,10342.0,1948.0,3577.0,1618.0,2345.0,2014.0,36364.0,3786.0,144.0,311.0,408.0,601.0,150.0,20.0,88.0,20.0,7.0,458.0,1600.0,700.0,7064.0,639.0,1818.0,1995.0,19809.0,3023.0,1444.0,314.0,479.0,181.0,117.0,83.0,78.0,94.0,73.0,217.0,3197.0,401.0,2041.0,610.0,1563.0,912.0,14827.0,2394.0,926.0,182.0,356.0,395.0,391.0,37.0,125.0,25.0,61.0,498.0,1352.0,339.0,1595.0,271.0,874.0,1606.0,11427.0,,,,,,,,,,,,,,,,,,,,,,,,,,,,,,,,,,,,,,,,,,,,,,,,,,,,,,,,,,,,,,,,,,,,,,,,,38.0,66.0,66.0,12.0,60.0,242.0,12024.0,4228.0,3176.0,1248.0,20676.0,9608.0,716.0,956.0,936.0,12216.0,1896.0,376.0,164.0,196.0,2632.0,32.0,8.0,32.0,84.0,28.0,40.0,11564.0,1108.0,1136.0,1164.0,14972.0,3240.0,24.0,468.0,160.0,3892.0,152.0,4.0,16.0,0.0,172.0,116.0,60.0,60.0,252.0,0.0,4.0,16.0,28.0,48.0,4.0,0.0,4.0,8.0,16.0,3516.0,92.0,564.0,212.0,4384.0,264.0,64.0,88.0,56.0,472.0,104.0,28.0,16.0,16.0,164.0,64.0,4.0,28.0,28.0,124.0,76.0,12.0,136.0,20.0,20.0,16.0,28.0,84.0,56.0,16.0,24.0,24.0,120.0,584.0,144.0,196.0,176.0,1100.0,4100.0,236.0,760.0,388.0,5484.0,1144.0,1432.0,676.0,248.0,3500.0,136.0,32.0,108.0,24.0,300.0,36.0,20.0,64.0,1316.0,1484.0,788.0,276.0,3864.0,684.0,96.0,164.0,80.0,1024.0,76.0,100.0,288.0,396.0,56.0,36.0,508.0,180.0,48.0,176.0,40.0,444.0,24.0,12.0,40.0,204.0,280.0,1360.0,312.0,480.0,392.0,2544.0,2676.0,1796.0,1268.0,668.0,6408.0,68.0,68.0,16.0,8.0,160.0,696.0,520.0,204.0,492.0,1912.0,1244.0,412.0,156.0,420.0,2248.0,2008.0,1000.0,376.0,876.0,4320.0,32372.0,8368.0,6716.0,4252.0,51860.0,14381.0,17258.0,17342.0,1430.0,9248.0,583.0,2178.0,1407.0,3716.0,13305.0,23457.0,4780.0
1984-04-30,2116.5499,79968.96,,,,,,,,,,,,,,,,,21938.0,5628.0,1633.0,2206.0,2792.0,1131.0,641.0,486.0,176.0,204.0,1758.0,16998.0,3330.0,8958.0,2396.0,5529.0,7516.0,83320.0,9627.0,4029.0,705.0,1176.0,1521.0,636.0,500.0,178.0,16.0,76.0,658.0,9969.0,1860.0,2631.0,1345.0,1902.0,3011.0,39840.0,6871.0,120.0,423.0,373.0,753.0,198.0,12.0,99.0,32.0,20.0,468.0,2523.0,987.0,4273.0,454.0,1844.0,2220.0,21670.0,3267.0,1100.0,388.0,397.0,181.0,102.0,96.0,80.0,89.0,80.0,237.0,2662.0,294.0,1221.0,353.0,934.0,809.0,12290.0,2173.0,379.0,117.0,260.0,337.0,195.0,33.0,129.0,39.0,28.0,395.0,1844.0,189.0,833.0,244.0,849.0,1476.0,9520.0,,,,,,,,,,,,,,,,,,,,,,,,,,,,,,,,,,,,,,,,,,,,,,,,,,,,,,,,,,,,,,,,,,,,,,,,,52.0,69.0,44.0,8.0,43.0,216.0,10425.0,5720.0,2940.0,1468.0,20553.0,7600.0,728.0,864.0,992.0,10184.0,1308.0,308.0,72.0,220.0,1908.0,24.0,12.0,4.0,44.0,40.0,60.0,8972.0,1048.0,948.0,1228.0,12196.0,2612.0,36.0,268.0,124.0,3040.0,92.0,8.0,12.0,12.0,124.0,160.0,64.0,52.0,280.0,12.0,0.0,20.0,16.0,48.0,12.0,0.0,28.0,4.0,44.0,2888.0,108.0,380.0,160.0,3536.0,316.0,44.0,76.0,24.0,460.0,140.0,24.0,32.0,4.0,200.0,60.0,24.0,24.0,24.0,132.0,72.0,28.0,128.0,20.0,8.0,16.0,12.0,56.0,108.0,44.0,24.0,12.0,188.0,716.0,172.0,172.0,104.0,1164.0,3604.0,280.0,552.0,264.0,4700.0,584.0,868.0,388.0,216.0,2056.0,148.0,32.0,64.0,52.0,296.0,12.0,12.0,40.0,744.0,912.0,456.0,280.0,2392.0,508.0,76.0,96.0,44.0,724.0,44.0,52.0,132.0,200.0,20.0,56.0,280.0,116.0,20.0,112.0,44.0,292.0,0.0,12.0,0.0,132.0,144.0,868.0,180.0,284.0,240.0,1572.0,1612.0,1092.0,740.0,520.0,3964.0,80.0,44.0,36.0,4.0,164.0,772.0,612.0,228.0,404.0,2016.0,1100.0,460.0,256.0,236.0,2068.0,1952.0,1116.0,520.0,596.0,4248.0,26565.0,9256.0,5700.0,3964.0,45661.0,60389.0,37322.0,102492.0,3242.0,28512.0,8722.0,18088.0,21984.0,16997.0,6274.0,39240.0,9357.0
1984-05-31,2357.1351,114617.0,,,,,,,,,,,,,,,,,22519.0,5709.0,1251.0,2014.0,1914.0,856.0,402.0,412.0,198.0,288.0,1625.0,12134.0,1933.0,9077.0,1432.0,4161.0,5701.0,71626.0,9513.0,3751.0,460.0,1036.0,806.0,180.0,288.0,163.0,37.0,27.0,463.0,5877.0,1021.0,1955.0,545.0,1199.0,1709.0,29030.0,6029.0,100.0,249.0,303.0,492.0,246.0,24.0,64.0,11.0,25.0,409.0,1567.0,484.0,4913.0,190.0,1120.0,1481.0,17707.0,3787.0,1423.0,374.0,457.0,244.0,128.0,75.0,77.0,118.0,165.0,292.0,3196.0,245.0,1439.0,557.0,1178.0,871.0,14626.0,3190.0,435.0,168.0,218.0,372.0,302.0,15.0,108.0,32.0,71.0,461.0,1494.0,183.0,770.0,140.0,664.0,1640.0,10263.0,,,,,,,,,,,,,,,,,,,,,,,,,,,,,,,,,,,,,,,,,,,,,,,,,,,,,,,,,,,,,,,,,,,,,,,,,34.0,63.0,28.0,8.0,36.0,169.0,8192.0,4564.0,3016.0,1928.0,17700.0,3388.0,500.0,656.0,816.0,5360.0,696.0,200.0,104.0,248.0,1248.0,68.0,12.0,4.0,92.0,16.0,24.0,4168.0,712.0,772.0,1072.0,6724.0,2240.0,16.0,324.0,92.0,2672.0,140.0,0.0,4.0,4.0,148.0,88.0,40.0,40.0,200.0,24.0,12.0,16.0,32.0,84.0,12.0,4.0,12.0,12.0,40.0,2512.0,72.0,396.0,172.0,3152.0,188.0,60.0,80.0,72.0,400.0,80.0,24.0,40.0,4.0,148.0,32.0,4.0,28.0,4.0,68.0,32.0,8.0,64.0,8.0,16.0,8.0,8.0,40.0,48.0,16.0,20.0,32.0,116.0,388.0,128.0,188.0,132.0,836.0,2900.0,200.0,584.0,304.0,3988.0,452.0,676.0,412.0,256.0,1796.0,60.0,16.0,72.0,28.0,176.0,8.0,8.0,28.0,520.0,700.0,488.0,292.0,2000.0,184.0,48.0,104.0,40.0,376.0,32.0,52.0,160.0,100.0,4.0,28.0,136.0,76.0,28.0,68.0,64.0,236.0,0.0,8.0,8.0,108.0,124.0,392.0,140.0,260.0,240.0,1032.0,912.0,840.0,748.0,532.0,3032.0,64.0,4.0,16.0,4.0,88.0,464.0,348.0,252.0,516.0,1580.0,640.0,300.0,136.0,280.0,1404.0,1168.0,652.0,404.0,668.0,3072.0,17340.0,6968.0,5524.0,4192.0,34516.0,132290.0,47297.0,98404.0,2086.0,14105.0,13181.0,23231.0,30534.0,18581.0,4753.0,49414.0,11814.0
1984-06-30,2995.0702,123295.7,,,,,,,,,,,,,,,,,27107.0,4959.0,1349.0,2760.0,1341.0,1470.0,110.0,426.0,243.0,158.0,1521.0,12145.0,1448.0,6885.0,1341.0,4969.0,6558.0,74790.0,12444.0,3378.0,406.0,1677.0,719.0,830.0,24.0,114.0,32.0,8.0,480.0,5631.0,731.0,1929.0,587.0,1443.0,2195.0,32628.0,8977.0,138.0,276.0,347.0,295.0,237.0,16.0,40.0,16.0,16.0,375.0,1785.0,345.0,3290.0,291.0,1808.0,1715.0,19967.0,3123.0,1151.0,445.0,407.0,149.0,93.0,63.0,188.0,126.0,106.0,255.0,3275.0,222.0,910.0,319.0,976.0,1041.0,12849.0,2563.0,292.0,222.0,329.0,178.0,310.0,7.0,84.0,69.0,28.0,411.0,1454.0,150.0,756.0,144.0,742.0,1607.0,9346.0,,,,,,,,,,,,,,,,,,,,,,,,,,,,,,,,,,,,,,,,,,,,,,,,,,,,,,,,,,,,,,,,,,,,,,,,,78.0,63.0,48.0,4.0,77.0,270.0,7204.0,5253.0,2788.0,1492.0,16737.0,3392.0,636.0,600.0,848.0,5476.0,320.0,176.0,124.0,180.0,800.0,16.0,8.0,0.0,32.0,40.0,68.0,3768.0,832.0,740.0,1036.0,6376.0,1468.0,12.0,292.0,212.0,1984.0,16.0,4.0,0.0,0.0,20.0,84.0,40.0,48.0,176.0,12.0,8.0,16.0,56.0,92.0,16.0,8.0,24.0,4.0,52.0,1596.0,72.0,380.0,276.0,2324.0,176.0,12.0,48.0,24.0,260.0,40.0,8.0,4.0,8.0,60.0,8.0,0.0,32.0,0.0,40.0,120.0,20.0,152.0,16.0,8.0,24.0,16.0,64.0,52.0,32.0,16.0,28.0,128.0,412.0,80.0,128.0,84.0,704.0,2008.0,152.0,508.0,360.0,3028.0,300.0,480.0,316.0,180.0,1276.0,88.0,40.0,52.0,24.0,204.0,4.0,12.0,28.0,392.0,532.0,372.0,212.0,1508.0,144.0,40.0,52.0,82.0,318.0,40.0,72.0,184.0,68.0,16.0,24.0,128.0,84.0,64.0,116.0,76.0,340.0,8.0,4.0,32.0,80.0,124.0,344.0,196.0,272.0,282.0,1094.0,736.0,728.0,644.0,494.0,2602.0,80.0,36.0,16.0,8.0,140.0,444.0,348.0,220.0,324.0,1336.0,612.0,320.0,136.0,300.0,1392.0,1136.0,704.0,372.0,624.0,2868.0,14852.0,7669.0,5052.0,3882.0,31611.0,153797.0,46952.0,112447.0,2469.0,24765.0,18358.0,25623.0,32557.0,19018.0,4913.0,71241.0,11726.0
1984-07-31,5295.2121,158611.7,,,,,,,,,,,,,,,,,31011.0,5883.0,2426.0,1754.0,1638.0,1154.0,209.0,386.0,256.0,189.0,1101.0,11583.0,2684.0,9739.0,2372.0,6486.0,6653.0,85524.0,16353.0,3816.0,1104.0,638.0,768.0,614.0,100.0,112.0,60.0,16.0,356.0,5580.0,1474.0,2477.0,1260.0,2689.0,2084.0,39501.0,8473.0,288.0,724.0,384.0,369.0,164.0,32.0,86.0,60.0,44.0,276.0,1867.0,652.0,5167.0,622.0,2159.0,1867.0,23234.0,3291.0,1359.0,398.0,384.0,229.0,80.0,69.0,130.0,56.0,77.0,132.0,2534.0,180.0,1146.0,282.0,861.0,807.0,12015.0,2894.0,420.0,200.0,348.0,272.0,296.0,8.0,58.0,80.0,52.0,337.0,1602.0,378.0,949.0,208.0,777.0,1895.0,10774.0,,,,,,,,,,,,,,,,,,,,,,,,,,,,,,,,,,,,,,,,,,,,,,,,,,,,,,,,,,,,,,,,,,,,,,,,,35.0,74.0,36.0,16.0,70.0,231.0,9032.0,4536.0,2920.0,1404.0,17892.0,3280.0,696.0,832.0,1132.0,5940.0,784.0,280.0,44.0,224.0,1332.0,36.0,24.0,0.0,68.0,32.0,64.0,4132.0,1024.0,884.0,1364.0,7404.0,1448.0,56.0,304.0,100.0,1908.0,24.0,4.0,12.0,0.0,40.0,236.0,112.0,64.0,460.0,24.0,8.0,0.0,12.0,44.0,0.0,8.0,20.0,8.0,36.0,1732.0,188.0,400.0,168.0,2488.0,128.0,32.0,52.0,48.0,260.0,48.0,20.0,16.0,12.0,96.0,24.0,8.0,12.0,8.0,52.0,76.0,24.0,116.0,0.0,12.0,12.0,16.0,40.0,52.0,24.0,12.0,12.0,100.0,328.0,120.0,112.0,104.0,664.0,2060.0,308.0,512.0,272.0,3152.0,492.0,928.0,320.0,268.0,2008.0,92.0,36.0,8.0,36.0,172.0,8.0,4.0,28.0,592.0,968.0,332.0,316.0,2208.0,216.0,32.0,76.0,48.0,372.0,76.0,164.0,328.0,148.0,40.0,28.0,228.0,156.0,100.0,100.0,60.0,416.0,8.0,24.0,12.0,8.0,52.0,604.0,360.0,276.0,156.0,1396.0,1196.0,1328.0,608.0,472.0,3604.0,48.0,24.0,12.0,0.0,84.0,808.0,404.0,216.0,492.0,1920.0,748.0,336.0,140.0,260.0,1504.0,1604.0,764.0,368.0,680.0,3508.0,18024.0,7960.0,5292.0,4028.0,35560.0,191582.0,86001.0,152340.0,7287.0,78964.0,22816.0,41280.0,34521.0,21597.0,6567.0,71955.0,12850.0
1984-08-31,4957.905,187202.4,,,,,,,,,,,,,,,,,23723.0,5847.0,2109.0,1791.0,1986.0,912.0,194.0,369.0,198.0,287.0,1490.0,11793.0,2156.0,7562.0,2115.0,5979.0,6672.0,75183.0,11045.0,3946.0,1071.0,729.0,916.0,414.0,86.0,130.0,12.0,43.0,385.0,6268.0,1043.0,1980.0,1066.0,2196.0,1998.0,33328.0,5521.0,204.0,467.0,408.0,512.0,147.0,32.0,63.0,20.0,60.0,417.0,1476.0,603.0,3359.0,455.0,1966.0,2115.0,17825.0,3414.0,1286.0,451.0,337.0,301.0,85.0,68.0,104.0,116.0,140.0,291.0,2557.0,241.0,1223.0,314.0,941.0,1108.0,12977.0,3743.0,411.0,120.0,317.0,257.0,266.0,8.0,72.0,50.0,44.0,397.0,1492.0,269.0,1000.0,280.0,876.0,1451.0,11053.0,,,,,,,,,,,,,,,,,,,,,,,,,,,,,,,,,,,,,,,,,,,,,,,,,,,,,,,,,,,,,,,,,,,,,,,,,37.0,65.0,48.0,12.0,81.0,243.0,12184.0,3924.0,2848.0,1808.0,20764.0,4524.0,656.0,664.0,1036.0,6880.0,548.0,268.0,64.0,264.0,1144.0,20.0,4.0,4.0,48.0,52.0,68.0,5144.0,928.0,752.0,1316.0,8140.0,1680.0,76.0,316.0,128.0,2200.0,8.0,12.0,16.0,0.0,36.0,168.0,88.0,24.0,308.0,4.0,8.0,28.0,4.0,44.0,8.0,8.0,12.0,0.0,28.0,1868.0,192.0,396.0,160.0,2616.0,156.0,80.0,52.0,8.0,296.0,72.0,60.0,56.0,12.0,200.0,12.0,4.0,12.0,8.0,36.0,48.0,8.0,84.0,4.0,20.0,8.0,12.0,44.0,32.0,36.0,32.0,24.0,124.0,324.0,208.0,172.0,80.0,784.0,2192.0,400.0,568.0,240.0,3400.0,580.0,604.0,280.0,252.0,1716.0,96.0,20.0,64.0,64.0,244.0,16.0,12.0,44.0,692.0,636.0,348.0,328.0,2004.0,280.0,56.0,48.0,56.0,440.0,56.0,24.0,132.0,116.0,20.0,16.0,164.0,224.0,40.0,56.0,96.0,416.0,12.0,12.0,28.0,12.0,64.0,688.0,152.0,168.0,208.0,1216.0,1380.0,788.0,516.0,536.0,3220.0,56.0,24.0,16.0,8.0,104.0,752.0,436.0,197.0,476.0,1861.0,844.0,472.0,124.0,336.0,1812.0,1652.0,932.0,337.0,784.0,3777.0,22552.0,6972.0,5021.0,4544.0,39301.0,191816.0,85649.0,162120.0,8810.0,111295.0,19164.0,30498.0,29814.0,17264.0,7743.0,52805.0,11705.0
1984-09-30,3321.9593,145933.7,,,,,,,,,,,,,,,,,16526.0,6774.0,1141.0,2201.0,1827.0,1049.0,158.0,384.0,240.0,295.0,1532.0,9680.0,1753.0,10265.0,1844.0,5890.0,7124.0,68683.0,6998.0,4630.0,423.0,1075.0,812.0,275.0,46.0,64.0,32.0,31.0,428.0,4465.0,808.0,2406.0,836.0,1827.0,2149.0,27305.0,3953.0,104.0,224.0,249.0,422.0,193.0,31.0,76.0,16.0,49.0,434.0,1017.0,443.0,5552.0,370.0,1912.0,1915.0,16960.0,3169.0,1615.0,304.0,494.0,253.0,152.0,36.0,111.0,136.0,147.0,261.0,3129.0,295.0,1324.0,413.0,1443.0,1000.0,14282.0,2406.0,425.0,190.0,383.0,340.0,429.0,45.0,133.0,56.0,68.0,409.0,1069.0,207.0,983.0,225.0,708.0,2060.0,10136.0,,,,,,,,,,,,,,,,,,,,,,,,,,,,,,,,,,,,,,,,,,,,,,,,,,,,,,,,,,,,,,,,,,,,,,,,,59.0,70.0,56.0,15.0,47.0,247.0,11008.0,3516.0,2804.0,1456.0,18784.0,3940.0,352.0,780.0,788.0,5860.0,628.0,156.0,100.0,124.0,1008.0,24.0,4.0,4.0,48.0,40.0,64.0,4632.0,520.0,900.0,928.0,6980.0,2480.0,24.0,332.0,340.0,3176.0,28.0,0.0,16.0,8.0,52.0,92.0,28.0,80.0,224.0,16.0,4.0,36.0,8.0,64.0,8.0,12.0,44.0,12.0,76.0,2628.0,68.0,508.0,392.0,3596.0,248.0,44.0,68.0,48.0,408.0,72.0,28.0,12.0,28.0,140.0,12.0,0.0,4.0,8.0,24.0,40.0,20.0,92.0,0.0,24.0,8.0,32.0,64.0,44.0,24.0,20.0,36.0,124.0,416.0,140.0,124.0,172.0,852.0,3044.0,208.0,632.0,564.0,4448.0,652.0,916.0,352.0,192.0,2112.0,104.0,48.0,72.0,28.0,252.0,4.0,0.0,20.0,760.0,964.0,432.0,228.0,2384.0,216.0,24.0,68.0,48.0,356.0,32.0,68.0,164.0,168.0,32.0,56.0,264.0,76.0,32.0,88.0,72.0,268.0,0.0,8.0,4.0,4.0,16.0,492.0,164.0,256.0,156.0,1068.0,1252.0,1128.0,688.0,384.0,3452.0,76.0,44.0,8.0,4.0,132.0,540.0,428.0,212.0,488.0,1668.0,796.0,340.0,152.0,392.0,1700.0,1412.0,812.0,372.0,840.0,3500.0,21348.0,6184.0,5396.0,3956.0,37164.0,179220.0,48715.0,121107.0,4582.0,31827.0,16581.0,28120.0,27682.0,19827.0,4197.0,59361.0,9809.0
1984-10-31,2221.1801,142136.0,,,,,,,,,,,,,,,,,16602.0,8938.0,1196.0,2477.0,1947.0,1149.0,977.0,694.0,324.0,432.0,1664.0,15486.0,2847.0,12311.0,3381.0,9270.0,7128.0,86823.0,6638.0,6506.0,487.0,1178.0,871.0,513.0,861.0,286.0,80.0,136.0,543.0,9302.0,1432.0,3488.0,1811.0,3358.0,2085.0,39575.0,3914.0,54.0,295.0,238.0,565.0,140.0,16.0,93.0,64.0,16.0,407.0,1280.0,484.0,5612.0,670.0,2931.0,2135.0,18914.0,3439.0,1702.0,286.0,435.0,260.0,137.0,79.0,167.0,108.0,200.0,280.0,3748.0,585.0,2351.0,675.0,2040.0,1075.0,17567.0,2611.0,676.0,128.0,626.0,251.0,359.0,21.0,148.0,72.0,80.0,434.0,1156.0,346.0,860.0,225.0,941.0,1833.0,10767.0,,,,,,,,,,,,,,,,,,,,,,,,,,,,,,,,,,,,,,,,,,,,,,,,,,,,,,,,,,,,,,,,,,,,,,,,,39.0,87.0,91.0,4.0,61.0,282.0,9268.0,3464.0,3216.0,1660.0,17608.0,8232.0,520.0,944.0,1428.0,11124.0,1360.0,220.0,64.0,212.0,1856.0,40.0,0.0,12.0,56.0,44.0,64.0,9676.0,756.0,1012.0,1656.0,13100.0,3408.0,16.0,496.0,200.0,4120.0,324.0,0.0,12.0,12.0,348.0,136.0,60.0,40.0,284.0,0.0,0.0,12.0,28.0,40.0,92.0,0.0,32.0,4.0,128.0,3964.0,76.0,592.0,292.0,4924.0,384.0,32.0,96.0,64.0,576.0,124.0,16.0,28.0,24.0,192.0,176.0,16.0,8.0,16.0,216.0,96.0,4.0,160.0,8.0,20.0,12.0,8.0,48.0,36.0,32.0,40.0,44.0,152.0,824.0,120.0,212.0,188.0,1344.0,4788.0,196.0,804.0,480.0,6268.0,984.0,1240.0,564.0,260.0,3048.0,296.0,68.0,124.0,72.0,560.0,12.0,32.0,64.0,1292.0,1340.0,696.0,344.0,3672.0,636.0,72.0,156.0,80.0,944.0,136.0,148.0,400.0,304.0,48.0,24.0,400.0,244.0,20.0,116.0,36.0,416.0,24.0,16.0,8.0,96.0,144.0,1344.0,304.0,364.0,292.0,2304.0,2636.0,1644.0,1060.0,636.0,5976.0,108.0,68.0,20.0,16.0,212.0,776.0,460.0,296.0,472.0,2004.0,980.0,400.0,164.0,360.0,1920.0,1864.0,928.0,480.0,824.0,4136.0,28232.0,6988.0,6572.0,5128.0,47088.0,84921.0,17021.0,67463.0,3280.0,10239.0,5898.0,17019.0,11481.0,14315.0,5635.0,48325.0,7552.0
1984-11-30,1345.9,104437.6,,,,,,,,,,,,,,,,,15359.0,10951.0,1694.0,4389.0,3785.0,957.0,1387.0,528.0,433.0,406.0,1974.0,15582.0,3372.0,15020.0,3731.0,10072.0,8806.0,98446.0,5593.0,8286.0,662.0,2586.0,2036.0,377.0,1148.0,251.0,170.0,50.0,487.0,9300.0,1749.0,3858.0,1962.0,3663.0,2541.0,44719.0,3918.0,189.0,459.0,802.0,1277.0,160.0,20.0,64.0,25.0,48.0,538.0,1505.0,953.0,8010.0,830.0,3602.0,3017.0,25417.0,3352.0,1879.0,422.0,510.0,239.0,142.0,147.0,81.0,149.0,195.0,286.0,3166.0,395.0,1978.0,664.0,1612.0,1053.0,16270.0,2496.0,597.0,151.0,491.0,233.0,278.0,72.0,132.0,89.0,113.0,663.0,1611.0,275.0,1174.0,275.0,1195.0,2195.0,12040.0,,,,,,,,,,,,,,,,,,,,,,,,,,,,,,,,,,,,,,,,,,,,,,,,,,,,,,,,,,,,,,,,,,,,,,,,,172.0,74.0,193.0,65.0,64.0,568.0,10289.0,3936.0,3320.0,1636.0,19181.0,8748.0,766.0,840.0,1084.0,11438.0,1744.0,464.0,100.0,168.0,2476.0,64.0,24.0,20.0,124.0,64.0,72.0,10620.0,1254.0,964.0,1272.0,14110.0,5432.0,16.0,512.0,164.0,6124.0,580.0,4.0,28.0,44.0,656.0,140.0,36.0,76.0,276.0,128.0,8.0,28.0,20.0,184.0,8.0,8.0,36.0,12.0,64.0,6288.0,72.0,680.0,264.0,7304.0,1164.0,52.0,68.0,96.0,1380.0,420.0,48.0,36.0,16.0,520.0,84.0,12.0,16.0,24.0,136.0,80.0,16.0,136.0,12.0,16.0,16.0,24.0,68.0,72.0,24.0,56.0,28.0,180.0,1832.0,168.0,220.0,200.0,2420.0,8120.0,240.0,900.0,464.0,9724.0,1360.0,2366.0,644.0,244.0,4614.0,396.0,48.0,176.0,8.0,628.0,8.0,40.0,52.0,1764.0,2454.0,820.0,256.0,5294.0,1048.0,104.0,232.0,65.0,1449.0,212.0,300.0,596.0,492.0,104.0,52.0,664.0,248.0,68.0,184.0,52.0,552.0,24.0,32.0,12.0,180.0,248.0,2024.0,608.0,540.0,337.0,3509.0,3788.0,3062.0,1360.0,593.0,8803.0,68.0,56.0,20.0,4.0,148.0,948.0,464.0,284.0,652.0,2348.0,1244.0,428.0,192.0,348.0,2244.0,2260.0,948.0,496.0,980.0,4740.0,35077.0,9440.0,7040.0,4805.0,56558.0,11793.0,4855.0,9840.0,1298.0,4622.0,291.0,2341.0,1121.0,640.0,7405.0,20983.0,4335.0
1984-12-31,1514.0151,77719.54,,,,,,,,,,,,,,,,,22636.0,10049.0,2742.0,6694.0,4416.0,2449.0,1099.0,403.0,310.0,378.0,2031.0,13404.0,3944.0,21549.0,5330.0,14076.0,14240.0,125750.0,8384.0,7862.0,1235.0,4925.0,2625.0,1464.0,967.0,171.0,77.0,101.0,747.0,6762.0,1826.0,5277.0,2901.0,5191.0,5548.0,56063.0,10240.0,427.0,994.0,1004.0,1120.0,578.0,32.0,124.0,92.0,68.0,706.0,4117.0,1645.0,14206.0,1765.0,6864.0,5762.0,49744.0,1404.0,1080.0,350.0,267.0,205.0,108.0,74.0,52.0,73.0,138.0,177.0,1348.0,120.0,620.0,305.0,864.0,677.0,7862.0,2608.0,680.0,163.0,498.0,466.0,299.0,26.0,56.0,68.0,71.0,401.0,1177.0,353.0,1446.0,359.0,1157.0,2253.0,12081.0,,,,,,,,,,,,,,,,,,,,,,,,,,,,,,,,,,,,,,,,,,,,,,,,,,,,,,,,,,,,,,,,,,,,,,,,,118.0,68.0,56.0,64.0,107.0,413.0,21484.0,17700.0,2060.0,1585.0,42829.0,4601.0,1809.0,432.0,1024.0,7866.0,1312.0,908.0,52.0,176.0,2448.0,64.0,20.0,20.0,144.0,44.0,80.0,6021.0,2769.0,524.0,1224.0,10538.0,4856.0,92.0,424.0,192.0,5564.0,240.0,12.0,56.0,236.0,544.0,304.0,104.0,60.0,496.0,52.0,8.0,16.0,188.0,264.0,52.0,32.0,20.0,12.0,116.0,5512.0,248.0,576.0,656.0,6992.0,1592.0,148.0,52.0,52.0,1844.0,436.0,80.0,20.0,28.0,564.0,44.0,24.0,4.0,4.0,76.0,420.0,56.0,492.0,8.0,32.0,8.0,24.0,72.0,108.0,53.0,8.0,40.0,209.0,2608.0,393.0,100.0,156.0,3257.0,8120.0,641.0,676.0,812.0,10249.0,1648.0,4743.0,276.0,276.0,6943.0,412.0,236.0,24.0,44.0,716.0,20.0,48.0,68.0,2080.0,5027.0,300.0,320.0,7727.0,904.0,372.0,64.0,68.0,1408.0,216.0,580.0,876.0,432.0,212.0,12.0,672.0,272.0,164.0,88.0,48.0,572.0,20.0,32.0,8.0,316.0,376.0,1844.0,1360.0,216.0,484.0,3904.0,3924.0,6387.0,516.0,804.0,11631.0,148.0,208.0,0.0,4.0,360.0,2548.0,1569.0,200.0,736.0,5053.0,2306.0,1304.0,184.0,564.0,4386.0,5002.0,3081.0,384.0,1284.0,9799.0,44551.0,30578.0,4160.0,5561.0,85046.0,8123.0,5641.0,8983.0,1205.0,6990.0,316.0,1967.0,1058.0,565.0,7812.0,14901.0,6585.0
1985-01-31,1239.5502,87537.67,37047.0,7611.0,27693.0,12570.0,4289.0,55563.0,4262.0,6699.0,8219.0,8002.0,13572.0,23896.0,,,,,12610.0,7465.0,1321.0,1779.0,1993.0,1180.0,570.0,294.0,263.0,430.0,1426.0,12861.0,4052.0,15033.0,2964.0,8799.0,9634.0,82674.0,4314.0,5259.0,536.0,775.0,553.0,410.0,454.0,57.0,52.0,39.0,377.0,7185.0,2331.0,4140.0,1575.0,3358.0,3775.0,35190.0,3336.0,155.0,324.0,226.0,453.0,201.0,17.0,32.0,52.0,44.0,359.0,1434.0,870.0,7748.0,662.0,3322.0,2145.0,21380.0,1657.0,1281.0,229.0,382.0,101.0,104.0,46.0,69.0,73.0,174.0,120.0,2117.0,258.0,1227.0,278.0,953.0,607.0,9676.0,3303.0,770.0,232.0,396.0,886.0,465.0,53.0,136.0,86.0,173.0,570.0,2125.0,593.0,1918.0,449.0,1166.0,3107.0,16428.0,,,,,,,,,,,,,,,,,,,,,,,,,,,,,,,,,,,,,,,,,,,,,,,,,,,,,,,,,,,,,,,,,,,,,,,,,241.0,79.0,37.0,39.0,67.0,463.0,12087.0,5564.0,2104.0,1828.0,21583.0,6228.0,880.0,580.0,1148.0,8836.0,2480.0,560.0,48.0,320.0,3408.0,228.0,28.0,88.0,356.0,16.0,24.0,8952.0,1476.0,640.0,1556.0,12624.0,3328.0,56.0,312.0,232.0,3928.0,192.0,4.0,24.0,252.0,472.0,112.0,88.0,44.0,288.0,80.0,8.0,20.0,32.0,140.0,12.0,16.0,24.0,4.0,56.0,3724.0,172.0,424.0,564.0,4884.0,404.0,36.0,64.0,36.0,540.0,96.0,24.0,4.0,20.0,144.0,16.0,12.0,4.0,8.0,40.0,84.0,24.0,124.0,28.0,8.0,4.0,12.0,52.0,60.0,32.0,16.0,52.0,160.0,688.0,136.0,100.0,136.0,1060.0,4412.0,308.0,524.0,700.0,5944.0,1812.0,3637.0,304.0,328.0,6081.0,460.0,120.0,76.0,56.0,712.0,28.0,52.0,80.0,2300.0,3809.0,380.0,384.0,6873.0,652.0,124.0,104.0,44.0,924.0,376.0,893.0,1373.0,584.0,116.0,24.0,748.0,300.0,136.0,72.0,80.0,588.0,24.0,20.0,12.0,36.0,92.0,1936.0,1289.0,264.0,236.0,3725.0,4236.0,5098.0,644.0,620.0,10598.0,84.0,56.0,20.0,4.0,164.0,1740.0,888.0,168.0,796.0,3592.0,1504.0,600.0,168.0,588.0,2912.0,3328.0,1544.0,356.0,1260.0,6668.0,33015.0,13990.0,4268.0,5756.0,57417.0,9060.0,4272.0,6291.0,791.0,3978.0,324.0,1380.0,930.0,460.0,7233.0,14725.0,5006.0
1985-02-28,1172.1599,74318.65,32836.0,6859.0,15075.0,12691.0,4312.0,45408.0,3329.0,5380.0,9435.0,7934.0,17535.0,18543.0,,,,,12354.0,11537.0,3635.0,3646.0,4238.0,1346.0,1230.0,645.0,282.0,325.0,2210.0,16674.0,3862.0,14332.0,4659.0,9557.0,8302.0,98834.0,4231.0,8805.0,1926.0,2324.0,1864.0,482.0,1063.0,301.0,66.0,60.0,685.0,9491.0,2523.0,4106.0,2222.0,3723.0,2387.0,46259.0,2459.0,191.0,647.0,339.0,433.0,228.0,50.0,90.0,21.0,29.0,442.0,1594.0,626.0,6027.0,1043.0,3116.0,2086.0,19421.0,3133.0,1606.0,345.0,408.0,137.0,109.0,62.0,74.0,85.0,121.0,293.0,3326.0,310.0,2199.0,563.0,1387.0,1019.0,15177.0,2531.0,935.0,717.0,575.0,1804.0,527.0,55.0,180.0,110.0,115.0,790.0,2263.0,403.0,2000.0,831.0,1331.0,2810.0,17977.0,,,,,,,,,,,,,,,,,,,,,,,,,,,,,,,,,,,,,,,,,,,,,,,,,,,,,,,,,,,,,,,,,,,,,,,,,63.0,125.0,52.0,4.0,23.0,267.0,13952.0,5416.0,3348.0,1564.0,24280.0,8936.0,928.0,936.0,1380.0,12180.0,2320.0,440.0,148.0,268.0,3176.0,116.0,20.0,84.0,228.0,44.0,92.0,11416.0,1408.0,1104.0,1748.0,15676.0,5016.0,48.0,480.0,224.0,5768.0,548.0,4.0,4.0,20.0,576.0,476.0,112.0,56.0,664.0,4.0,4.0,8.0,4.0,20.0,84.0,12.0,28.0,4.0,128.0,6128.0,180.0,576.0,272.0,7156.0,520.0,48.0,104.0,40.0,712.0,156.0,16.0,28.0,40.0,240.0,48.0,32.0,8.0,12.0,100.0,48.0,12.0,92.0,24.0,24.0,28.0,28.0,104.0,60.0,32.0,20.0,48.0,160.0,856.0,164.0,204.0,184.0,1408.0,6984.0,344.0,780.0,456.0,8564.0,1876.0,2416.0,728.0,372.0,5392.0,460.0,84.0,108.0,68.0,720.0,24.0,12.0,40.0,2360.0,2512.0,840.0,440.0,6152.0,1168.0,132.0,128.0,136.0,1564.0,224.0,424.0,736.0,488.0,132.0,40.0,684.0,296.0,88.0,160.0,52.0,596.0,36.0,8.0,12.0,16.0,72.0,2212.0,784.0,392.0,264.0,3652.0,4572.0,3296.0,1232.0,704.0,9804.0,64.0,40.0,8.0,4.0,116.0,936.0,424.0,292.0,700.0,2352.0,1732.0,553.0,176.0,432.0,3013.0,2732.0,1017.0,476.0,976.0,5481.0,39656.0,11481.0,6940.0,5164.0,63805.0,7738.0,4471.0,7617.0,1095.0,3695.0,310.0,1461.0,973.0,1423.0,9648.0,12814.0,3282.0
1985-03-31,1518.9752,78690.74,51094.0,9247.0,22602.0,18729.0,8679.0,72897.0,4016.0,8750.0,13849.0,10067.0,17353.0,26609.0,,,,,16682.0,11238.0,2045.0,2844.0,2997.0,1295.0,1116.0,482.0,239.0,663.0,1934.0,18257.0,4149.0,20198.0,3985.0,8596.0,8693.0,105413.0,5402.0,8912.0,842.0,1316.0,1204.0,535.0,1037.0,112.0,28.0,139.0,492.0,11251.0,2635.0,4952.0,2044.0,3258.0,2843.0,47002.0,3792.0,255.0,487.0,446.0,727.0,225.0,8.0,100.0,48.0,31.0,590.0,1473.0,706.0,11533.0,886.0,2669.0,2230.0,26206.0,4045.0,1391.0,421.0,643.0,305.0,237.0,39.0,171.0,88.0,314.0,311.0,3427.0,481.0,2150.0,704.0,1601.0,1336.0,17664.0,3443.0,680.0,295.0,439.0,761.0,298.0,32.0,99.0,75.0,179.0,541.0,2106.0,327.0,1563.0,351.0,1068.0,2284.0,14541.0,,,,,,,,,,,,,,,,,,,,,,,,,,,,,,,,,,,,,,,,,,,,,,,,,,,,,,,,,,,,,,,,,,,,,,,,,154.0,131.0,81.0,12.0,72.0,450.0,16876.0,5460.0,3716.0,1616.0,27668.0,8972.0,736.0,796.0,1024.0,11528.0,2248.0,336.0,108.0,320.0,3012.0,80.0,24.0,112.0,244.0,68.0,96.0,11368.0,1112.0,940.0,1460.0,14880.0,5900.0,56.0,448.0,172.0,6576.0,320.0,8.0,16.0,12.0,356.0,176.0,72.0,52.0,320.0,24.0,0.0,52.0,28.0,104.0,12.0,0.0,40.0,36.0,88.0,6432.0,136.0,608.0,268.0,7444.0,284.0,80.0,108.0,24.0,496.0,112.0,36.0,36.0,24.0,208.0,36.0,16.0,80.0,24.0,156.0,136.0,16.0,184.0,24.0,24.0,28.0,16.0,92.0,56.0,20.0,40.0,28.0,144.0,648.0,192.0,312.0,128.0,1280.0,7080.0,328.0,920.0,396.0,8724.0,1484.0,1852.0,576.0,300.0,4212.0,268.0,40.0,164.0,44.0,516.0,20.0,24.0,84.0,1772.0,1916.0,752.0,372.0,4812.0,904.0,124.0,164.0,68.0,1260.0,136.0,192.0,412.0,260.0,44.0,76.0,400.0,208.0,48.0,168.0,28.0,452.0,16.0,24.0,28.0,172.0,240.0,1524.0,432.0,484.0,324.0,2764.0,3296.0,2348.0,1236.0,696.0,7576.0,68.0,40.0,36.0,8.0,152.0,876.0,464.0,272.0,580.0,2192.0,1208.0,348.0,184.0,280.0,2076.0,2152.0,852.0,492.0,812.0,4420.0,40772.0,10100.0,7304.0,4868.0,63268.0,18700.0,19120.0,49614.0,2933.0,13789.0,1586.0,4827.0,3704.0,3232.0,12947.0,27798.0,5982.0
1985-04-30,1996.8751,93133.8,52629.0,10924.0,23530.0,16028.0,7649.0,45770.0,3702.0,14168.0,17696.0,17150.0,13908.0,26060.0,,,,,15919.0,7756.0,1832.0,2076.0,3130.0,1060.0,700.0,642.0,232.0,386.0,2057.0,18964.0,4203.0,9211.0,2216.0,5995.0,7586.0,83965.0,5199.0,5508.0,686.0,1047.0,1667.0,513.0,526.0,240.0,20.0,64.0,670.0,12373.0,2265.0,2344.0,1171.0,2348.0,2510.0,39151.0,4414.0,230.0,514.0,367.0,874.0,117.0,20.0,121.0,11.0,21.0,577.0,2521.0,1111.0,4324.0,316.0,1680.0,2136.0,19354.0,3416.0,1534.0,439.0,466.0,242.0,87.0,118.0,133.0,108.0,184.0,324.0,2451.0,545.0,1632.0,489.0,1235.0,932.0,14335.0,2890.0,484.0,193.0,196.0,347.0,343.0,36.0,148.0,93.0,117.0,486.0,1619.0,282.0,911.0,240.0,732.0,2008.0,11125.0,,,,,,,,,,,,,,,,,,,,,,,,,,,,,,,,,,,,,,,,,,,,,,,,,,,,,,,,,,,,,,,,,,,,,,,,,143.0,70.0,60.0,8.0,58.0,339.0,11746.0,5152.0,3292.0,1460.0,21650.0,10356.0,864.0,969.0,1048.0,13237.0,1624.0,444.0,92.0,172.0,2332.0,44.0,20.0,36.0,152.0,76.0,120.0,12100.0,1328.0,1133.0,1280.0,15841.0,3144.0,28.0,368.0,140.0,3680.0,260.0,4.0,20.0,4.0,288.0,152.0,108.0,100.0,432.0,16.0,0.0,40.0,24.0,80.0,20.0,4.0,84.0,28.0,136.0,3592.0,144.0,612.0,272.0,4620.0,300.0,52.0,80.0,28.0,460.0,92.0,36.0,88.0,48.0,264.0,96.0,28.0,12.0,20.0,156.0,68.0,28.0,140.0,20.0,32.0,28.0,40.0,120.0,80.0,28.0,80.0,52.0,240.0,656.0,204.0,312.0,208.0,1380.0,4248.0,348.0,924.0,480.0,6000.0,800.0,716.0,444.0,256.0,2216.0,184.0,36.0,108.0,28.0,356.0,20.0,16.0,44.0,1004.0,768.0,556.0,288.0,2616.0,396.0,88.0,108.0,36.0,628.0,48.0,88.0,236.0,172.0,44.0,36.0,264.0,156.0,64.0,120.0,52.0,392.0,16.0,8.0,12.0,184.0,220.0,788.0,292.0,324.0,336.0,1740.0,1792.0,1060.0,880.0,624.0,4356.0,52.0,20.0,12.0,0.0,84.0,864.0,504.0,336.0,580.0,2284.0,952.0,388.0,140.0,320.0,1820.0,1868.0,912.0,488.0,852.0,4188.0,31754.0,8800.0,6717.0,4600.0,52035.0,68933.0,36952.0,79420.0,2641.0,23039.0,8556.0,23020.0,17574.0,15897.0,7934.0,42686.0,10137.0
1985-05-31,2248.6851,107493.0,56884.0,9064.0,26817.0,13644.0,6460.0,46733.0,3864.0,13881.0,20090.0,15680.0,12607.0,27689.0,,,,,22557.0,6900.0,1109.0,2042.0,2077.0,893.0,388.0,484.0,281.0,409.0,1822.0,12441.0,2255.0,8134.0,1540.0,5380.0,7011.0,75723.0,8993.0,4637.0,379.0,948.0,910.0,317.0,241.0,181.0,32.0,16.0,463.0,6198.0,983.0,2062.0,676.0,1777.0,2177.0,30990.0,6039.0,84.0,173.0,356.0,537.0,127.0,28.0,76.0,33.0,14.0,592.0,1379.0,503.0,3520.0,180.0,1198.0,1639.0,16478.0,3620.0,1808.0,332.0,443.0,201.0,151.0,84.0,121.0,140.0,246.0,234.0,3475.0,451.0,1817.0,530.0,1595.0,1137.0,16385.0,3905.0,371.0,225.0,295.0,429.0,298.0,35.0,106.0,76.0,133.0,533.0,1389.0,318.0,735.0,154.0,810.0,2058.0,11870.0,,,,,,,,,,,,,,,,,,,,,,,,,,,,,,,,,,,,,,,,,,,,,,,,,,,,,,,,,,,,,,,,,,,,,,,,,100.0,188.0,64.0,20.0,108.0,480.0,11096.0,5580.0,3040.0,2356.0,22072.0,4100.0,572.0,592.0,712.0,5976.0,624.0,132.0,88.0,172.0,1016.0,152.0,8.0,60.0,232.0,56.0,80.0,4932.0,720.0,708.0,944.0,7304.0,2392.0,20.0,412.0,108.0,2932.0,32.0,0.0,20.0,12.0,64.0,72.0,48.0,64.0,196.0,40.0,0.0,20.0,40.0,100.0,8.0,8.0,52.0,12.0,80.0,2544.0,76.0,572.0,192.0,3384.0,132.0,36.0,40.0,36.0,244.0,80.0,36.0,28.0,0.0,144.0,24.0,20.0,16.0,16.0,76.0,40.0,8.0,76.0,24.0,20.0,20.0,36.0,100.0,72.0,28.0,12.0,28.0,140.0,372.0,148.0,128.0,132.0,780.0,2916.0,224.0,700.0,324.0,4164.0,480.0,700.0,428.0,344.0,1952.0,100.0,28.0,64.0,36.0,228.0,12.0,24.0,64.0,592.0,752.0,508.0,392.0,2244.0,188.0,52.0,96.0,36.0,372.0,64.0,56.0,208.0,120.0,20.0,36.0,184.0,112.0,28.0,164.0,44.0,348.0,8.0,20.0,16.0,4.0,48.0,492.0,176.0,380.0,112.0,1160.0,1084.0,928.0,888.0,504.0,3404.0,40.0,52.0,20.0,0.0,112.0,752.0,472.0,224.0,636.0,2084.0,664.0,364.0,204.0,360.0,1652.0,1456.0,888.0,448.0,940.0,3848.0,21484.0,8340.0,5784.0,4800.0,40792.0,173406.0,57037.0,152720.0,1566.0,13765.0,18194.0,40065.0,33607.0,19208.0,5562.0,62931.0,15306.0
1985-06-30,3053.4402,115749.5,52955.0,7417.0,22696.0,12265.0,5519.0,49115.0,3362.0,9651.0,35017.0,9568.0,12791.0,26213.0,,,,,25192.0,5624.0,1290.0,3370.0,1554.0,1663.0,190.0,316.0,290.0,346.0,1514.0,11665.0,1576.0,6522.0,1457.0,6114.0,6865.0,75548.0,10582.0,3455.0,499.0,2126.0,759.0,823.0,64.0,131.0,76.0,12.0,360.0,5362.0,565.0,1587.0,666.0,2073.0,2146.0,31286.0,8228.0,168.0,364.0,446.0,376.0,408.0,28.0,53.0,32.0,41.0,396.0,2155.0,509.0,2991.0,301.0,1943.0,1767.0,20206.0,3250.0,1421.0,264.0,436.0,184.0,88.0,80.0,92.0,124.0,196.0,182.0,2614.0,275.0,1205.0,344.0,1255.0,1018.0,13028.0,3132.0,580.0,163.0,362.0,235.0,344.0,18.0,40.0,58.0,97.0,576.0,1534.0,227.0,739.0,146.0,843.0,1934.0,11028.0,,,,,,,,,,,,,,,,,,,,,,,,,,,,,,,,,,,,,,,,,,,,,,,,,,,,,,,,,,,,,,,,,,,,,,,,,68.0,68.0,49.0,16.0,64.0,265.0,11494.0,6173.0,3644.0,1839.0,23150.0,3056.0,744.0,636.0,660.0,5096.0,332.0,84.0,88.0,120.0,624.0,120.0,4.0,20.0,152.0,32.0,68.0,3540.0,844.0,752.0,804.0,5940.0,1620.0,24.0,292.0,124.0,2060.0,8.0,4.0,20.0,0.0,32.0,76.0,48.0,48.0,188.0,16.0,8.0,8.0,12.0,44.0,20.0,8.0,20.0,20.0,68.0,1740.0,92.0,388.0,172.0,2392.0,544.0,48.0,64.0,60.0,716.0,100.0,36.0,12.0,16.0,164.0,20.0,8.0,12.0,20.0,60.0,148.0,49.0,233.0,24.0,8.0,4.0,20.0,56.0,56.0,16.0,36.0,16.0,124.0,892.0,165.0,152.0,144.0,1353.0,2632.0,257.0,540.0,316.0,3745.0,356.0,504.0,320.0,168.0,1348.0,92.0,16.0,76.0,36.0,220.0,16.0,20.0,60.0,464.0,540.0,404.0,220.0,1628.0,124.0,20.0,128.0,56.0,328.0,56.0,84.0,220.0,56.0,28.0,20.0,108.0,128.0,44.0,176.0,76.0,424.0,16.0,24.0,24.0,40.0,104.0,380.0,200.0,388.0,216.0,1184.0,844.0,740.0,792.0,436.0,2812.0,40.0,20.0,12.0,4.0,76.0,664.0,476.0,288.0,636.0,2064.0,696.0,368.0,192.0,300.0,1572.0,1400.0,864.0,492.0,896.0,3712.0,19910.0,8878.0,6220.0,4087.0,39359.0,201458.0,53640.0,143993.0,2738.0,29616.0,25867.0,37404.0,41452.0,20597.0,6086.0,86289.0,15586.0
1985-07-31,5019.4534,170180.0,56012.0,10467.0,20433.0,13567.0,5082.0,46548.0,3494.0,7442.0,12395.0,9634.0,15816.0,27135.0,,,,,25014.0,5939.0,2473.0,1693.0,1931.0,1092.0,223.0,428.0,309.0,339.0,1479.0,13101.0,2460.0,9011.0,2486.0,7401.0,7834.0,83213.0,11084.0,3482.0,1119.0,663.0,945.0,427.0,85.0,55.0,16.0,24.0,347.0,6217.0,993.0,2452.0,1314.0,2856.0,2118.0,34197.0,6997.0,319.0,761.0,356.0,500.0,177.0,4.0,28.0,48.0,55.0,442.0,2273.0,936.0,4464.0,495.0,2449.0,2108.0,22412.0,3865.0,1444.0,268.0,372.0,181.0,152.0,103.0,84.0,110.0,163.0,212.0,2537.0,218.0,1111.0,471.0,1143.0,956.0,13390.0,3068.0,694.0,325.0,302.0,305.0,336.0,31.0,261.0,135.0,97.0,478.0,2074.0,313.0,984.0,206.0,953.0,2652.0,13214.0,,,,,,,,,,,,,,,,,,,,,,,,,,,,,,,,,,,,,,,,,,,,,,,,,,,,,,,,,,,,,,,,,,,,,,,,,105.0,76.0,40.0,28.0,108.0,357.0,9908.0,4360.0,3220.0,2036.0,19524.0,4076.0,784.0,472.0,1096.0,6428.0,512.0,328.0,76.0,236.0,1152.0,104.0,8.0,104.0,224.0,48.0,56.0,4740.0,1120.0,560.0,1440.0,7860.0,1556.0,96.0,468.0,328.0,2448.0,36.0,0.0,28.0,0.0,64.0,236.0,128.0,44.0,436.0,20.0,12.0,16.0,32.0,80.0,16.0,4.0,20.0,16.0,56.0,1868.0,240.0,576.0,404.0,3088.0,200.0,40.0,60.0,36.0,336.0,120.0,16.0,4.0,16.0,156.0,28.0,8.0,24.0,24.0,84.0,60.0,16.0,100.0,4.0,8.0,12.0,12.0,36.0,52.0,16.0,32.0,20.0,120.0,464.0,104.0,136.0,128.0,832.0,2332.0,344.0,712.0,532.0,3920.0,616.0,996.0,352.0,304.0,2268.0,96.0,20.0,32.0,32.0,180.0,24.0,12.0,40.0,736.0,1028.0,384.0,340.0,2488.0,216.0,64.0,96.0,44.0,420.0,92.0,88.0,256.0,96.0,40.0,32.0,192.0,172.0,68.0,76.0,56.0,372.0,8.0,16.0,4.0,28.0,56.0,584.0,276.0,256.0,180.0,1296.0,1320.0,1304.0,640.0,520.0,3784.0,8.0,32.0,20.0,4.0,64.0,944.0,468.0,164.0,864.0,2440.0,752.0,432.0,152.0,452.0,1804.0,1704.0,932.0,336.0,1200.0,4308.0,20004.0,8060.0,5468.0,5440.0,39396.0,241610.0,90804.0,166625.0,8024.0,82522.0,31072.0,60549.0,42167.0,19531.0,6454.0,72900.0,15931.0
1985-08-31,5466.7801,182643.7,50462.0,7921.0,24152.0,14020.0,5976.0,63889.0,3695.0,8160.0,12247.0,9205.0,18160.0,25294.0,,,,,22861.0,7551.0,2237.0,2030.0,1839.0,1016.0,378.0,513.0,264.0,347.0,1856.0,14398.0,2175.0,7426.0,2472.0,7460.0,8108.0,82931.0,9310.0,5129.0,1068.0,803.0,831.0,335.0,228.0,156.0,52.0,12.0,377.0,7372.0,920.0,2009.0,1173.0,2831.0,2784.0,35390.0,5930.0,177.0,572.0,339.0,548.0,177.0,16.0,80.0,44.0,23.0,462.0,2029.0,583.0,2820.0,522.0,2210.0,2038.0,18570.0,3878.0,1754.0,342.0,509.0,200.0,109.0,83.0,149.0,117.0,229.0,409.0,3105.0,325.0,1317.0,519.0,1070.0,1043.0,15158.0,3743.0,491.0,255.0,379.0,260.0,395.0,51.0,128.0,51.0,83.0,608.0,1892.0,347.0,1280.0,258.0,1349.0,2243.0,13813.0,,,,,,,,,,,,,,,,,,,,,,,,,,,,,,,,,,,,,,,,,,,,,,,,,,,,,,,,,,,,,,,,,,,,,,,,,66.0,108.0,62.0,4.0,63.0,303.0,16132.0,4816.0,3860.0,2284.0,27092.0,5348.0,740.0,720.0,1088.0,7896.0,576.0,204.0,108.0,172.0,1060.0,112.0,20.0,64.0,204.0,68.0,92.0,6104.0,980.0,836.0,1332.0,9252.0,2340.0,84.0,396.0,156.0,2976.0,80.0,0.0,16.0,80.0,176.0,288.0,108.0,44.0,468.0,48.0,0.0,32.0,44.0,124.0,16.0,4.0,64.0,12.0,96.0,2772.0,196.0,552.0,320.0,3840.0,204.0,88.0,60.0,36.0,388.0,68.0,20.0,16.0,20.0,124.0,52.0,20.0,12.0,8.0,92.0,56.0,44.0,136.0,4.0,12.0,16.0,20.0,52.0,80.0,24.0,8.0,40.0,152.0,464.0,208.0,128.0,144.0,944.0,3236.0,404.0,680.0,464.0,4784.0,740.0,576.0,340.0,248.0,1904.0,164.0,20.0,84.0,108.0,376.0,12.0,12.0,40.0,916.0,608.0,432.0,364.0,2320.0,340.0,56.0,68.0,104.0,568.0,32.0,80.0,164.0,68.0,12.0,4.0,108.0,260.0,36.0,120.0,104.0,520.0,16.0,8.0,100.0,88.0,212.0,716.0,192.0,324.0,340.0,1572.0,1632.0,800.0,756.0,704.0,3892.0,48.0,44.0,24.0,8.0,124.0,804.0,512.0,328.0,743.0,2387.0,1120.0,532.0,188.0,452.0,2336.0,1972.0,1088.0,540.0,1179.0,4847.0,29076.0,8088.0,6672.0,5755.0,49867.0,250984.0,94593.0,199250.0,9902.0,133513.0,26728.0,43617.0,35303.0,20921.0,9603.0,47589.0,15153.0
1985-09-30,3235.1677,150198.4,53323.0,8235.0,27170.0,14726.0,6643.0,56164.0,3335.0,8512.0,16614.0,11220.0,13230.0,26067.0,,,,,19928.0,7418.0,1300.0,2020.0,1737.0,912.0,246.0,415.0,348.0,436.0,1691.0,13617.0,2079.0,9458.0,2129.0,5876.0,7743.0,77353.0,7918.0,5097.0,455.0,924.0,708.0,270.0,55.0,112.0,72.0,57.0,441.0,7347.0,922.0,2471.0,934.0,2151.0,2476.0,32410.0,4786.0,90.0,220.0,299.0,436.0,144.0,7.0,37.0,64.0,41.0,477.0,1754.0,483.0,4352.0,405.0,1760.0,1868.0,17223.0,3903.0,1422.0,362.0,528.0,279.0,108.0,110.0,118.0,154.0,214.0,302.0,2977.0,411.0,1627.0,535.0,1196.0,1065.0,15311.0,3321.0,809.0,263.0,269.0,314.0,390.0,74.0,148.0,58.0,124.0,471.0,1539.0,263.0,1008.0,255.0,769.0,2334.0,12409.0,,,,,,,,,,,,,,,,,,,,,,,,,,,,,,,,,,,,,,,,,,,,,,,,,,,,,,,,,,,,,,,,,,,,,,,,,96.0,60.0,73.0,16.0,64.0,309.0,12976.0,3936.0,3252.0,1846.0,22010.0,5216.0,496.0,608.0,872.0,7192.0,737.0,180.0,100.0,184.0,1201.0,108.0,16.0,52.0,192.0,48.0,60.0,6109.0,692.0,732.0,1112.0,8645.0,2472.0,36.0,436.0,140.0,3084.0,8.0,0.0,12.0,4.0,24.0,56.0,24.0,40.0,152.0,32.0,0.0,24.0,52.0,108.0,16.0,12.0,36.0,24.0,88.0,2584.0,72.0,552.0,256.0,3464.0,340.0,20.0,72.0,56.0,488.0,116.0,16.0,32.0,20.0,184.0,20.0,8.0,8.0,4.0,40.0,52.0,4.0,84.0,20.0,16.0,16.0,32.0,84.0,80.0,44.0,12.0,28.0,164.0,628.0,108.0,156.0,152.0,1044.0,3212.0,180.0,708.0,408.0,4508.0,604.0,856.0,412.0,264.0,2136.0,140.0,28.0,56.0,40.0,264.0,28.0,24.0,72.0,772.0,908.0,476.0,316.0,2472.0,260.0,32.0,108.0,44.0,444.0,80.0,92.0,248.0,128.0,36.0,36.0,216.0,72.0,12.0,96.0,40.0,220.0,4.0,4.0,24.0,148.0,180.0,544.0,176.0,324.0,264.0,1308.0,1316.0,1084.0,800.0,580.0,3780.0,68.0,40.0,24.0,12.0,144.0,596.0,544.0,260.0,440.0,1840.0,868.0,344.0,176.0,352.0,1780.0,1532.0,928.0,460.0,756.0,3764.0,25145.0,6820.0,5952.0,4394.0,42707.0,226969.0,52047.0,144065.0,4999.0,36784.0,22379.0,38930.0,31544.0,23972.0,5603.0,40396.0,12805.0
1985-10-31,2157.98,144580.1,82429.0,12978.0,24372.0,21508.0,9815.0,50046.0,3564.0,9869.0,19203.0,15607.0,12419.0,27243.0,,,,,22688.0,10765.0,1446.0,2199.0,1865.0,1084.0,613.0,539.0,324.0,600.0,1909.0,22500.0,3349.0,13908.0,3534.0,10169.0,8206.0,105698.0,10158.0,7379.0,517.0,1125.0,945.0,365.0,400.0,214.0,48.0,129.0,551.0,14582.0,1902.0,4273.0,1774.0,3825.0,2769.0,50956.0,4751.0,164.0,351.0,383.0,602.0,197.0,58.0,101.0,39.0,24.0,491.0,2008.0,853.0,6515.0,628.0,3109.0,2040.0,22314.0,4579.0,2395.0,391.0,457.0,187.0,202.0,111.0,114.0,113.0,276.0,415.0,4034.0,300.0,2105.0,810.0,1997.0,1071.0,19557.0,3200.0,827.0,187.0,234.0,131.0,320.0,44.0,110.0,124.0,171.0,452.0,1876.0,294.0,1015.0,322.0,1238.0,2326.0,12871.0,,,,,,,,,,,,,,,,,,,,,,,,,,,,,,,,,,,,,,,,,,,,,,,,,,,,,,,,,,,,,,,,,,,,,,,,,155.0,145.0,56.0,20.0,61.0,437.0,10532.0,3984.0,3140.0,1728.0,19384.0,12284.0,661.0,808.0,1512.0,15265.0,1392.0,192.0,108.0,248.0,1940.0,184.0,12.0,84.0,288.0,80.0,120.0,13940.0,877.0,928.0,1868.0,17613.0,3212.0,32.0,480.0,252.0,3976.0,148.0,0.0,20.0,28.0,196.0,148.0,24.0,52.0,260.0,36.0,0.0,32.0,16.0,84.0,104.0,8.0,44.0,8.0,164.0,3648.0,64.0,628.0,340.0,4680.0,372.0,52.0,92.0,32.0,548.0,128.0,24.0,32.0,8.0,192.0,88.0,8.0,8.0,4.0,108.0,80.0,8.0,116.0,24.0,16.0,12.0,12.0,64.0,56.0,36.0,28.0,44.0,164.0,748.0,144.0,188.0,112.0,1192.0,4396.0,208.0,816.0,452.0,5872.0,1140.0,1336.0,628.0,404.0,3508.0,256.0,72.0,228.0,116.0,672.0,44.0,16.0,128.0,1440.0,1424.0,896.0,548.0,4308.0,676.0,104.0,188.0,64.0,1032.0,104.0,176.0,356.0,200.0,48.0,28.0,316.0,316.0,72.0,256.0,137.0,781.0,32.0,16.0,8.0,32.0,88.0,1328.0,416.0,536.0,293.0,2573.0,2768.0,1840.0,1432.0,841.0,6881.0,60.0,60.0,16.0,4.0,140.0,744.0,624.0,220.0,476.0,2064.0,1136.0,488.0,300.0,368.0,2304.0,1940.0,1172.0,536.0,832.0,4508.0,33576.0,8081.0,6852.0,5585.0,54258.0,107385.0,18114.0,80108.0,3580.0,11650.0,7861.0,23538.0,13780.0,15312.0,6600.0,32210.0,9612.0
1985-11-30,1379.7252,88946.34,63110.0,11397.0,19000.0,21294.0,9535.0,51196.0,4149.0,9351.0,16378.0,10932.0,12697.0,25838.0,,,,,21011.0,12460.0,1896.0,4200.0,4746.0,1281.0,1411.0,493.0,458.0,641.0,1909.0,24692.0,5403.0,14378.0,4517.0,12366.0,10131.0,121993.0,9054.0,9498.0,833.0,2588.0,2458.0,523.0,1212.0,213.0,136.0,154.0,491.0,16124.0,3188.0,4058.0,2418.0,4737.0,3168.0,60853.0,4448.0,165.0,349.0,858.0,1394.0,174.0,37.0,86.0,87.0,64.0,561.0,2255.0,1298.0,6819.0,801.0,3983.0,3468.0,26847.0,3935.0,1836.0,539.0,495.0,478.0,195.0,107.0,120.0,103.0,310.0,291.0,3981.0,519.0,2325.0,945.0,2267.0,1155.0,19601.0,3574.0,961.0,175.0,259.0,416.0,389.0,55.0,74.0,132.0,113.0,566.0,2332.0,398.0,1176.0,353.0,1379.0,2340.0,14692.0,,,,,,,,,,,,,,,,,,,,,,,,,,,,,,,,,,,,,,,,,,,,,,,,,,,,,,,,,,,,,,,,,,,,,,,,,146.0,85.0,150.0,52.0,48.0,481.0,11100.0,4625.0,3272.0,2524.0,21521.0,14448.0,1178.0,956.0,1396.0,17978.0,4224.0,872.0,208.0,376.0,5680.0,56.0,16.0,164.0,276.0,44.0,64.0,18772.0,2074.0,1208.0,1944.0,23998.0,5324.0,48.0,532.0,280.0,6184.0,428.0,0.0,8.0,24.0,460.0,216.0,72.0,44.0,352.0,80.0,8.0,16.0,28.0,132.0,200.0,16.0,28.0,24.0,268.0,6248.0,144.0,628.0,376.0,7396.0,1104.0,96.0,88.0,40.0,1328.0,520.0,72.0,16.0,36.0,644.0,48.0,20.0,8.0,8.0,84.0,120.0,16.0,164.0,36.0,20.0,0.0,20.0,76.0,72.0,32.0,32.0,32.0,168.0,1900.0,256.0,160.0,148.0,2464.0,8148.0,400.0,788.0,524.0,9860.0,1472.0,2576.0,636.0,396.0,5080.0,520.0,88.0,164.0,80.0,852.0,40.0,40.0,100.0,2032.0,2704.0,812.0,484.0,6032.0,1184.0,136.0,232.0,108.0,1660.0,164.0,244.0,500.0,468.0,120.0,64.0,676.0,448.0,88.0,164.0,116.0,816.0,36.0,4.0,24.0,196.0,260.0,2300.0,592.0,552.0,468.0,3912.0,4332.0,3296.0,1364.0,952.0,9944.0,76.0,92.0,4.0,12.0,184.0,880.0,712.0,312.0,564.0,2468.0,1736.0,680.0,316.0,476.0,3232.0,2692.0,1484.0,632.0,1024.0,5884.0,45044.0,11879.0,7264.0,6848.0,71207.0,13462.0,4595.0,10512.0,1290.0,4580.0,954.0,2956.0,1513.0,585.0,7007.0,14184.0,5782.0
1985-12-31,1728.04,79351.46,49387.0,11425.0,21954.0,16864.0,5728.0,52438.0,3956.0,10284.0,19834.0,11698.0,16529.0,28391.0,,,,,28478.0,12944.0,3502.0,7464.0,4819.0,2471.0,986.0,609.0,399.0,378.0,2224.0,18236.0,5373.0,25806.0,5403.0,16155.0,14872.0,150119.0,11639.0,10252.0,1789.0,5723.0,2975.0,1529.0,798.0,356.0,133.0,129.0,833.0,9861.0,2587.0,6284.0,2891.0,6873.0,5747.0,70399.0,11624.0,664.0,1105.0,986.0,1326.0,485.0,93.0,106.0,72.0,72.0,828.0,4539.0,2154.0,17501.0,1888.0,7609.0,5869.0,56921.0,1999.0,1217.0,257.0,290.0,204.0,48.0,79.0,76.0,109.0,116.0,152.0,1678.0,191.0,759.0,251.0,734.0,803.0,8963.0,3216.0,811.0,351.0,465.0,314.0,409.0,16.0,71.0,85.0,61.0,411.0,2158.0,441.0,1262.0,373.0,939.0,2453.0,13836.0,,,,,,,,,,,,,,,,,,,,,,,,,,,,,,,,,,,,,,,,,,,,,,,,,,,,,,,,,,,,,,,,,,,,,,,,,199.0,60.0,91.0,68.0,68.0,486.0,21030.0,18518.0,2404.0,1672.0,43624.0,7652.0,2276.0,488.0,932.0,11348.0,3092.0,1708.0,124.0,308.0,5232.0,200.0,76.0,200.0,488.0,48.0,84.0,10992.0,4088.0,624.0,1448.0,17152.0,5884.0,184.0,380.0,204.0,6652.0,408.0,8.0,4.0,60.0,480.0,388.0,144.0,44.0,596.0,64.0,4.0,20.0,36.0,124.0,68.0,12.0,24.0,12.0,116.0,6816.0,352.0,472.0,336.0,7976.0,2016.0,112.0,92.0,96.0,2316.0,524.0,108.0,12.0,24.0,668.0,104.0,12.0,4.0,8.0,128.0,532.0,44.0,592.0,28.0,40.0,4.0,12.0,84.0,164.0,68.0,8.0,60.0,300.0,3368.0,384.0,124.0,212.0,4088.0,10184.0,736.0,596.0,548.0,12064.0,2067.0,4952.0,216.0,280.0,7515.0,484.0,284.0,36.0,76.0,880.0,24.0,60.0,92.0,2575.0,5296.0,256.0,360.0,8487.0,1088.0,244.0,80.0,44.0,1456.0,208.0,476.0,704.0,512.0,248.0,16.0,792.0,304.0,224.0,84.0,80.0,692.0,48.0,56.0,16.0,220.0,340.0,2160.0,1248.0,204.0,372.0,3984.0,4735.0,6544.0,460.0,732.0,12471.0,88.0,156.0,16.0,16.0,276.0,2764.0,1577.0,168.0,492.0,5001.0,2725.0,1494.0,156.0,452.0,4859.0,5577.0,3227.0,340.0,908.0,10136.0,52518.0,33113.0,4424.0,5144.0,95447.0,9554.0,5496.0,9863.0,1232.0,7246.0,321.0,2562.0,1409.0,551.0,8125.0,11633.0,7312.0
1986-01-31,1350.1099,93303.12,44441.0,9340.0,27284.0,14303.0,4821.0,55980.0,3843.0,7339.0,8420.0,9082.0,15323.0,27077.0,4224.0,8329.0,1371.0,715.0,15507.0,8776.0,1941.0,1880.0,2308.0,1511.0,442.0,379.0,355.0,453.0,1662.0,17591.0,4801.0,13971.0,3103.0,11143.0,12197.0,98020.0,6252.0,6202.0,679.0,964.0,603.0,659.0,285.0,134.0,116.0,151.0,436.0,10562.0,2829.0,4924.0,1809.0,5254.0,5229.0,47088.0,3699.0,164.0,424.0,254.0,526.0,211.0,23.0,28.0,68.0,57.0,462.0,2011.0,915.0,5955.0,610.0,3517.0,2473.0,21397.0,1912.0,1322.0,408.0,310.0,161.0,45.0,63.0,85.0,79.0,127.0,253.0,2376.0,215.0,1525.0,350.0,1024.0,533.0,10788.0,3644.0,1088.0,430.0,352.0,1018.0,596.0,71.0,132.0,92.0,118.0,511.0,2642.0,842.0,1567.0,334.0,1348.0,3962.0,18747.0,,,,,,,,,,,,,,,,,,,,,,,,,,,,,,,,,,,,,,,,,,,,,,,,,,,,,,,,,,,,,,,,,,,,,,,,,264.0,133.0,65.0,12.0,58.0,532.0,13212.0,6540.0,2316.0,2976.0,25044.0,9712.0,1040.0,780.0,1324.0,12856.0,2988.0,548.0,120.0,428.0,4084.0,316.0,24.0,188.0,532.0,28.0,60.0,13044.0,1620.0,904.0,1964.0,17532.0,4148.0,64.0,332.0,252.0,4796.0,144.0,12.0,4.0,76.0,236.0,120.0,32.0,56.0,252.0,16.0,4.0,12.0,4.0,36.0,24.0,4.0,32.0,0.0,60.0,4460.0,116.0,436.0,380.0,5392.0,268.0,60.0,48.0,36.0,412.0,100.0,44.0,16.0,24.0,184.0,32.0,8.0,8.0,8.0,56.0,120.0,28.0,200.0,24.0,40.0,12.0,20.0,96.0,92.0,28.0,12.0,32.0,164.0,636.0,208.0,120.0,148.0,1112.0,5096.0,324.0,556.0,528.0,6504.0,2056.0,3342.0,352.0,336.0,6086.0,608.0,128.0,96.0,152.0,984.0,24.0,68.0,96.0,2688.0,3538.0,452.0,488.0,7166.0,948.0,164.0,76.0,52.0,1240.0,440.0,936.0,1536.0,616.0,128.0,40.0,828.0,340.0,148.0,88.0,152.0,728.0,40.0,36.0,20.0,16.0,112.0,2384.0,1412.0,288.0,360.0,4444.0,5072.0,4950.0,740.0,848.0,11610.0,72.0,40.0,24.0,20.0,156.0,1804.0,708.0,184.0,720.0,3416.0,1632.0,600.0,172.0,452.0,2916.0,3508.0,1348.0,380.0,1084.0,6488.0,39932.0,14782.0,4896.0,7120.0,67178.0,8593.0,4026.0,6523.0,852.0,4108.0,363.0,2252.0,1135.0,538.0,6192.0,8860.0,6240.0
1986-02-28,1216.0149,83155.08,35413.0,8487.0,11806.0,14154.0,5975.0,47433.0,3046.0,6250.0,10267.0,6985.0,19757.0,20833.0,3479.0,7308.0,1091.0,631.0,15863.0,13910.0,5346.0,4157.0,4722.0,1361.0,1810.0,651.0,287.0,535.0,1613.0,21249.0,4963.0,15828.0,4899.0,11030.0,9816.0,118040.0,5149.0,11023.0,3151.0,2622.0,1920.0,413.0,1612.0,234.0,28.0,192.0,440.0,12793.0,3335.0,5261.0,2686.0,4415.0,3257.0,58531.0,3713.0,164.0,628.0,417.0,664.0,169.0,16.0,105.0,45.0,48.0,407.0,1418.0,784.0,6787.0,980.0,3519.0,2479.0,22343.0,3600.0,1863.0,729.0,575.0,191.0,160.0,113.0,109.0,90.0,146.0,278.0,4240.0,383.0,2249.0,709.0,1804.0,1152.0,18391.0,3401.0,860.0,838.0,543.0,1947.0,619.0,69.0,203.0,124.0,149.0,488.0,2798.0,461.0,1531.0,524.0,1292.0,2928.0,18775.0,,,,,,,,,,,,,,,,,,,,,,,,,,,,,,,,,,,,,,,,,,,,,,,,,,,,,,,,,,,,,,,,,,,,,,,,,158.0,49.0,47.0,24.0,67.0,345.0,11088.0,5248.0,3368.0,2052.0,21756.0,11940.0,896.0,1040.0,1740.0,15616.0,3608.0,400.0,120.0,392.0,4520.0,236.0,16.0,260.0,544.0,64.0,64.0,15848.0,1312.0,1192.0,2392.0,20744.0,6068.0,56.0,456.0,208.0,6788.0,788.0,8.0,12.0,0.0,808.0,588.0,72.0,60.0,760.0,20.0,0.0,16.0,16.0,52.0,32.0,4.0,12.0,16.0,64.0,7500.0,140.0,556.0,284.0,8480.0,344.0,68.0,108.0,44.0,564.0,168.0,44.0,12.0,48.0,272.0,104.0,0.0,20.0,12.0,136.0,64.0,12.0,128.0,44.0,12.0,28.0,20.0,104.0,72.0,44.0,20.0,56.0,192.0,796.0,180.0,216.0,204.0,1396.0,8296.0,320.0,772.0,488.0,9876.0,2740.0,2731.0,620.0,368.0,6459.0,768.0,108.0,152.0,140.0,1168.0,28.0,20.0,64.0,3536.0,2859.0,784.0,512.0,7691.0,952.0,132.0,240.0,88.0,1412.0,340.0,300.0,772.0,524.0,92.0,44.0,688.0,308.0,84.0,188.0,172.0,752.0,40.0,20.0,4.0,36.0,100.0,2164.0,628.0,564.0,368.0,3724.0,5700.0,3487.0,1348.0,880.0,11415.0,84.0,56.0,16.0,0.0,156.0,1128.0,672.0,236.0,640.0,2676.0,1720.0,624.0,236.0,492.0,3160.0,2932.0,1352.0,488.0,928.0,5992.0,43864.0,11719.0,7168.0,6360.0,69783.0,7934.0,4131.0,7212.0,899.0,3535.0,474.0,2140.0,1009.0,784.0,13162.0,7797.0,3733.0
1986-03-31,1751.3252,84729.4,51999.0,11359.0,19115.0,20455.0,7849.0,68426.0,3689.0,9509.0,12803.0,10332.0,15626.0,25641.0,4307.0,8537.0,1429.0,742.0,23822.0,15303.0,3083.0,3536.0,3151.0,1359.0,1296.0,758.0,540.0,488.0,2018.0,20537.0,3951.0,25104.0,4686.0,9669.0,10239.0,129540.0,9589.0,12363.0,1613.0,1796.0,1285.0,544.0,985.0,242.0,52.0,85.0,625.0,13318.0,2696.0,6784.0,2376.0,3954.0,3878.0,62185.0,5872.0,287.0,538.0,637.0,913.0,241.0,52.0,137.0,96.0,82.0,662.0,1640.0,564.0,14962.0,980.0,2975.0,2770.0,33408.0,3846.0,1685.0,583.0,841.0,325.0,216.0,220.0,193.0,319.0,170.0,333.0,3196.0,306.0,1676.0,643.0,1769.0,1210.0,17531.0,4515.0,968.0,349.0,262.0,628.0,358.0,39.0,186.0,73.0,151.0,398.0,2383.0,385.0,1682.0,687.0,971.0,2381.0,16416.0,,,,,,,,,,,,,,,,,,,,,,,,,,,,,,,,,,,,,,,,,,,,,,,,,,,,,,,,,,,,,,,,,,,,,,,,,150.0,42.0,45.0,36.0,80.0,353.0,12740.0,6165.0,3492.0,1820.0,24217.0,11804.0,820.0,932.0,1464.0,15020.0,2376.0,320.0,184.0,436.0,3316.0,256.0,12.0,380.0,676.0,172.0,196.0,14608.0,1152.0,1144.0,2304.0,19208.0,5836.0,92.0,464.0,236.0,6628.0,428.0,24.0,32.0,4.0,488.0,324.0,64.0,60.0,472.0,28.0,8.0,20.0,8.0,64.0,92.0,28.0,44.0,16.0,180.0,6712.0,216.0,620.0,292.0,7840.0,408.0,76.0,112.0,52.0,648.0,104.0,40.0,44.0,24.0,212.0,120.0,16.0,40.0,20.0,196.0,116.0,16.0,168.0,16.0,32.0,20.0,32.0,100.0,108.0,40.0,40.0,44.0,232.0,872.0,220.0,264.0,200.0,1556.0,7584.0,436.0,884.0,492.0,9396.0,1808.0,2340.0,648.0,262.0,5058.0,512.0,68.0,92.0,80.0,752.0,40.0,24.0,76.0,2360.0,2432.0,748.0,346.0,5886.0,1072.0,108.0,164.0,52.0,1396.0,128.0,160.0,364.0,316.0,72.0,56.0,476.0,320.0,116.0,116.0,80.0,632.0,80.0,4.0,52.0,240.0,376.0,1916.0,460.0,428.0,440.0,3244.0,4276.0,2892.0,1176.0,786.0,9130.0,80.0,64.0,12.0,8.0,164.0,953.0,620.0,300.0,408.0,2281.0,1488.0,592.0,236.0,312.0,2648.0,2521.0,1276.0,548.0,688.0,5093.0,41729.0,11921.0,7244.0,5938.0,67044.0,25290.0,20329.0,59190.0,3927.0,11971.0,3292.0,9648.0,5964.0,5321.0,14903.0,13702.0,6737.0
1986-04-30,1805.3201,118132.7,54271.0,10291.0,21851.0,18017.0,8857.0,49787.0,3575.0,11676.0,16823.0,17772.0,14635.0,27476.0,4476.0,8947.0,1438.0,808.0,22504.0,15243.0,1800.0,2467.0,3515.0,1143.0,1348.0,1088.0,484.0,513.0,1958.0,26114.0,4117.0,10601.0,2144.0,6832.0,8822.0,110693.0,8766.0,10919.0,674.0,1317.0,2086.0,449.0,1095.0,329.0,20.0,141.0,580.0,16982.0,2342.0,3231.0,1062.0,2641.0,2866.0,55500.0,5298.0,168.0,435.0,353.0,817.0,189.0,48.0,96.0,73.0,46.0,691.0,2589.0,935.0,3921.0,223.0,1487.0,2038.0,19407.0,4060.0,3395.0,491.0,542.0,309.0,160.0,105.0,128.0,166.0,220.0,246.0,3422.0,366.0,2103.0,571.0,1728.0,1233.0,19245.0,4380.0,761.0,200.0,255.0,303.0,345.0,100.0,535.0,225.0,106.0,441.0,3121.0,474.0,1346.0,288.0,976.0,2685.0,16541.0,,,,,,,,,,,,,,,,,,,,,,,,,,,,,,,,,,,,,,,,,,,,,,,,,,,,,,,,,,,,,,,,,,,,,,,,,141.0,91.0,28.0,16.0,230.0,506.0,9552.0,5063.0,3648.0,2032.0,20295.0,12996.0,1028.0,984.0,1224.0,16232.0,2080.0,344.0,156.0,312.0,2892.0,220.0,4.0,92.0,340.0,40.0,104.0,15336.0,1392.0,1172.0,1668.0,19568.0,4528.0,52.0,356.0,264.0,5200.0,412.0,0.0,28.0,12.0,452.0,172.0,32.0,56.0,268.0,8.0,0.0,24.0,24.0,56.0,16.0,8.0,72.0,4.0,100.0,5140.0,92.0,536.0,312.0,6080.0,376.0,52.0,128.0,36.0,592.0,104.0,44.0,24.0,20.0,192.0,204.0,8.0,80.0,12.0,304.0,88.0,20.0,168.0,32.0,36.0,28.0,28.0,124.0,96.0,72.0,40.0,56.0,264.0,900.0,232.0,348.0,164.0,1644.0,6040.0,324.0,884.0,476.0,7724.0,969.0,961.0,440.0,296.0,2666.0,316.0,44.0,176.0,44.0,580.0,24.0,24.0,60.0,1309.0,1029.0,624.0,344.0,3306.0,264.0,48.0,112.0,56.0,480.0,48.0,52.0,164.0,236.0,56.0,36.0,344.0,152.0,32.0,156.0,44.0,384.0,16.0,16.0,56.0,392.0,480.0,716.0,204.0,408.0,524.0,1852.0,2025.0,1233.0,1032.0,868.0,5158.0,68.0,48.0,32.0,12.0,160.0,860.0,536.0,272.0,480.0,2148.0,1200.0,364.0,116.0,336.0,2036.0,2128.0,948.0,420.0,784.0,4344.0,35081.0,8960.0,7156.0,5636.0,57089.0,69109.0,36613.0,76137.0,2110.0,21884.0,10321.0,22499.0,19201.0,19467.0,7016.0,14483.0,10529.0
1986-05-31,2570.0249,109726.9,60262.0,9239.0,25528.0,16017.0,7422.0,46586.0,3966.0,14569.0,17890.0,16206.0,15335.0,28487.0,4352.0,8788.0,1426.0,795.0,32843.0,8544.0,1617.0,2603.0,2106.0,955.0,559.0,573.0,343.0,454.0,2366.0,13775.0,2212.0,7608.0,1692.0,5415.0,8150.0,91815.0,15627.0,6176.0,565.0,1429.0,918.0,355.0,376.0,213.0,49.0,24.0,816.0,7098.0,1145.0,2321.0,764.0,2046.0,2771.0,42693.0,7775.0,111.0,378.0,415.0,634.0,141.0,35.0,85.0,46.0,36.0,687.0,1552.0,439.0,2594.0,214.0,1136.0,1828.0,18106.0,4025.0,1629.0,482.0,442.0,272.0,157.0,105.0,156.0,137.0,175.0,379.0,3042.0,335.0,1757.0,482.0,1518.0,1084.0,16177.0,5416.0,628.0,192.0,317.0,282.0,302.0,43.0,119.0,111.0,219.0,484.0,2083.0,293.0,936.0,232.0,715.0,2467.0,14839.0,,,,,,,,,,,,,,,,,,,,,,,,,,,,,,,,,,,,,,,,,,,,,,,,,,,,,,,,,,,,,,,,,,,,,,,,,137.0,183.0,66.0,12.0,31.0,429.0,8965.0,5710.0,3325.0,2065.0,20065.0,4655.0,610.0,695.0,990.0,6950.0,715.0,170.0,95.0,245.0,1225.0,100.0,30.0,60.0,215.0,40.0,65.0,5510.0,820.0,825.0,1300.0,8455.0,2740.0,25.0,365.0,260.0,3390.0,140.0,0.0,10.0,0.0,150.0,105.0,50.0,110.0,280.0,25.0,5.0,55.0,25.0,110.0,15.0,10.0,50.0,15.0,90.0,3025.0,90.0,590.0,320.0,4025.0,395.0,70.0,70.0,35.0,570.0,65.0,45.0,20.0,10.0,140.0,10.0,10.0,15.0,15.0,50.0,20.0,20.0,75.0,55.0,35.0,10.0,15.0,115.0,110.0,40.0,50.0,25.0,225.0,655.0,220.0,185.0,115.0,1175.0,3680.0,310.0,775.0,435.0,5200.0,650.0,635.0,425.0,255.0,1965.0,165.0,25.0,60.0,25.0,275.0,30.0,5.0,45.0,845.0,665.0,485.0,290.0,2285.0,250.0,40.0,95.0,75.0,460.0,50.0,45.0,195.0,275.0,30.0,40.0,355.0,35.0,50.0,130.0,40.0,255.0,15.0,10.0,15.0,180.0,220.0,625.0,175.0,340.0,345.0,1485.0,1470.0,840.0,825.0,635.0,3770.0,80.0,40.0,15.0,0.0,135.0,705.0,610.0,375.0,370.0,2060.0,585.0,420.0,135.0,235.0,1395.0,1370.0,1070.0,525.0,525.0,3590.0,20995.0,8750.0,6275.0,4690.0,41080.0,221025.0,55969.0,165088.0,1985.0,12998.0,28960.0,44283.0,38040.0,25287.0,5691.0,17784.0,14588.0
1986-06-30,3204.2402,136382.3,59452.0,8106.0,26275.0,14501.0,5773.0,52325.0,3512.0,10287.0,28649.0,11272.0,14281.0,29093.0,4157.0,9816.0,1590.0,933.0,33726.0,8579.0,1572.0,4299.0,1997.0,2314.0,325.0,378.0,338.0,331.0,1673.0,13394.0,1718.0,7880.0,1539.0,6470.0,8367.0,94900.0,14897.0,6438.0,674.0,3165.0,1070.0,1275.0,119.0,145.0,93.0,36.0,520.0,6708.0,666.0,2290.0,643.0,2304.0,2832.0,43875.0,9982.0,94.0,392.0,498.0,419.0,458.0,24.0,37.0,44.0,77.0,545.0,2012.0,475.0,3385.0,306.0,1953.0,2022.0,22723.0,4192.0,1484.0,393.0,391.0,200.0,89.0,153.0,104.0,117.0,146.0,204.0,2540.0,322.0,1394.0,455.0,1340.0,1159.0,14683.0,4655.0,563.0,113.0,245.0,308.0,492.0,29.0,92.0,84.0,72.0,404.0,2134.0,255.0,811.0,135.0,873.0,2354.0,13619.0,,,,,,,,,,,,,,,,,,,,,,,,,,,,,,,,,,,,,,,,,,,,,,,,,,,,,,,,,,,,,,,,,,,,,,,,,145.0,135.0,36.0,16.0,32.0,364.0,7480.0,5920.0,3525.0,2210.0,19135.0,3865.0,695.0,785.0,955.0,6300.0,560.0,155.0,130.0,285.0,1130.0,170.0,30.0,55.0,280.0,45.0,70.0,4640.0,895.0,940.0,1305.0,7780.0,2785.0,15.0,355.0,310.0,3465.0,10.0,10.0,10.0,0.0,30.0,115.0,85.0,75.0,285.0,20.0,15.0,20.0,20.0,75.0,5.0,30.0,15.0,0.0,50.0,2935.0,155.0,475.0,340.0,3905.0,930.0,35.0,50.0,45.0,1060.0,85.0,30.0,30.0,15.0,160.0,60.0,0.0,5.0,20.0,85.0,230.0,25.0,275.0,25.0,25.0,20.0,15.0,85.0,85.0,15.0,45.0,25.0,170.0,1415.0,130.0,165.0,125.0,1835.0,4350.0,285.0,640.0,465.0,5740.0,455.0,590.0,275.0,130.0,1450.0,165.0,55.0,60.0,80.0,360.0,10.0,20.0,40.0,630.0,665.0,335.0,220.0,1850.0,130.0,45.0,105.0,60.0,340.0,70.0,70.0,175.0,160.0,50.0,30.0,255.0,130.0,30.0,175.0,170.0,505.0,25.0,35.0,35.0,160.0,255.0,515.0,230.0,350.0,435.0,1530.0,1145.0,895.0,685.0,655.0,3380.0,35.0,50.0,15.0,10.0,110.0,635.0,471.0,135.0,475.0,1716.0,710.0,455.0,120.0,295.0,1600.0,1380.0,976.0,270.0,730.0,3426.0,18995.0,8971.0,6060.0,5035.0,39461.0,252090.0,49208.0,134670.0,2929.0,26831.0,28476.0,44361.0,47250.0,24512.0,4477.0,28913.0,17137.0
1986-07-31,5395.72,184945.2,64171.0,10171.0,25191.0,15562.0,6255.0,52454.0,3542.0,7829.0,11535.0,11020.0,23675.0,31398.0,3697.0,9424.0,1556.0,925.0,38337.0,8332.0,3670.0,1950.0,2333.0,1370.0,261.0,378.0,375.0,421.0,1793.0,16942.0,2842.0,10119.0,2841.0,8518.0,9146.0,109628.0,19708.0,5674.0,1850.0,1029.0,1158.0,581.0,120.0,136.0,62.0,72.0,620.0,9154.0,1303.0,3002.0,1632.0,3870.0,3084.0,53055.0,9157.0,221.0,955.0,302.0,623.0,268.0,20.0,53.0,97.0,75.0,542.0,2448.0,817.0,4600.0,553.0,2735.0,2220.0,25686.0,3895.0,1358.0,505.0,400.0,196.0,64.0,102.0,96.0,114.0,188.0,280.0,2713.0,245.0,1263.0,334.0,985.0,964.0,13702.0,5577.0,1079.0,360.0,219.0,356.0,457.0,19.0,93.0,102.0,86.0,351.0,2627.0,477.0,1254.0,322.0,928.0,2878.0,17185.0,,,,,,,,,,,,,,,,,,,,,,,,,,,,,,,,,,,,,,,,,,,,,,,,,,,,,,,,,,,,,,,,,,,,,,,,,205.0,123.0,70.0,32.0,119.0,549.0,8065.0,4905.0,3410.0,2030.0,18410.0,5645.0,775.0,605.0,1055.0,8080.0,845.0,340.0,135.0,260.0,1580.0,175.0,25.0,140.0,405.0,100.0,130.0,6765.0,1165.0,805.0,1460.0,10195.0,2660.0,130.0,310.0,350.0,3450.0,40.0,0.0,15.0,0.0,55.0,415.0,85.0,65.0,585.0,15.0,5.0,20.0,45.0,85.0,30.0,15.0,35.0,10.0,90.0,3160.0,235.0,445.0,425.0,4265.0,240.0,65.0,110.0,15.0,430.0,85.0,30.0,30.0,25.0,170.0,55.0,5.0,5.0,0.0,65.0,40.0,25.0,80.0,20.0,20.0,5.0,30.0,75.0,90.0,40.0,5.0,35.0,170.0,530.0,185.0,160.0,115.0,990.0,3690.0,420.0,605.0,540.0,5255.0,720.0,965.0,405.0,335.0,2425.0,210.0,30.0,70.0,85.0,395.0,10.0,20.0,45.0,940.0,1015.0,480.0,430.0,2865.0,250.0,65.0,95.0,55.0,465.0,70.0,155.0,280.0,305.0,55.0,30.0,410.0,230.0,85.0,115.0,65.0,495.0,10.0,5.0,30.0,0.0,45.0,865.0,365.0,290.0,175.0,1695.0,1805.0,1380.0,770.0,605.0,4560.0,60.0,55.0,15.0,10.0,140.0,925.0,746.0,240.0,570.0,2481.0,885.0,560.0,205.0,305.0,2000.0,1870.0,1361.0,460.0,775.0,4621.0,22195.0,9231.0,6050.0,5160.0,43041.0,269481.0,85601.0,188500.0,6905.0,66020.0,32734.0,62332.0,52379.0,24521.0,6189.0,36617.0,16090.0
1986-08-31,6078.8285,183298.1,54254.0,8871.0,30191.0,16007.0,6842.0,79783.0,3718.0,8594.0,12096.0,10967.0,23821.0,31802.0,3610.0,10134.0,1551.0,974.0,32799.0,10001.0,3414.0,2612.0,2601.0,1225.0,369.0,538.0,320.0,556.0,1921.0,15540.0,2847.0,9165.0,3043.0,8487.0,9718.0,105156.0,15304.0,7645.0,1815.0,1292.0,1264.0,422.0,193.0,213.0,55.0,46.0,542.0,7907.0,1427.0,2746.0,1526.0,3546.0,3306.0,49249.0,7429.0,262.0,743.0,531.0,753.0,189.0,19.0,58.0,42.0,43.0,516.0,1976.0,464.0,3442.0,620.0,2353.0,2577.0,22017.0,4082.0,1373.0,484.0,497.0,346.0,171.0,91.0,174.0,169.0,293.0,366.0,3519.0,528.0,1708.0,558.0,1347.0,1137.0,16843.0,5984.0,721.0,372.0,292.0,238.0,443.0,66.0,93.0,54.0,174.0,497.0,2138.0,428.0,1269.0,339.0,1241.0,2698.0,17047.0,,,,,,,,,,,,,,,,,,,,,,,,,,,,,,,,,,,,,,,,,,,,,,,,,,,,,,,,,,,,,,,,,,,,,,,,,165.0,105.0,56.0,28.0,78.0,432.0,12401.0,4820.0,4005.0,2340.0,23566.0,6116.0,760.0,680.0,1330.0,8886.0,940.0,290.0,135.0,365.0,1730.0,155.0,15.0,100.0,300.0,60.0,105.0,7271.0,1090.0,850.0,1810.0,11021.0,3510.0,80.0,320.0,295.0,4205.0,50.0,15.0,25.0,5.0,95.0,445.0,65.0,140.0,680.0,10.0,10.0,30.0,15.0,65.0,25.0,10.0,80.0,15.0,130.0,4045.0,180.0,595.0,360.0,5180.0,465.0,65.0,40.0,45.0,615.0,130.0,35.0,20.0,20.0,205.0,50.0,10.0,15.0,0.0,75.0,40.0,15.0,75.0,5.0,25.0,15.0,15.0,60.0,30.0,10.0,30.0,60.0,130.0,720.0,160.0,130.0,150.0,1160.0,4765.0,340.0,725.0,510.0,6340.0,810.0,770.0,430.0,450.0,2460.0,145.0,20.0,75.0,130.0,370.0,30.0,0.0,40.0,985.0,790.0,505.0,590.0,2870.0,275.0,105.0,165.0,130.0,675.0,50.0,75.0,215.0,130.0,40.0,50.0,245.0,360.0,105.0,60.0,135.0,660.0,25.0,20.0,30.0,15.0,90.0,840.0,345.0,345.0,355.0,1885.0,1825.0,1135.0,850.0,945.0,4755.0,100.0,30.0,45.0,15.0,190.0,745.0,920.0,280.0,655.0,2600.0,940.0,460.0,215.0,345.0,1965.0,1785.0,1410.0,540.0,955.0,4755.0,28047.0,8795.0,6970.0,6280.0,50437.0,293081.0,130865.0,247707.0,13461.0,170050.0,25282.0,46599.0,40724.0,25111.0,6949.0,26789.0,12599.0
1986-09-30,3587.0984,182025.2,58940.0,8987.0,27015.0,15814.0,7730.0,66502.0,3296.0,9623.0,19449.0,14278.0,16531.0,34217.0,4279.0,10229.0,1702.0,1058.0,26610.0,9798.0,1706.0,3318.0,2272.0,1129.0,517.0,647.0,253.0,646.0,1742.0,16028.0,2489.0,8964.0,2345.0,7796.0,8777.0,95037.0,11765.0,7787.0,590.0,2163.0,995.0,380.0,329.0,287.0,36.0,76.0,479.0,9199.0,1171.0,2814.0,1247.0,2970.0,2920.0,45208.0,6140.0,74.0,392.0,411.0,538.0,179.0,38.0,72.0,52.0,61.0,506.0,1456.0,551.0,3509.0,481.0,1857.0,2080.0,18397.0,3900.0,1290.0,511.0,394.0,224.0,159.0,115.0,107.0,93.0,342.0,322.0,3397.0,264.0,1469.0,366.0,1553.0,1093.0,15599.0,4805.0,647.0,213.0,350.0,515.0,411.0,35.0,181.0,72.0,167.0,435.0,1976.0,503.0,1172.0,251.0,1416.0,2684.0,15833.0,,,,,,,,,,,,,,,,,,,,,,,,,,,,,,,,,,,,,,,,,,,,,,,,,,,,,,,,,,,,,,,,,,,,,,,,,173.0,219.0,65.0,32.0,103.0,592.0,10825.0,4390.0,3475.0,2040.0,20730.0,6865.0,585.0,805.0,1185.0,9440.0,955.0,200.0,140.0,170.0,1465.0,260.0,30.0,175.0,495.0,85.0,115.0,8165.0,825.0,975.0,1550.0,11515.0,3710.0,25.0,335.0,210.0,4280.0,165.0,0.0,10.0,0.0,175.0,165.0,25.0,105.0,335.0,10.0,5.0,15.0,10.0,40.0,20.0,5.0,75.0,25.0,125.0,4070.0,60.0,540.0,285.0,4955.0,1180.0,65.0,125.0,30.0,1400.0,225.0,40.0,30.0,15.0,310.0,25.0,15.0,20.0,20.0,80.0,85.0,20.0,140.0,40.0,45.0,25.0,20.0,130.0,50.0,50.0,15.0,40.0,155.0,1605.0,235.0,225.0,150.0,2215.0,5675.0,295.0,765.0,435.0,7170.0,790.0,830.0,350.0,370.0,2340.0,345.0,95.0,80.0,110.0,630.0,20.0,10.0,40.0,1155.0,935.0,440.0,480.0,3010.0,375.0,80.0,100.0,55.0,610.0,85.0,100.0,281.0,210.0,35.0,50.0,325.0,210.0,40.0,100.0,70.0,420.0,25.0,25.0,15.0,25.0,90.0,905.0,280.0,320.0,221.0,1726.0,2060.0,1215.0,760.0,701.0,4736.0,80.0,80.0,35.0,15.0,210.0,925.0,855.0,235.0,745.0,2760.0,920.0,365.0,125.0,285.0,1715.0,1925.0,1300.0,395.0,960.0,4685.0,28650.0,8025.0,6370.0,5426.0,48836.0,251764.0,68434.0,170128.0,6437.0,44710.0,18709.0,39502.0,26658.0,24439.0,4023.0,17761.0,10332.0
1986-10-31,2285.195,154070.1,89918.0,15119.0,23505.0,24914.0,11591.0,69897.0,4238.0,10420.0,17812.0,20800.0,18414.0,35019.0,4840.0,11435.0,1876.0,1245.0,29221.0,12714.0,2195.0,3262.0,2956.0,1139.0,1284.0,1011.0,485.0,570.0,2581.0,26324.0,4149.0,16183.0,3938.0,12460.0,9845.0,130317.0,14251.0,9939.0,1118.0,1856.0,1451.0,374.0,1117.0,546.0,80.0,147.0,742.0,18695.0,2499.0,4712.0,2360.0,6059.0,3287.0,69233.0,6545.0,140.0,412.0,452.0,746.0,211.0,30.0,106.0,73.0,40.0,563.0,2109.0,774.0,7290.0,763.0,3384.0,2499.0,26137.0,4391.0,1802.0,365.0,639.0,319.0,171.0,79.0,201.0,224.0,189.0,449.0,3503.0,454.0,2863.0,548.0,1784.0,1270.0,19251.0,4034.0,833.0,300.0,315.0,440.0,383.0,58.0,158.0,108.0,194.0,827.0,2017.0,422.0,1318.0,267.0,1233.0,2789.0,15696.0,,,,,,,,,,,,,,,,,,,,,,,,,,,,,,,,,,,,,,,,,,,,,,,,,,,,,,,,,,,,,,,,,,,,,,,,,206.0,176.0,104.0,40.0,107.0,633.0,7068.0,4752.0,2976.0,2490.0,17286.0,14412.0,702.0,798.0,1920.0,17832.0,1950.0,288.0,90.0,342.0,2670.0,180.0,24.0,192.0,450.0,96.0,126.0,16638.0,1032.0,942.0,2466.0,21078.0,4164.0,42.0,378.0,396.0,4980.0,528.0,0.0,18.0,12.0,558.0,198.0,42.0,90.0,390.0,78.0,0.0,24.0,30.0,132.0,48.0,24.0,24.0,42.0,138.0,5022.0,108.0,534.0,540.0,6204.0,1338.0,102.0,96.0,210.0,1746.0,270.0,60.0,36.0,78.0,444.0,180.0,18.0,18.0,12.0,228.0,48.0,12.0,84.0,48.0,30.0,36.0,72.0,186.0,90.0,18.0,12.0,30.0,150.0,1974.0,240.0,210.0,414.0,2838.0,6996.0,348.0,744.0,954.0,9042.0,1584.0,1428.0,516.0,450.0,3978.0,528.0,78.0,132.0,174.0,912.0,30.0,18.0,66.0,2142.0,1524.0,660.0,630.0,4956.0,804.0,126.0,114.0,96.0,1140.0,150.0,228.0,444.0,360.0,60.0,24.0,474.0,324.0,60.0,132.0,66.0,582.0,0.0,24.0,12.0,258.0,294.0,1638.0,498.0,318.0,480.0,2934.0,3780.0,2022.0,978.0,1110.0,7890.0,66.0,66.0,6.0,0.0,138.0,828.0,960.0,192.0,588.0,2568.0,1230.0,516.0,156.0,684.0,2610.0,2124.0,1542.0,354.0,1248.0,5316.0,36606.0,9696.0,5994.0,8202.0,60612.0,140592.0,28179.0,111688.0,5430.0,16951.0,7660.0,28176.0,14140.0,15530.0,4063.0,12845.0,6528.0
1986-11-30,1582.1899,107512.6,72555.0,14205.0,18847.0,25130.0,10781.0,67942.0,4340.0,9951.0,16416.0,14052.0,18243.0,34708.0,4708.0,10989.0,1821.0,1216.0,28776.0,17089.0,2515.0,5545.0,5550.0,1188.0,1947.0,783.0,624.0,619.0,2618.0,32646.0,6595.0,19929.0,4745.0,14585.0,11035.0,156789.0,13201.0,13705.0,1164.0,3593.0,3015.0,472.0,1647.0,446.0,180.0,59.0,773.0,22794.0,3983.0,5773.0,2821.0,6863.0,3794.0,84283.0,6622.0,136.0,390.0,1052.0,1943.0,235.0,33.0,76.0,53.0,65.0,769.0,3357.0,1574.0,7986.0,812.0,4261.0,3476.0,32840.0,4580.0,2087.0,736.0,594.0,352.0,192.0,204.0,168.0,224.0,301.0,526.0,3842.0,499.0,5038.0,708.0,2167.0,1237.0,23455.0,4373.0,1161.0,225.0,306.0,240.0,289.0,63.0,93.0,167.0,194.0,550.0,2653.0,539.0,1132.0,404.0,1294.0,2528.0,16211.0,,,,,,,,,,,,,,,,,,,,,,,,,,,,,,,,,,,,,,,,,,,,,,,,,,,,,,,,,,,,,,,,,,,,,,,,,132.0,93.0,100.0,46.0,141.0,512.0,9054.0,5467.0,3714.0,2130.0,20365.0,17880.0,1314.0,888.0,1530.0,21612.0,4356.0,684.0,168.0,396.0,5604.0,222.0,30.0,78.0,348.0,114.0,150.0,22572.0,2040.0,1074.0,2028.0,27714.0,6918.0,24.0,558.0,264.0,7764.0,804.0,0.0,24.0,66.0,894.0,210.0,66.0,54.0,474.0,138.0,0.0,24.0,48.0,210.0,84.0,18.0,60.0,0.0,162.0,8166.0,108.0,720.0,522.0,9516.0,2106.0,60.0,120.0,144.0,2430.0,546.0,120.0,0.0,36.0,702.0,144.0,12.0,12.0,12.0,180.0,150.0,24.0,216.0,24.0,66.0,12.0,24.0,126.0,90.0,54.0,42.0,36.0,222.0,3060.0,336.0,192.0,288.0,3876.0,11226.0,444.0,912.0,810.0,13392.0,1806.0,2622.0,738.0,414.0,5580.0,774.0,126.0,156.0,48.0,1104.0,66.0,30.0,114.0,2646.0,2778.0,894.0,480.0,6798.0,1320.0,162.0,132.0,132.0,1746.0,216.0,222.0,546.0,666.0,108.0,54.0,840.0,324.0,90.0,180.0,228.0,822.0,60.0,18.0,6.0,246.0,330.0,2586.0,600.0,426.0,672.0,4284.0,5232.0,3378.0,1320.0,1152.0,11082.0,90.0,102.0,12.0,18.0,222.0,1662.0,1200.0,228.0,648.0,3738.0,1440.0,630.0,186.0,696.0,2970.0,3192.0,1932.0,426.0,1326.0,6930.0,51276.0,13261.0,7446.0,7320.0,79483.0,26675.0,10982.0,22258.0,2936.0,10455.0,329.0,5295.0,1236.0,903.0,6097.0,9268.0,5609.0
1986-12-31,1787.4298,95252.91,58752.0,13561.0,19782.0,19830.0,6712.0,70104.0,4247.0,12142.0,20825.0,14142.0,24828.0,37728.0,3723.0,9899.0,1616.0,1052.0,36699.0,17347.0,4681.0,9361.0,5155.0,3050.0,1804.0,872.0,445.0,631.0,2779.0,26908.0,6306.0,30701.0,6913.0,20082.0,16459.0,190193.0,15753.0,14333.0,2743.0,7375.0,3181.0,2011.0,1537.0,526.0,140.0,189.0,1075.0,16899.0,3453.0,9310.0,4129.0,9622.0,6689.0,98965.0,14385.0,644.0,1200.0,1213.0,1506.0,587.0,110.0,154.0,136.0,104.0,1037.0,5497.0,2214.0,19019.0,1979.0,8071.0,5930.0,63786.0,2625.0,1524.0,432.0,347.0,180.0,84.0,86.0,76.0,75.0,154.0,248.0,1936.0,224.0,874.0,268.0,861.0,611.0,10605.0,3936.0,846.0,306.0,426.0,288.0,368.0,71.0,116.0,94.0,184.0,419.0,2576.0,415.0,1498.0,537.0,1528.0,3229.0,16837.0,,,,,,,,,,,,,,,,,,,,,,,,,,,,,,,,,,,,,,,,,,,,,,,,,,,,,,,,,,,,,,,,,,,,,,,,,293.0,140.0,131.0,100.0,104.0,768.0,18408.0,19044.0,2328.0,2910.0,42690.0,11118.0,2166.0,402.0,1464.0,15150.0,2592.0,1068.0,84.0,366.0,4110.0,252.0,54.0,162.0,486.0,84.0,138.0,14046.0,3336.0,504.0,1998.0,19884.0,6450.0,252.0,366.0,642.0,7710.0,654.0,6.0,6.0,42.0,708.0,672.0,258.0,96.0,1080.0,66.0,12.0,18.0,120.0,216.0,108.0,30.0,42.0,42.0,222.0,7968.0,558.0,546.0,900.0,9972.0,3336.0,180.0,54.0,144.0,3714.0,468.0,132.0,18.0,18.0,636.0,180.0,24.0,6.0,6.0,216.0,894.0,36.0,978.0,48.0,90.0,24.0,24.0,186.0,186.0,84.0,18.0,18.0,306.0,5112.0,546.0,138.0,240.0,6036.0,13080.0,1104.0,684.0,1140.0,16008.0,3120.0,5376.0,192.0,516.0,9204.0,906.0,252.0,18.0,114.0,1290.0,102.0,48.0,162.0,4128.0,5676.0,210.0,642.0,10656.0,1584.0,318.0,66.0,108.0,2076.0,336.0,402.0,816.0,864.0,174.0,18.0,1074.0,582.0,288.0,78.0,114.0,1062.0,72.0,120.0,12.0,96.0,300.0,3438.0,1302.0,204.0,384.0,5328.0,7566.0,6978.0,414.0,1026.0,15984.0,120.0,192.0,0.0,18.0,330.0,3582.0,4686.0,144.0,828.0,9240.0,2112.0,2112.0,114.0,882.0,5244.0,5814.0,6990.0,258.0,1710.0,14814.0,58914.0,37452.0,4188.0,8700.0,109380.0,26123.0,18141.0,28888.0,3875.0,22479.0,291.0,6326.0,1020.0,479.0,6313.0,9848.0,6150.0
1987-01-31,1554.8701,100485.8,47856.0,12391.0,22235.0,17112.0,6453.0,74010.0,4080.0,7121.0,10048.0,11057.0,22880.0,33522.0,4068.0,8896.0,1474.0,735.0,23829.0,13399.0,4984.0,4002.0,3028.0,1801.0,1309.0,731.0,345.0,472.0,1477.0,30596.0,5090.0,16703.0,4108.0,13455.0,14489.0,139818.0,11495.0,10560.0,3085.0,2768.0,1408.0,739.0,1124.0,379.0,124.0,132.0,481.0,21098.0,3234.0,6671.0,2343.0,6610.0,6571.0,78822.0,5462.0,156.0,760.0,451.0,448.0,261.0,34.0,92.0,68.0,55.0,408.0,2527.0,925.0,6869.0,765.0,3817.0,2762.0,25860.0,1936.0,1437.0,543.0,353.0,168.0,124.0,64.0,88.0,100.0,128.0,222.0,3780.0,300.0,1471.0,452.0,1279.0,818.0,13263.0,4936.0,1246.0,596.0,430.0,1004.0,677.0,87.0,172.0,53.0,157.0,366.0,3191.0,631.0,1692.0,548.0,1749.0,4338.0,21873.0,,,,,,,,,,,,,,,,,,,,,,,,,,,,,,,,,,,,,,,,,,,,,,,,,,,,,,,,,,,,,,,,,,,,,,,,,262.0,149.0,80.0,27.0,92.0,610.0,11466.0,6540.0,2358.0,2940.0,23304.0,13716.0,1026.0,666.0,1968.0,17376.0,3114.0,528.0,72.0,408.0,4122.0,222.0,18.0,174.0,432.0,78.0,108.0,17130.0,1578.0,756.0,2574.0,22038.0,5160.0,96.0,306.0,312.0,5874.0,594.0,6.0,0.0,120.0,720.0,492.0,90.0,66.0,720.0,90.0,24.0,0.0,132.0,246.0,42.0,18.0,12.0,42.0,114.0,6384.0,234.0,384.0,678.0,7680.0,738.0,96.0,66.0,90.0,990.0,276.0,54.0,24.0,54.0,408.0,54.0,12.0,6.0,12.0,84.0,126.0,42.0,216.0,42.0,30.0,0.0,6.0,78.0,102.0,54.0,0.0,78.0,234.0,1338.0,288.0,114.0,270.0,2010.0,7722.0,522.0,498.0,948.0,9690.0,3072.0,2994.0,342.0,534.0,6942.0,1128.0,144.0,84.0,138.0,1494.0,84.0,42.0,144.0,4284.0,3180.0,432.0,684.0,8580.0,1392.0,114.0,18.0,108.0,1632.0,822.0,732.0,1674.0,858.0,42.0,6.0,948.0,414.0,84.0,72.0,84.0,654.0,84.0,12.0,0.0,18.0,114.0,3570.0,984.0,132.0,336.0,5022.0,7854.0,4164.0,564.0,1020.0,13602.0,78.0,66.0,12.0,30.0,186.0,2694.0,2100.0,144.0,1134.0,6072.0,1110.0,768.0,150.0,732.0,2838.0,3882.0,2934.0,306.0,1710.0,9096.0,48054.0,15738.0,4482.0,8970.0,77730.0,11912.0,5581.0,9042.0,1181.0,5695.0,240.0,3122.0,885.0,573.0,4871.0,8306.0,5199.0
1987-02-28,1409.8649,85406.55,44790.0,11800.0,13104.0,18263.0,6203.0,70463.0,4015.0,6772.0,10381.0,9707.0,36398.0,32533.0,4362.0,9185.0,1535.0,723.0,20743.0,18841.0,3659.0,3756.0,4550.0,1729.0,3526.0,841.0,533.0,730.0,2358.0,28975.0,5479.0,18385.0,6539.0,15345.0,11925.0,147914.0,7390.0,15177.0,1741.0,1945.0,1222.0,671.0,2990.0,301.0,108.0,142.0,657.0,20384.0,3775.0,6989.0,3900.0,7440.0,4209.0,79041.0,3690.0,250.0,475.0,476.0,598.0,247.0,81.0,145.0,80.0,57.0,560.0,1851.0,926.0,7839.0,1390.0,4260.0,2636.0,25561.0,4302.0,1899.0,544.0,530.0,328.0,132.0,275.0,112.0,216.0,244.0,388.0,3759.0,324.0,2184.0,639.0,1948.0,836.0,18660.0,5361.0,1515.0,899.0,805.0,2402.0,679.0,180.0,283.0,129.0,287.0,753.0,2981.0,454.0,1373.0,610.0,1697.0,4244.0,24652.0,,,,,,,,,,,,,,,,,,,,,,,,,,,,,,,,,,,,,,,,,,,,,,,,,,,,,,,,,,,,,,,,,,,,,,,,,256.0,115.0,67.0,24.0,128.0,590.0,9330.0,5790.0,3426.0,3234.0,21780.0,16692.0,1290.0,966.0,2574.0,21522.0,3882.0,462.0,144.0,366.0,4854.0,186.0,24.0,270.0,486.0,126.0,192.0,20886.0,1794.0,1134.0,3240.0,27054.0,6966.0,108.0,522.0,726.0,8322.0,1350.0,0.0,36.0,72.0,1458.0,456.0,120.0,90.0,702.0,72.0,0.0,30.0,192.0,294.0,240.0,36.0,18.0,42.0,336.0,9090.0,264.0,696.0,1068.0,11118.0,474.0,66.0,114.0,156.0,810.0,126.0,60.0,12.0,96.0,294.0,114.0,12.0,6.0,42.0,174.0,144.0,30.0,240.0,30.0,24.0,24.0,36.0,114.0,90.0,42.0,42.0,132.0,306.0,978.0,234.0,210.0,516.0,1938.0,10068.0,498.0,906.0,1584.0,13056.0,3390.0,3276.0,828.0,462.0,7956.0,1302.0,126.0,162.0,348.0,1938.0,114.0,36.0,174.0,4806.0,3438.0,1002.0,822.0,10068.0,1752.0,210.0,144.0,108.0,2214.0,354.0,342.0,810.0,936.0,174.0,36.0,1218.0,516.0,198.0,216.0,366.0,1296.0,66.0,18.0,24.0,60.0,168.0,3624.0,942.0,498.0,642.0,5706.0,8430.0,4380.0,1500.0,1464.0,15774.0,78.0,84.0,12.0,12.0,186.0,1806.0,2046.0,222.0,846.0,4920.0,1296.0,738.0,150.0,792.0,3138.0,3180.0,2868.0,384.0,1470.0,8244.0,51894.0,15330.0,7350.0,10770.0,85908.0,8528.0,4440.0,7753.0,966.0,3800.0,374.0,2300.0,1156.0,721.0,13414.0,7943.0,3258.0
1987-03-31,1612.125,99865.2,57907.0,13638.0,17994.0,23359.0,8457.0,93309.0,3999.0,9440.0,16277.0,12976.0,24489.0,38242.0,4319.0,9538.0,1805.0,821.0,26558.0,19496.0,2683.0,4142.0,3258.0,1673.0,1445.0,1095.0,525.0,738.0,2406.0,24559.0,4404.0,26079.0,4932.0,12133.0,9121.0,145247.0,10355.0,15785.0,1091.0,2224.0,1562.0,874.0,1166.0,540.0,88.0,74.0,768.0,15897.0,2821.0,7809.0,2715.0,5676.0,2808.0,72253.0,6437.0,320.0,559.0,650.0,926.0,245.0,34.0,156.0,40.0,64.0,784.0,1538.0,620.0,14908.0,1080.0,3159.0,2512.0,34032.0,4381.0,2298.0,652.0,873.0,244.0,234.0,168.0,105.0,188.0,386.0,352.0,3846.0,488.0,2147.0,655.0,1963.0,1050.0,20030.0,5385.0,1093.0,381.0,395.0,526.0,320.0,77.0,294.0,209.0,214.0,502.0,3278.0,475.0,1215.0,482.0,1335.0,2751.0,18932.0,,,,,,,,,,,,,,,,,,,,,,,,,,,,,,,,,,,,,,,,,,,,,,,,,,,,,,,,,,,,,,,,,,,,,,,,,195.0,132.0,101.0,16.0,87.0,531.0,11076.0,6438.0,3978.0,3096.0,24588.0,10962.0,732.0,774.0,1542.0,14010.0,2340.0,318.0,132.0,378.0,3168.0,204.0,18.0,276.0,534.0,42.0,78.0,13548.0,1074.0,954.0,2214.0,17790.0,6636.0,138.0,600.0,390.0,7764.0,564.0,0.0,6.0,0.0,570.0,300.0,114.0,120.0,558.0,78.0,0.0,24.0,18.0,120.0,108.0,72.0,60.0,24.0,264.0,7686.0,324.0,822.0,456.0,9288.0,708.0,42.0,96.0,126.0,972.0,192.0,66.0,36.0,36.0,330.0,120.0,6.0,6.0,12.0,144.0,108.0,6.0,168.0,42.0,36.0,0.0,6.0,84.0,102.0,90.0,6.0,72.0,270.0,1272.0,246.0,180.0,270.0,1968.0,8958.0,570.0,1002.0,726.0,11256.0,2052.0,3066.0,678.0,384.0,6180.0,1008.0,132.0,234.0,204.0,1578.0,24.0,18.0,60.0,3084.0,3216.0,912.0,606.0,7818.0,870.0,198.0,180.0,96.0,1344.0,120.0,210.0,444.0,486.0,96.0,24.0,660.0,360.0,48.0,234.0,66.0,708.0,36.0,6.0,30.0,270.0,342.0,1872.0,558.0,528.0,540.0,3498.0,4956.0,3774.0,1440.0,1146.0,11316.0,54.0,126.0,6.0,12.0,198.0,936.0,900.0,204.0,822.0,2862.0,846.0,528.0,162.0,588.0,2142.0,1836.0,1554.0,372.0,1386.0,5202.0,40374.0,13410.0,7746.0,8466.0,70152.0,13283.0,10678.0,31088.0,2063.0,6288.0,510.0,5068.0,1898.0,2639.0,12467.0,10490.0,5867.0
1987-04-30,2286.2401,104420.0,62875.0,11471.0,20656.0,22270.0,11370.0,66965.0,4269.0,17441.0,18802.0,20343.0,24491.0,39545.0,4731.0,9663.0,1923.0,807.0,31498.0,12756.0,3806.0,4136.0,5523.0,1246.0,1013.0,1039.0,540.0,620.0,2780.0,26257.0,4838.0,14384.0,3575.0,8363.0,10420.0,132794.0,14315.0,10088.0,2047.0,2589.0,3157.0,625.0,820.0,546.0,84.0,44.0,1164.0,17493.0,2896.0,4696.0,2182.0,4047.0,3973.0,70766.0,8618.0,148.0,769.0,611.0,1462.0,195.0,46.0,177.0,90.0,55.0,743.0,3024.0,1166.0,6495.0,519.0,2092.0,2745.0,28955.0,4565.0,1558.0,546.0,575.0,445.0,101.0,115.0,144.0,124.0,237.0,266.0,3289.0,359.0,1795.0,478.0,1238.0,843.0,16678.0,4000.0,962.0,444.0,361.0,459.0,325.0,32.0,172.0,242.0,284.0,607.0,2451.0,417.0,1398.0,396.0,986.0,2859.0,16395.0,,,,,,,,,,,,,,,,,,,,,,,,,,,,,,,,,,,,,,,,,,,,,,,,,,,,,,,,,,,,,,,,,,,,,,,,,148.0,147.0,52.0,8.0,101.0,456.0,9768.0,7572.0,3228.0,2676.0,23244.0,12690.0,1002.0,750.0,1356.0,15798.0,2004.0,504.0,102.0,258.0,2868.0,156.0,24.0,132.0,330.0,54.0,72.0,14904.0,1548.0,870.0,1746.0,19068.0,4146.0,66.0,366.0,318.0,4896.0,426.0,6.0,24.0,0.0,456.0,474.0,180.0,96.0,804.0,18.0,6.0,24.0,18.0,66.0,18.0,36.0,54.0,18.0,126.0,5082.0,294.0,564.0,414.0,6354.0,888.0,102.0,66.0,138.0,1194.0,300.0,132.0,18.0,24.0,474.0,210.0,6.0,12.0,48.0,276.0,102.0,42.0,180.0,42.0,54.0,0.0,60.0,156.0,234.0,66.0,18.0,24.0,342.0,1776.0,402.0,120.0,324.0,2622.0,6858.0,696.0,684.0,738.0,8976.0,1158.0,1398.0,426.0,312.0,3294.0,558.0,54.0,78.0,90.0,780.0,12.0,60.0,96.0,1728.0,1512.0,516.0,414.0,4170.0,870.0,84.0,90.0,102.0,1146.0,72.0,84.0,204.0,348.0,54.0,36.0,462.0,246.0,48.0,84.0,42.0,420.0,78.0,12.0,6.0,198.0,294.0,1614.0,282.0,246.0,384.0,2526.0,3342.0,1794.0,762.0,798.0,6696.0,78.0,60.0,18.0,24.0,180.0,936.0,966.0,270.0,558.0,2730.0,684.0,522.0,132.0,570.0,1926.0,1698.0,1548.0,420.0,1122.0,4836.0,36570.0,13158.0,5964.0,6990.0,62820.0,103871.0,55030.0,114434.0,3171.0,32892.0,9675.0,33816.0,21913.0,18869.0,5601.0,18233.0,8796.0
1987-05-31,2913.7551,131736.8,70300.0,12288.0,21262.0,19551.0,9880.0,73765.0,5041.0,17389.0,19622.0,18431.0,23325.0,39732.0,4967.0,10264.0,1928.0,814.0,42071.0,12908.0,1968.0,3990.0,3820.0,1571.0,651.0,976.0,478.0,701.0,2885.0,19253.0,2599.0,8865.0,1960.0,6469.0,9639.0,120804.0,20232.0,10314.0,795.0,2598.0,2294.0,933.0,341.0,542.0,72.0,57.0,1050.0,10607.0,1273.0,3115.0,972.0,2877.0,2996.0,61068.0,8684.0,154.0,372.0,499.0,782.0,220.0,32.0,121.0,84.0,82.0,893.0,2138.0,494.0,3011.0,234.0,1196.0,2114.0,21110.0,4951.0,1580.0,599.0,562.0,344.0,136.0,182.0,153.0,173.0,277.0,354.0,4601.0,568.0,1861.0,522.0,1540.0,1170.0,19573.0,8204.0,860.0,202.0,331.0,400.0,282.0,96.0,160.0,149.0,285.0,588.0,1907.0,264.0,878.0,232.0,856.0,3359.0,19053.0,,,,,,,,,,,,,,,,,,,,,,,,,,,,,,,,,,,,,,,,,,,,,,,,,,,,,,,,,,,,,,,,,,,,,,,,,204.0,105.0,69.0,20.0,60.0,458.0,5454.0,5022.0,3768.0,3822.0,18066.0,6144.0,570.0,594.0,1380.0,8688.0,1038.0,204.0,114.0,672.0,2028.0,468.0,12.0,156.0,672.0,78.0,120.0,7728.0,798.0,762.0,2220.0,11508.0,3720.0,36.0,408.0,186.0,4350.0,216.0,6.0,42.0,0.0,264.0,180.0,42.0,108.0,384.0,78.0,6.0,60.0,126.0,270.0,12.0,72.0,72.0,24.0,180.0,4206.0,162.0,702.0,390.0,5460.0,438.0,66.0,72.0,108.0,684.0,216.0,90.0,12.0,54.0,372.0,60.0,18.0,18.0,36.0,132.0,234.0,18.0,282.0,54.0,66.0,36.0,24.0,180.0,132.0,84.0,6.0,60.0,282.0,1134.0,342.0,144.0,312.0,1932.0,5340.0,504.0,846.0,702.0,7392.0,1116.0,966.0,666.0,498.0,3246.0,360.0,42.0,54.0,138.0,594.0,84.0,48.0,168.0,1560.0,1056.0,738.0,654.0,4008.0,294.0,60.0,84.0,90.0,528.0,24.0,54.0,156.0,186.0,42.0,24.0,294.0,264.0,54.0,150.0,186.0,654.0,30.0,6.0,24.0,132.0,192.0,798.0,216.0,312.0,498.0,1824.0,2358.0,1272.0,1050.0,1152.0,5832.0,54.0,66.0,36.0,18.0,174.0,1008.0,1026.0,258.0,1188.0,3480.0,486.0,486.0,132.0,606.0,1728.0,1548.0,1578.0,426.0,1704.0,5382.0,22428.0,9174.0,6852.0,9330.0,48180.0,246319.0,62374.0,183982.0,2212.0,14485.0,18407.0,49351.0,37928.0,28680.0,5657.0,22185.0,10820.0
1987-06-30,3645.9085,151818.7,69748.0,10817.0,22526.0,15875.0,7459.0,84684.0,4060.0,13022.0,29871.0,11947.0,19716.0,39141.0,4681.0,10533.0,1970.0,851.0,37847.0,12590.0,2438.0,6131.0,2326.0,2028.0,308.0,681.0,531.0,614.0,1894.0,18837.0,2526.0,9151.0,2191.0,7881.0,8599.0,116573.0,16357.0,9987.0,1127.0,4721.0,1270.0,1237.0,83.0,295.0,68.0,32.0,594.0,10816.0,1109.0,3130.0,1174.0,3554.0,2813.0,58367.0,9560.0,154.0,485.0,563.0,496.0,320.0,44.0,109.0,86.0,73.0,558.0,2091.0,615.0,3236.0,390.0,1909.0,2034.0,22723.0,4834.0,1578.0,484.0,452.0,239.0,100.0,169.0,136.0,172.0,270.0,347.0,3422.0,391.0,1695.0,357.0,1277.0,1212.0,17135.0,7096.0,871.0,342.0,395.0,321.0,371.0,12.0,141.0,205.0,239.0,395.0,2508.0,411.0,1090.0,270.0,1141.0,2540.0,18348.0,,,,,,,,,,,,,,,,,,,,,,,,,,,,,,,,,,,,,,,,,,,,,,,,,,,,,,,,,,,,,,,,,,,,,,,,,241.0,119.0,40.0,20.0,72.0,492.0,6965.0,6167.0,3962.0,3115.0,20209.0,5705.0,714.0,784.0,1330.0,8533.0,742.0,189.0,133.0,343.0,1407.0,266.0,7.0,35.0,315.0,35.0,49.0,6748.0,917.0,924.0,1715.0,10304.0,2618.0,56.0,392.0,686.0,3752.0,21.0,0.0,28.0,0.0,49.0,133.0,49.0,105.0,301.0,35.0,0.0,28.0,42.0,105.0,28.0,49.0,49.0,35.0,161.0,2835.0,154.0,602.0,777.0,4368.0,623.0,77.0,91.0,119.0,910.0,147.0,98.0,0.0,35.0,280.0,35.0,14.0,14.0,49.0,112.0,133.0,28.0,189.0,56.0,21.0,14.0,21.0,112.0,21.0,35.0,7.0,70.0,133.0,1015.0,273.0,140.0,308.0,1736.0,3850.0,427.0,742.0,1085.0,6104.0,1078.0,777.0,490.0,441.0,2786.0,245.0,35.0,70.0,63.0,413.0,63.0,49.0,147.0,1386.0,861.0,560.0,539.0,3346.0,161.0,105.0,42.0,70.0,378.0,49.0,56.0,147.0,175.0,14.0,42.0,266.0,770.0,70.0,175.0,266.0,1281.0,14.0,28.0,35.0,63.0,140.0,1169.0,273.0,322.0,448.0,2212.0,2555.0,1134.0,882.0,987.0,5558.0,70.0,42.0,21.0,21.0,154.0,770.0,805.0,224.0,882.0,2681.0,707.0,455.0,161.0,749.0,2093.0,1547.0,1302.0,406.0,1610.0,4928.0,21665.0,9947.0,6916.0,8365.0,47103.0,320009.0,62466.0,170953.0,3718.0,34060.0,24399.0,56313.0,42998.0,25241.0,4858.0,35523.0,11760.0
1987-07-31,5956.7085,204872.0,77525.0,13015.0,23313.0,17820.0,8038.0,87694.0,5042.0,10480.0,11463.0,12758.0,30331.0,41588.0,4214.0,10321.0,1894.0,904.0,47562.0,16235.0,5062.0,2720.0,3301.0,1856.0,440.0,928.0,611.0,971.0,2151.0,20979.0,3129.0,12850.0,3445.0,9947.0,9930.0,142117.0,26699.0,12913.0,2601.0,1232.0,1712.0,783.0,159.0,303.0,204.0,78.0,525.0,11360.0,1609.0,4476.0,2079.0,4747.0,3098.0,74578.0,10694.0,316.0,1026.0,576.0,757.0,259.0,46.0,81.0,48.0,67.0,658.0,2902.0,924.0,5021.0,695.0,3093.0,2658.0,29821.0,5421.0,1549.0,707.0,527.0,296.0,109.0,181.0,296.0,204.0,242.0,423.0,3668.0,261.0,1863.0,408.0,1055.0,1266.0,18476.0,4748.0,1457.0,728.0,385.0,536.0,705.0,54.0,248.0,155.0,584.0,545.0,3049.0,335.0,1490.0,263.0,1052.0,2908.0,19242.0,,,,,,,,,,,,,,,,,,,,,,,,,,,,,,,,,,,,,,,,,,,,,,,,,,,,,,,,,,,,,,,,,,,,,,,,,170.0,144.0,100.0,23.0,116.0,553.0,9552.0,6744.0,3720.0,3216.0,23232.0,7288.0,976.0,688.0,1648.0,10600.0,944.0,256.0,8.0,384.0,1592.0,224.0,16.0,152.0,424.0,136.0,240.0,8592.0,1328.0,736.0,2200.0,12856.0,3728.0,104.0,392.0,608.0,4832.0,24.0,0.0,8.0,0.0,32.0,504.0,176.0,80.0,792.0,176.0,0.0,56.0,32.0,264.0,40.0,64.0,72.0,0.0,176.0,4472.0,344.0,608.0,680.0,6104.0,192.0,64.0,88.0,112.0,456.0,224.0,64.0,8.0,24.0,320.0,72.0,16.0,8.0,8.0,104.0,80.0,32.0,120.0,24.0,40.0,8.0,16.0,88.0,80.0,64.0,40.0,72.0,256.0,672.0,280.0,160.0,232.0,1344.0,5144.0,624.0,768.0,912.0,7448.0,920.0,904.0,520.0,384.0,2728.0,296.0,64.0,48.0,160.0,568.0,48.0,8.0,64.0,1264.0,976.0,568.0,552.0,3360.0,352.0,72.0,80.0,72.0,576.0,128.0,96.0,272.0,200.0,56.0,16.0,344.0,200.0,144.0,96.0,136.0,576.0,32.0,32.0,40.0,176.0,280.0,912.0,400.0,232.0,504.0,2048.0,2176.0,1376.0,800.0,1056.0,5408.0,32.0,8.0,16.0,0.0,56.0,1016.0,968.0,232.0,816.0,3032.0,560.0,592.0,120.0,736.0,2016.0,1608.0,1568.0,368.0,1504.0,5104.0,27072.0,11640.0,6392.0,8520.0,54048.0,346667.0,110119.0,242491.0,8883.0,84930.0,26361.0,80185.0,47737.0,27270.0,4883.0,38058.0,9702.0
1987-08-31,6326.975,200877.9,63080.0,10553.0,20602.0,19520.0,8349.0,107448.0,4387.0,11732.0,13041.0,11452.0,38144.0,41227.0,4121.0,10452.0,1923.0,929.0,41776.0,20123.0,4427.0,3289.0,3109.0,1429.0,868.0,933.0,536.0,899.0,2056.0,22751.0,2717.0,11428.0,3223.0,11099.0,9821.0,140484.0,23081.0,16361.0,2683.0,1987.0,1851.0,604.0,504.0,266.0,72.0,50.0,685.0,13023.0,1118.0,3914.0,1762.0,4785.0,3339.0,76085.0,8964.0,332.0,825.0,431.0,685.0,314.0,100.0,171.0,108.0,65.0,547.0,2304.0,671.0,3951.0,462.0,2883.0,2613.0,25426.0,4711.0,2392.0,611.0,500.0,243.0,132.0,198.0,148.0,182.0,281.0,389.0,4573.0,396.0,1960.0,691.0,1805.0,1353.0,20565.0,5020.0,1038.0,308.0,371.0,330.0,379.0,66.0,348.0,174.0,503.0,435.0,2851.0,532.0,1603.0,308.0,1626.0,2516.0,18408.0,,,,,,,,,,,,,,,,,,,,,,,,,,,,,,,,,,,,,,,,,,,,,,,,,,,,,,,,,,,,,,,,,,,,,,,,,101.0,157.0,59.0,23.0,128.0,468.0,7696.0,4880.0,4240.0,3584.0,20400.0,7112.0,832.0,840.0,1848.0,10632.0,784.0,256.0,64.0,240.0,1344.0,168.0,8.0,128.0,320.0,72.0,152.0,8136.0,1120.0,920.0,2272.0,12448.0,5584.0,112.0,448.0,408.0,6552.0,200.0,16.0,16.0,16.0,248.0,648.0,88.0,80.0,864.0,64.0,0.0,16.0,72.0,152.0,56.0,40.0,88.0,32.0,216.0,6552.0,264.0,648.0,576.0,8040.0,240.0,80.0,72.0,120.0,512.0,200.0,80.0,8.0,32.0,320.0,48.0,40.0,0.0,16.0,104.0,48.0,8.0,80.0,48.0,32.0,16.0,40.0,136.0,64.0,56.0,24.0,56.0,200.0,648.0,296.0,128.0,280.0,1352.0,7200.0,560.0,776.0,856.0,9392.0,1080.0,1088.0,448.0,592.0,3208.0,176.0,80.0,32.0,80.0,368.0,8.0,24.0,56.0,1264.0,1192.0,488.0,688.0,3632.0,440.0,80.0,120.0,64.0,704.0,16.0,64.0,160.0,128.0,48.0,40.0,256.0,512.0,104.0,80.0,160.0,856.0,56.0,40.0,24.0,32.0,152.0,1152.0,336.0,312.0,328.0,2128.0,2416.0,1528.0,800.0,1016.0,5760.0,56.0,48.0,32.0,8.0,144.0,1024.0,1016.0,304.0,1120.0,3464.0,616.0,568.0,144.0,648.0,1992.0,1696.0,1632.0,480.0,1704.0,5600.0,27144.0,9720.0,7216.0,9352.0,53600.0,350093.0,156322.0,295893.0,16080.0,203129.0,22336.0,55664.0,35658.0,27025.0,7080.0,26706.0,9426.0
1987-09-30,3914.6602,172959.4,64232.0,10932.0,27186.0,19505.0,9494.0,99295.0,4814.0,11631.0,14894.0,13021.0,24657.0,43566.0,4829.0,10753.0,2159.0,912.0,38281.0,17449.0,2349.0,3496.0,2945.0,1327.0,557.0,775.0,515.0,1063.0,2195.0,22246.0,3089.0,9009.0,3155.0,10397.0,9230.0,128078.0,18865.0,14249.0,1175.0,2175.0,1526.0,491.0,324.0,303.0,103.0,83.0,562.0,13916.0,1527.0,2855.0,1651.0,4495.0,2963.0,67263.0,9322.0,165.0,409.0,466.0,830.0,228.0,36.0,134.0,85.0,76.0,709.0,1841.0,604.0,3072.0,570.0,2230.0,2621.0,23398.0,5170.0,1898.0,469.0,575.0,294.0,145.0,98.0,154.0,159.0,243.0,400.0,4170.0,621.0,2169.0,616.0,2240.0,1384.0,20805.0,4924.0,1137.0,296.0,280.0,295.0,463.0,99.0,184.0,168.0,661.0,524.0,2319.0,337.0,913.0,318.0,1432.0,2262.0,16612.0,,,,,,,,,,,,,,,,,,,,,,,,,,,,,,,,,,,,,,,,,,,,,,,,,,,,,,,,,,,,,,,,,,,,,,,,,128.0,213.0,71.0,47.0,51.0,510.0,14088.0,6064.0,3864.0,3608.0,27624.0,8800.0,736.0,736.0,1640.0,11912.0,992.0,232.0,64.0,368.0,1656.0,240.0,8.0,176.0,424.0,120.0,184.0,10152.0,992.0,824.0,2208.0,14176.0,4944.0,56.0,288.0,288.0,5576.0,184.0,8.0,8.0,8.0,208.0,176.0,64.0,72.0,368.0,8.0,0.0,40.0,40.0,88.0,0.0,32.0,24.0,24.0,80.0,5312.0,160.0,432.0,416.0,6320.0,584.0,64.0,104.0,144.0,896.0,224.0,88.0,8.0,32.0,352.0,64.0,8.0,32.0,24.0,128.0,40.0,16.0,56.0,72.0,88.0,40.0,32.0,232.0,80.0,48.0,16.0,56.0,200.0,1064.0,312.0,200.0,288.0,1864.0,6376.0,472.0,632.0,704.0,8184.0,896.0,768.0,408.0,408.0,2480.0,328.0,80.0,56.0,96.0,560.0,0.0,16.0,32.0,1224.0,864.0,464.0,520.0,3072.0,320.0,40.0,88.0,72.0,520.0,80.0,96.0,288.0,280.0,88.0,24.0,424.0,176.0,64.0,72.0,40.0,352.0,32.0,48.0,48.0,64.0,192.0,888.0,336.0,280.0,272.0,1776.0,2112.0,1200.0,744.0,792.0,4848.0,104.0,24.0,8.0,24.0,160.0,784.0,952.0,320.0,1128.0,3184.0,784.0,400.0,112.0,752.0,2064.0,1672.0,1376.0,440.0,1816.0,5408.0,34400.0,10104.0,6504.0,8720.0,60240.0,312993.0,85077.0,211503.0,8002.0,55583.0,17133.0,49109.0,32459.0,28713.0,3720.0,18199.0,7955.0
1987-10-31,2617.675,143267.2,98220.0,17869.0,25840.0,29795.0,13967.0,90579.0,4880.0,12600.0,21450.0,21087.0,31228.0,44058.0,5298.0,11459.0,2506.0,951.0,40701.0,19869.0,2722.0,4068.0,3738.0,1365.0,1491.0,1274.0,571.0,1437.0,2137.0,33219.0,4731.0,18318.0,5553.0,13265.0,11371.0,165830.0,21465.0,15875.0,1119.0,2566.0,1969.0,522.0,1182.0,691.0,76.0,152.0,629.0,23921.0,3109.0,6153.0,3445.0,6565.0,3486.0,92925.0,8453.0,165.0,382.0,478.0,908.0,235.0,45.0,171.0,84.0,89.0,641.0,1667.0,757.0,8417.0,1050.0,3430.0,3224.0,30196.0,5971.0,2616.0,899.0,714.0,305.0,169.0,134.0,168.0,218.0,302.0,360.0,4847.0,545.0,2221.0,701.0,2080.0,1620.0,23870.0,4812.0,1213.0,322.0,310.0,556.0,439.0,130.0,244.0,193.0,894.0,507.0,2784.0,320.0,1527.0,357.0,1190.0,3041.0,18839.0,,,,,,,,,,,,,,,,,,,,,,,,,,,,,,,,,,,,,,,,,,,,,,,,,,,,,,,,,,,,,,,,,,,,,,,,,119.0,267.0,92.0,23.0,144.0,645.0,9440.0,6520.0,3824.0,4104.0,23888.0,16368.0,744.0,1040.0,2544.0,20696.0,2288.0,352.0,128.0,440.0,3208.0,224.0,64.0,152.0,448.0,112.0,152.0,18992.0,1168.0,1184.0,3160.0,24504.0,5536.0,56.0,312.0,528.0,6432.0,600.0,8.0,24.0,40.0,672.0,232.0,88.0,56.0,520.0,40.0,8.0,8.0,56.0,112.0,32.0,24.0,88.0,16.0,160.0,6440.0,184.0,488.0,784.0,7896.0,1304.0,112.0,88.0,240.0,1744.0,464.0,200.0,32.0,56.0,752.0,232.0,16.0,56.0,56.0,360.0,48.0,16.0,104.0,40.0,56.0,24.0,8.0,128.0,88.0,40.0,24.0,48.0,200.0,2176.0,440.0,232.0,440.0,3288.0,8616.0,624.0,720.0,1224.0,11184.0,1528.0,2088.0,456.0,408.0,4480.0,864.0,96.0,152.0,232.0,1344.0,48.0,32.0,96.0,2440.0,2216.0,616.0,648.0,5920.0,1288.0,120.0,216.0,168.0,1792.0,128.0,224.0,440.0,360.0,104.0,56.0,552.0,352.0,64.0,192.0,152.0,760.0,40.0,16.0,88.0,112.0,256.0,2168.0,528.0,616.0,488.0,3800.0,4608.0,2744.0,1232.0,1136.0,9720.0,64.0,80.0,16.0,16.0,176.0,1152.0,1496.0,416.0,1112.0,4176.0,1096.0,848.0,200.0,976.0,3128.0,2312.0,2424.0,632.0,2040.0,7480.0,43968.0,13480.0,7592.0,11544.0,76776.0,180833.0,36245.0,143655.0,6984.0,21803.0,6938.0,36241.0,20095.0,19132.0,4907.0,13871.0,6494.0
1987-11-30,1675.165,100896.7,75148.0,16805.0,18243.0,26767.0,11884.0,88567.0,6487.0,12141.0,17942.0,14294.0,33846.0,44648.0,5127.0,11015.0,2389.0,942.0,36137.0,25238.0,3098.0,6178.0,5545.0,1559.0,2450.0,916.0,744.0,1575.0,2380.0,34252.0,7364.0,20024.0,6079.0,18242.0,11323.0,183104.0,18354.0,20999.0,1435.0,4157.0,2725.0,659.0,1927.0,430.0,181.0,206.0,589.0,23785.0,4884.0,6716.0,3835.0,9274.0,3789.0,103945.0,7268.0,219.0,536.0,1038.0,1687.0,345.0,57.0,117.0,86.0,122.0,784.0,2771.0,1592.0,9480.0,943.0,4955.0,3787.0,35787.0,5986.0,2596.0,846.0,671.0,410.0,185.0,280.0,198.0,220.0,419.0,449.0,4248.0,435.0,2608.0,870.0,2505.0,1249.0,24175.0,4529.0,1424.0,281.0,312.0,723.0,370.0,186.0,171.0,257.0,828.0,558.0,3448.0,453.0,1220.0,431.0,1508.0,2498.0,19197.0,,,,,,,,,,,,,,,,,,,,,,,,,,,,,,,,,,,,,,,,,,,,,,,,,,,,,,,,,,,,,,,,,,,,,,,,,237.0,207.0,68.0,58.0,106.0,676.0,9850.0,7090.0,4930.0,3280.0,25150.0,18830.0,1210.0,1450.0,1750.0,23240.0,3860.0,800.0,200.0,420.0,5280.0,170.0,40.0,160.0,380.0,80.0,110.0,22940.0,2070.0,1660.0,2340.0,29010.0,8120.0,160.0,520.0,640.0,9440.0,930.0,0.0,40.0,50.0,1020.0,340.0,90.0,160.0,620.0,110.0,0.0,50.0,20.0,180.0,40.0,20.0,90.0,60.0,210.0,9540.0,270.0,860.0,800.0,11470.0,1620.0,220.0,120.0,130.0,2090.0,710.0,360.0,30.0,160.0,1260.0,100.0,10.0,20.0,50.0,180.0,140.0,0.0,180.0,10.0,30.0,60.0,30.0,130.0,130.0,90.0,10.0,40.0,270.0,2710.0,710.0,260.0,430.0,4110.0,12250.0,980.0,1120.0,1230.0,15580.0,2450.0,3270.0,780.0,380.0,6880.0,1370.0,100.0,210.0,220.0,1900.0,50.0,20.0,70.0,3870.0,3390.0,990.0,600.0,8850.0,2180.0,320.0,180.0,130.0,2810.0,190.0,470.0,880.0,920.0,110.0,90.0,1220.0,480.0,130.0,250.0,220.0,1080.0,30.0,50.0,270.0,30.0,380.0,3800.0,1080.0,910.0,580.0,6370.0,7670.0,4470.0,1900.0,1180.0,15220.0,100.0,120.0,70.0,40.0,330.0,760.0,1460.0,270.0,810.0,3300.0,790.0,710.0,230.0,1980.0,3710.0,1650.0,2290.0,570.0,2830.0,7340.0,54360.0,16900.0,10180.0,10860.0,92300.0,19317.0,7953.0,16117.0,2126.0,7571.0,374.0,3834.0,1129.0,789.0,6492.0,8896.0,4692.0
1987-12-31,2139.22,91154.37,61660.0,14822.0,20888.0,21954.0,7649.0,96746.0,4850.0,14096.0,21876.0,17109.0,44690.0,46790.0,4275.0,10293.0,2666.0,885.0,40240.0,26700.0,5518.0,11069.0,5980.0,3891.0,2003.0,967.0,953.0,1044.0,2961.0,28694.0,6797.0,33773.0,8514.0,25562.0,18236.0,222902.0,19126.0,22920.0,3098.0,8664.0,3504.0,2570.0,1693.0,554.0,203.0,207.0,1226.0,17190.0,3643.0,11049.0,5458.0,13682.0,7518.0,122305.0,14360.0,797.0,1570.0,1521.0,1806.0,666.0,102.0,195.0,159.0,124.0,1118.0,5022.0,2135.0,20023.0,2272.0,9034.0,6608.0,67512.0,3530.0,1560.0,543.0,407.0,152.0,106.0,120.0,69.0,212.0,215.0,201.0,2805.0,199.0,1213.0,310.0,907.0,859.0,13408.0,3224.0,1423.0,307.0,477.0,518.0,549.0,88.0,149.0,379.0,498.0,416.0,3677.0,820.0,1488.0,474.0,1939.0,3251.0,19677.0,,,,,,,,,,,,,,,,,,,,,,,,,,,,,,,,,,,,,,,,,,,,,,,,,,,,,,,,,,,,,,,,,,,,,,,,,341.0,331.0,217.0,106.0,232.0,1227.0,14784.0,21956.0,2750.0,3619.0,43109.0,12078.0,2387.0,704.0,2178.0,17347.0,2365.0,1144.0,121.0,396.0,4026.0,220.0,110.0,121.0,462.0,132.0,187.0,14795.0,3685.0,836.0,2706.0,22022.0,7436.0,198.0,385.0,341.0,8360.0,891.0,22.0,22.0,11.0,946.0,627.0,319.0,55.0,1045.0,44.0,0.0,33.0,44.0,121.0,77.0,55.0,33.0,11.0,176.0,9086.0,594.0,528.0,451.0,10659.0,3146.0,286.0,132.0,110.0,3674.0,660.0,374.0,33.0,11.0,1078.0,187.0,55.0,22.0,44.0,308.0,957.0,55.0,1034.0,22.0,110.0,11.0,22.0,165.0,176.0,77.0,0.0,33.0,286.0,5148.0,957.0,198.0,242.0,6545.0,14234.0,1551.0,726.0,693.0,17204.0,2607.0,7634.0,209.0,418.0,10868.0,1254.0,374.0,55.0,187.0,1870.0,44.0,66.0,121.0,3905.0,8074.0,264.0,616.0,12859.0,2079.0,561.0,77.0,77.0,2794.0,220.0,605.0,847.0,748.0,297.0,33.0,1133.0,550.0,396.0,66.0,220.0,1232.0,44.0,121.0,22.0,0.0,187.0,3641.0,1980.0,209.0,363.0,6193.0,7546.0,10054.0,473.0,979.0,19052.0,77.0,264.0,0.0,0.0,341.0,2552.0,4213.0,110.0,880.0,7755.0,1111.0,1925.0,242.0,2695.0,5973.0,3740.0,6402.0,352.0,3575.0,14069.0,55099.0,43648.0,5137.0,11572.0,115456.0,13764.0,9559.0,15222.0,2042.0,11844.0,240.0,3333.0,1188.0,601.0,7906.0,8467.0,5620.0
1988-01-31,1715.4899,100889.3,50647.0,14140.0,24378.0,19925.0,8302.0,101104.0,7433.0,9295.0,9527.0,13230.0,41223.0,47851.0,4613.0,10081.0,2659.0,816.0,27181.0,20535.0,3110.0,2992.0,3607.0,2018.0,1248.0,694.0,917.0,922.0,2198.0,26819.0,5290.0,23639.0,6638.0,18409.0,15290.0,161507.0,13108.0,16635.0,1159.0,1489.0,1056.0,899.0,973.0,226.0,271.0,111.0,597.0,16999.0,3085.0,9383.0,4152.0,9968.0,6387.0,86498.0,6109.0,578.0,529.0,498.0,713.0,307.0,52.0,85.0,167.0,59.0,621.0,2408.0,1038.0,10286.0,1444.0,4515.0,3352.0,32761.0,3195.0,1744.0,520.0,469.0,312.0,142.0,81.0,108.0,185.0,219.0,363.0,4102.0,440.0,2116.0,488.0,1540.0,1031.0,17055.0,4769.0,1578.0,902.0,536.0,1526.0,670.0,142.0,275.0,294.0,533.0,617.0,3310.0,727.0,1854.0,554.0,2386.0,4520.0,25193.0,,,,,,,,,,,,,,,,,,,,,,,,,,,,,,,,,,,,,,,,,,,,,,,,,,,,,,,,,,,,,,,,,,,,,,,,,211.0,277.0,148.0,72.0,77.0,785.0,9757.0,8151.0,3058.0,2948.0,23914.0,13618.0,1353.0,1045.0,1595.0,17611.0,2948.0,660.0,99.0,374.0,4081.0,385.0,77.0,66.0,528.0,77.0,110.0,17028.0,2112.0,1155.0,2035.0,22330.0,6094.0,187.0,572.0,264.0,7117.0,352.0,11.0,22.0,11.0,396.0,242.0,44.0,55.0,374.0,286.0,44.0,55.0,33.0,418.0,121.0,33.0,22.0,44.0,220.0,7095.0,319.0,726.0,385.0,8525.0,297.0,121.0,33.0,110.0,561.0,429.0,165.0,22.0,33.0,649.0,33.0,22.0,33.0,77.0,165.0,154.0,11.0,220.0,55.0,55.0,11.0,11.0,132.0,132.0,143.0,33.0,66.0,374.0,1100.0,517.0,154.0,330.0,2101.0,8195.0,836.0,880.0,715.0,10626.0,3894.0,4917.0,561.0,451.0,9823.0,1408.0,264.0,77.0,121.0,1870.0,44.0,110.0,176.0,5346.0,5291.0,649.0,583.0,11869.0,1782.0,308.0,88.0,77.0,2255.0,440.0,759.0,1265.0,1166.0,143.0,33.0,1375.0,572.0,198.0,176.0,77.0,1023.0,55.0,77.0,22.0,0.0,154.0,4015.0,1485.0,352.0,220.0,6072.0,9361.0,6776.0,1001.0,803.0,17941.0,44.0,99.0,22.0,33.0,198.0,1595.0,1518.0,176.0,1078.0,4367.0,1144.0,1507.0,198.0,1320.0,4169.0,2783.0,3124.0,396.0,2431.0,8734.0,47124.0,20999.0,6490.0,8932.0,83545.0,13008.0,5011.0,11711.0,2000.0,7705.0,270.0,3428.0,926.0,391.0,6610.0,8992.0,4451.0
1988-02-29,1663.5799,105025.5,39450.0,12626.0,13723.0,20403.0,7764.0,87194.0,5400.0,8699.0,10673.0,11185.0,52612.0,39231.0,4109.0,9019.0,2350.0,811.0,27685.0,28961.0,7548.0,5848.0,5408.0,1805.0,3591.0,1102.0,781.0,916.0,2251.0,27739.0,5593.0,23298.0,8560.0,18411.0,11006.0,180503.0,12260.0,24581.0,4972.0,4026.0,2634.0,601.0,3172.0,553.0,172.0,180.0,480.0,17093.0,3495.0,9754.0,4955.0,9591.0,4194.0,102713.0,6273.0,256.0,887.0,513.0,581.0,254.0,46.0,111.0,86.0,97.0,559.0,2485.0,985.0,8871.0,1588.0,4737.0,2750.0,31079.0,5684.0,2611.0,805.0,511.0,308.0,196.0,239.0,132.0,233.0,186.0,444.0,5041.0,562.0,2887.0,830.0,2210.0,1103.0,23982.0,3468.0,1513.0,884.0,798.0,1885.0,754.0,134.0,306.0,290.0,453.0,768.0,3120.0,551.0,1786.0,1187.0,1873.0,2959.0,22729.0,,,,,,,,,,,,,,,,,,,,,,,,,,,,,,,,,,,,,,,,,,,,,,,,,,,,,,,,,,,,,,,,,,,,,,,,,147.0,231.0,71.0,32.0,102.0,583.0,7029.0,6606.0,4401.0,2394.0,20430.0,14004.0,1206.0,1449.0,1647.0,18306.0,3033.0,657.0,171.0,387.0,4248.0,135.0,36.0,126.0,306.0,108.0,144.0,17280.0,1926.0,1629.0,2169.0,23004.0,8514.0,207.0,684.0,324.0,9729.0,1611.0,27.0,45.0,18.0,1701.0,792.0,126.0,171.0,1215.0,153.0,9.0,81.0,54.0,297.0,90.0,36.0,9.0,54.0,189.0,11178.0,405.0,990.0,576.0,13149.0,882.0,144.0,144.0,108.0,1278.0,189.0,207.0,27.0,108.0,531.0,108.0,45.0,54.0,153.0,360.0,144.0,18.0,207.0,18.0,18.0,27.0,45.0,108.0,135.0,72.0,54.0,144.0,405.0,1476.0,504.0,324.0,585.0,2889.0,12654.0,909.0,1314.0,1161.0,16038.0,3096.0,4896.0,954.0,405.0,9351.0,1692.0,225.0,144.0,144.0,2205.0,81.0,81.0,207.0,4869.0,5202.0,1116.0,576.0,11763.0,2277.0,369.0,207.0,171.0,3024.0,261.0,558.0,909.0,909.0,216.0,72.0,1215.0,567.0,288.0,216.0,270.0,1341.0,63.0,36.0,27.0,54.0,180.0,4077.0,1467.0,585.0,540.0,6669.0,8946.0,6669.0,1701.0,1116.0,18432.0,54.0,54.0,18.0,0.0,126.0,1062.0,1323.0,288.0,792.0,3465.0,792.0,765.0,252.0,2385.0,4194.0,1908.0,2142.0,558.0,3177.0,7785.0,47817.0,18252.0,9603.0,10017.0,85689.0,13983.0,5989.0,15080.0,2457.0,7725.0,283.0,3794.0,807.0,503.0,11660.0,5776.0,2566.0
1988-03-31,2053.6999,103881.0,61803.0,16191.0,21074.0,29513.0,10918.0,114571.0,6887.0,14109.0,14633.0,14377.0,64980.0,51923.0,4941.0,10678.0,2872.0,859.0,35632.0,30804.0,3603.0,4435.0,4175.0,1349.0,1730.0,988.0,645.0,1067.0,3011.0,24051.0,4556.0,34988.0,6442.0,17043.0,10787.0,185306.0,16254.0,26318.0,1656.0,2493.0,1707.0,614.0,1354.0,293.0,139.0,116.0,1064.0,15293.0,2703.0,12296.0,3934.0,8491.0,3642.0,98367.0,9317.0,425.0,785.0,811.0,1315.0,209.0,61.0,158.0,82.0,73.0,830.0,1690.0,631.0,18144.0,1306.0,4247.0,3252.0,43336.0,5581.0,2032.0,724.0,751.0,409.0,180.0,161.0,180.0,155.0,374.0,496.0,4452.0,542.0,2585.0,613.0,2445.0,1282.0,22962.0,4480.0,2029.0,438.0,380.0,744.0,346.0,154.0,357.0,269.0,504.0,621.0,2616.0,680.0,1963.0,589.0,1860.0,2611.0,20641.0,,,,,,,,,,,,,,,,,,,,,,,,,,,,,,,,,,,,,,,,,,,,,,,,,,,,,,,,,,,,,,,,,,,,,,,,,218.0,132.0,103.0,40.0,46.0,539.0,8550.0,8514.0,4482.0,2754.0,24300.0,8811.0,1071.0,1206.0,1170.0,12258.0,1773.0,378.0,333.0,279.0,2763.0,252.0,18.0,189.0,513.0,45.0,135.0,10881.0,1503.0,1602.0,1683.0,15669.0,7722.0,198.0,459.0,513.0,8892.0,576.0,18.0,9.0,18.0,621.0,432.0,162.0,153.0,873.0,45.0,9.0,36.0,27.0,117.0,45.0,45.0,54.0,54.0,198.0,8847.0,432.0,720.0,738.0,10737.0,531.0,135.0,207.0,117.0,990.0,585.0,486.0,9.0,36.0,1116.0,126.0,45.0,9.0,81.0,261.0,90.0,27.0,180.0,36.0,54.0,9.0,18.0,117.0,153.0,99.0,45.0,81.0,378.0,1521.0,846.0,288.0,387.0,3042.0,10368.0,1278.0,1008.0,1125.0,13779.0,2709.0,3600.0,792.0,504.0,7605.0,1116.0,99.0,198.0,90.0,1503.0,45.0,45.0,144.0,3870.0,3744.0,990.0,648.0,9252.0,1620.0,180.0,216.0,162.0,2178.0,153.0,153.0,441.0,621.0,117.0,63.0,900.0,432.0,153.0,225.0,369.0,1179.0,9.0,27.0,153.0,54.0,243.0,2835.0,630.0,738.0,738.0,4941.0,6705.0,4374.0,1728.0,1386.0,14193.0,36.0,144.0,0.0,9.0,189.0,819.0,1098.0,288.0,702.0,2907.0,828.0,999.0,261.0,2610.0,4698.0,1683.0,2241.0,549.0,3321.0,7794.0,38187.0,17910.0,9369.0,10269.0,75735.0,16372.0,10844.0,45468.0,3952.0,9654.0,1324.0,6293.0,5010.0,3774.0,14120.0,13084.0,5115.0
1988-04-30,2354.9299,117237.1,64106.0,14237.0,20649.0,25376.0,11481.0,93126.0,6785.0,17558.0,16493.0,22460.0,87675.0,52438.0,5076.0,10397.0,2919.0,854.0,35195.0,25801.0,3711.0,4104.0,5816.0,1728.0,1497.0,1745.0,729.0,1460.0,3701.0,26513.0,5441.0,17791.0,3457.0,11159.0,10700.0,160548.0,15555.0,21526.0,1703.0,2238.0,2993.0,691.0,1058.0,816.0,94.0,73.0,1345.0,16681.0,3038.0,6273.0,2030.0,4948.0,3775.0,84837.0,9606.0,304.0,598.0,621.0,1679.0,259.0,73.0,265.0,72.0,120.0,968.0,2867.0,1205.0,7813.0,448.0,2546.0,2885.0,32329.0,6121.0,2341.0,876.0,741.0,473.0,349.0,185.0,222.0,316.0,548.0,628.0,4705.0,764.0,2139.0,583.0,2402.0,1514.0,24907.0,3913.0,1630.0,534.0,504.0,671.0,429.0,181.0,442.0,247.0,719.0,760.0,2260.0,434.0,1566.0,396.0,1263.0,2526.0,18475.0,,,,,,,,,,,,,,,,,,,,,,,,,,,,,,,,,,,,,,,,,,,,,,,,,,,,,,,,,,,,,,,,,,,,,,,,,154.0,224.0,90.0,16.0,63.0,547.0,6056.0,5960.0,4104.0,2760.0,18880.0,9736.0,984.0,936.0,944.0,12600.0,1728.0,528.0,104.0,352.0,2712.0,184.0,24.0,152.0,384.0,48.0,80.0,11696.0,1560.0,1064.0,1456.0,15776.0,6344.0,104.0,416.0,296.0,7160.0,344.0,8.0,8.0,56.0,416.0,232.0,88.0,88.0,456.0,32.0,0.0,32.0,48.0,112.0,16.0,56.0,88.0,32.0,192.0,6968.0,256.0,640.0,480.0,8344.0,760.0,80.0,72.0,104.0,1016.0,536.0,424.0,0.0,40.0,1000.0,400.0,40.0,8.0,56.0,504.0,80.0,16.0,112.0,24.0,80.0,16.0,32.0,152.0,224.0,120.0,16.0,24.0,384.0,2024.0,760.0,120.0,264.0,3168.0,8992.0,1016.0,760.0,744.0,11512.0,1496.0,1552.0,544.0,280.0,3872.0,632.0,64.0,160.0,88.0,944.0,40.0,32.0,88.0,2168.0,1648.0,704.0,384.0,4904.0,784.0,152.0,128.0,80.0,1144.0,112.0,72.0,240.0,392.0,64.0,72.0,560.0,272.0,112.0,160.0,112.0,656.0,16.0,8.0,64.0,240.0,328.0,1576.0,408.0,472.0,472.0,2928.0,3744.0,2056.0,1176.0,856.0,7832.0,72.0,16.0,8.0,8.0,104.0,872.0,1320.0,248.0,752.0,3192.0,704.0,672.0,232.0,1920.0,3528.0,1648.0,2008.0,488.0,2680.0,6824.0,32136.0,12600.0,7592.0,8496.0,60824.0,80727.0,35171.0,105402.0,3849.0,31768.0,6628.0,26446.0,16469.0,24289.0,6663.0,18312.0,7882.0
1988-05-31,3038.5918,125309.9,61257.0,12823.0,18615.0,20490.0,10205.0,94613.0,8190.0,20363.0,18282.0,18592.0,116412.0,55178.0,5097.0,10265.0,3044.0,867.0,48457.0,26694.0,2598.0,5302.0,4633.0,3555.0,1001.0,1824.0,739.0,1312.0,4107.0,19280.0,4299.0,11690.0,2670.0,8744.0,10272.0,157177.0,25674.0,22719.0,1309.0,3260.0,3034.0,2339.0,623.0,1014.0,153.0,68.0,1933.0,11253.0,2779.0,3872.0,1544.0,3897.0,3779.0,89250.0,10544.0,271.0,469.0,812.0,997.0,459.0,57.0,186.0,64.0,89.0,992.0,1666.0,601.0,4303.0,298.0,1611.0,2553.0,25972.0,6955.0,2427.0,660.0,927.0,337.0,362.0,223.0,294.0,356.0,488.0,674.0,4673.0,515.0,2542.0,570.0,2246.0,1997.0,26246.0,5284.0,1277.0,160.0,303.0,265.0,395.0,98.0,330.0,166.0,667.0,508.0,1688.0,404.0,973.0,258.0,990.0,1943.0,15709.0,,,,,,,,,,,,,,,,,,,,,,,,,,,,,,,,,,,,,,,,,,,,,,,,,,,,,,,,,,,,,,,,,,,,,,,,,133.0,240.0,88.0,56.0,73.0,590.0,3051.0,4806.0,4617.0,2034.0,14508.0,6102.0,756.0,882.0,1089.0,8829.0,1413.0,333.0,117.0,405.0,2268.0,117.0,36.0,180.0,351.0,27.0,63.0,7659.0,1143.0,1017.0,1692.0,11511.0,5661.0,72.0,414.0,243.0,6390.0,261.0,0.0,27.0,0.0,288.0,252.0,45.0,108.0,450.0,153.0,9.0,63.0,9.0,234.0,153.0,27.0,117.0,54.0,351.0,6480.0,153.0,729.0,351.0,7713.0,585.0,126.0,126.0,108.0,945.0,594.0,333.0,27.0,54.0,1008.0,252.0,90.0,18.0,90.0,450.0,576.0,45.0,693.0,90.0,108.0,36.0,45.0,279.0,243.0,63.0,81.0,135.0,522.0,2340.0,765.0,297.0,495.0,3897.0,8820.0,918.0,1026.0,846.0,11610.0,1242.0,918.0,639.0,423.0,3222.0,396.0,45.0,162.0,126.0,729.0,9.0,18.0,36.0,1647.0,981.0,810.0,549.0,3987.0,450.0,45.0,108.0,36.0,639.0,63.0,63.0,189.0,288.0,81.0,27.0,441.0,216.0,36.0,171.0,54.0,477.0,18.0,27.0,144.0,45.0,234.0,1035.0,252.0,477.0,216.0,1980.0,2682.0,1233.0,1287.0,765.0,5967.0,45.0,54.0,27.0,18.0,144.0,576.0,1062.0,252.0,630.0,2520.0,513.0,810.0,207.0,1971.0,3501.0,1134.0,1926.0,486.0,2619.0,6165.0,23346.0,10026.0,8433.0,7956.0,49761.0,256759.0,53407.0,227041.0,3642.0,19146.0,15217.0,51700.0,39020.0,29710.0,6839.0,27068.0,10216.0
1988-06-30,3470.6093,145201.7,64184.0,10632.0,21867.0,17008.0,8064.0,109102.0,6932.0,14149.0,26005.0,12965.0,106783.0,54567.0,4743.0,10349.0,3064.0,851.0,51783.0,27101.0,3457.0,7090.0,2846.0,3683.0,619.0,1162.0,592.0,1307.0,2439.0,23513.0,2893.0,12610.0,2350.0,9290.0,11162.0,163897.0,29220.0,23024.0,1594.0,5357.0,1483.0,2553.0,290.0,597.0,181.0,89.0,862.0,13419.0,1499.0,5181.0,1316.0,3985.0,4316.0,94966.0,13683.0,310.0,819.0,821.0,686.0,385.0,54.0,150.0,100.0,152.0,795.0,3304.0,578.0,4560.0,341.0,2619.0,3016.0,32373.0,5370.0,2184.0,739.0,485.0,309.0,172.0,174.0,197.0,175.0,473.0,345.0,3798.0,505.0,1643.0,450.0,1479.0,1245.0,19743.0,3510.0,1583.0,305.0,427.0,368.0,573.0,101.0,218.0,136.0,593.0,437.0,2992.0,311.0,1226.0,243.0,1207.0,2585.0,16815.0,,,,,,,,,,,,,,,,,,,,,,,,,,,,,,,,,,,,,,,,,,,,,,,,,,,,,,,,,,,,,,,,,,,,,,,,,108.0,238.0,74.0,27.0,59.0,506.0,4608.0,6592.0,4320.0,3112.0,18632.0,7048.0,992.0,1456.0,1208.0,10704.0,680.0,208.0,112.0,232.0,1232.0,192.0,32.0,112.0,368.0,80.0,136.0,8000.0,1256.0,1600.0,1584.0,12440.0,4360.0,64.0,560.0,864.0,5848.0,72.0,16.0,8.0,0.0,96.0,248.0,136.0,112.0,528.0,64.0,8.0,72.0,24.0,168.0,24.0,40.0,136.0,16.0,216.0,4792.0,272.0,888.0,936.0,6888.0,688.0,168.0,72.0,192.0,1120.0,272.0,136.0,32.0,40.0,480.0,96.0,16.0,32.0,72.0,216.0,560.0,32.0,640.0,48.0,56.0,8.0,16.0,128.0,80.0,88.0,32.0,72.0,272.0,1744.0,496.0,224.0,392.0,2856.0,6536.0,768.0,1112.0,1328.0,9744.0,992.0,952.0,472.0,288.0,2704.0,320.0,80.0,56.0,40.0,496.0,40.0,24.0,64.0,1352.0,1056.0,528.0,328.0,3264.0,248.0,72.0,152.0,56.0,528.0,32.0,120.0,184.0,120.0,40.0,16.0,216.0,40.0,16.0,112.0,120.0,288.0,32.0,8.0,176.0,88.0,304.0,472.0,256.0,480.0,312.0,1520.0,1824.0,1312.0,1008.0,640.0,4784.0,24.0,40.0,8.0,8.0,80.0,528.0,1016.0,288.0,560.0,2392.0,488.0,944.0,208.0,1632.0,3272.0,1040.0,2000.0,504.0,2200.0,5744.0,22008.0,11928.0,8544.0,8864.0,51344.0,325600.0,52195.0,206012.0,5935.0,43299.0,18989.0,57568.0,48305.0,29637.0,6418.0,38828.0,11912.0
1988-07-31,6606.1834,175963.3,68209.0,12924.0,21413.0,21418.0,9566.0,99593.0,8728.0,11475.0,11327.0,13338.0,110722.0,59887.0,4451.0,10660.0,3092.0,865.0,60401.0,28438.0,7078.0,3683.0,4358.0,3222.0,1175.0,1141.0,814.0,1723.0,2901.0,31353.0,6874.0,17140.0,5677.0,14906.0,12564.0,203448.0,36168.0,22716.0,3982.0,1766.0,2299.0,1840.0,642.0,359.0,238.0,75.0,1057.0,18432.0,3928.0,6870.0,3700.0,7376.0,5023.0,116471.0,11491.0,508.0,1773.0,585.0,977.0,340.0,183.0,120.0,101.0,112.0,707.0,3602.0,1547.0,6778.0,1050.0,3894.0,2708.0,36476.0,7356.0,2248.0,656.0,787.0,361.0,221.0,146.0,237.0,197.0,420.0,562.0,5523.0,497.0,1944.0,457.0,1762.0,1472.0,24846.0,5386.0,2966.0,667.0,545.0,721.0,821.0,204.0,425.0,278.0,1116.0,575.0,3796.0,902.0,1548.0,470.0,1874.0,3361.0,25655.0,,,,,,,,,,,,,,,,,,,,,,,,,,,,,,,,,,,,,,,,,,,,,,,,,,,,,,,,,,,,,,,,,,,,,,,,,135.0,240.0,73.0,36.0,104.0,588.0,6696.0,6561.0,4248.0,3078.0,20583.0,9018.0,1035.0,1089.0,1404.0,12546.0,1899.0,315.0,63.0,531.0,2808.0,144.0,36.0,180.0,378.0,90.0,144.0,11151.0,1413.0,1179.0,2133.0,15876.0,5607.0,216.0,432.0,684.0,6939.0,288.0,18.0,54.0,36.0,396.0,657.0,216.0,126.0,1071.0,108.0,18.0,36.0,9.0,171.0,45.0,45.0,99.0,45.0,234.0,6714.0,513.0,747.0,846.0,8820.0,243.0,90.0,99.0,81.0,513.0,171.0,261.0,27.0,54.0,513.0,81.0,45.0,36.0,81.0,243.0,315.0,45.0,405.0,27.0,54.0,27.0,0.0,108.0,72.0,153.0,36.0,90.0,351.0,909.0,648.0,252.0,324.0,2133.0,7623.0,1161.0,999.0,1170.0,10953.0,1251.0,1305.0,504.0,369.0,3429.0,351.0,135.0,18.0,144.0,648.0,36.0,36.0,108.0,1638.0,1476.0,558.0,513.0,4185.0,621.0,108.0,99.0,81.0,909.0,99.0,171.0,360.0,153.0,36.0,27.0,252.0,234.0,108.0,225.0,63.0,630.0,9.0,0.0,171.0,9.0,189.0,1116.0,423.0,585.0,216.0,2340.0,2754.0,1899.0,1143.0,729.0,6525.0,54.0,54.0,18.0,27.0,153.0,900.0,1089.0,279.0,711.0,2979.0,477.0,945.0,162.0,1827.0,3411.0,1431.0,2088.0,459.0,2565.0,6543.0,29655.0,13122.0,8028.0,9675.0,60480.0,344944.0,90038.0,285895.0,13782.0,104940.0,22523.0,80213.0,53978.0,32649.0,7268.0,45931.0,13179.0
1988-08-31,6587.6369,220512.4,56163.0,10015.0,20292.0,22857.0,9405.0,122816.0,11048.0,11998.0,10571.0,12679.0,101417.0,59783.0,4536.0,10649.0,3091.0,892.0,64782.0,30693.0,5259.0,3384.0,3137.0,1845.0,1647.0,1109.0,786.0,1298.0,2788.0,28081.0,4703.0,14917.0,4121.0,14404.0,14056.0,197010.0,38450.0,25639.0,3294.0,1954.0,1518.0,948.0,1124.0,533.0,184.0,131.0,793.0,16363.0,2490.0,6606.0,2251.0,6875.0,5102.0,114255.0,13320.0,452.0,790.0,455.0,823.0,258.0,124.0,131.0,101.0,96.0,814.0,2707.0,748.0,4630.0,541.0,3145.0,3039.0,32174.0,6825.0,2641.0,784.0,672.0,436.0,199.0,296.0,217.0,260.0,431.0,728.0,5655.0,860.0,2594.0,822.0,2684.0,2157.0,28261.0,6187.0,1961.0,391.0,303.0,360.0,440.0,103.0,228.0,241.0,640.0,453.0,3356.0,605.0,1087.0,507.0,1700.0,3758.0,22320.0,,,,,,,,,,,,,,,,,,,,,,,,,,,,,,,,,,,,,,,,,,,,,,,,,,,,,,,,,,,,,,,,,,,,,,,,,96.0,204.0,91.0,24.0,125.0,540.0,5610.0,5450.0,4520.0,2520.0,18100.0,7860.0,910.0,1040.0,1400.0,11210.0,1380.0,410.0,80.0,380.0,2250.0,150.0,10.0,110.0,310.0,120.0,190.0,9510.0,1390.0,1170.0,1890.0,13960.0,6840.0,180.0,410.0,410.0,7840.0,430.0,10.0,60.0,120.0,620.0,470.0,150.0,100.0,830.0,100.0,0.0,50.0,70.0,220.0,70.0,40.0,80.0,30.0,220.0,7910.0,390.0,700.0,740.0,9740.0,320.0,80.0,160.0,180.0,740.0,310.0,210.0,40.0,130.0,690.0,50.0,40.0,10.0,90.0,190.0,150.0,30.0,180.0,40.0,50.0,60.0,90.0,240.0,120.0,90.0,20.0,20.0,250.0,990.0,500.0,290.0,510.0,2290.0,8900.0,890.0,990.0,1250.0,12030.0,1460.0,1500.0,490.0,310.0,3760.0,230.0,50.0,90.0,160.0,530.0,0.0,20.0,40.0,1690.0,1570.0,600.0,470.0,4330.0,620.0,60.0,90.0,150.0,920.0,170.0,120.0,410.0,190.0,60.0,30.0,300.0,580.0,70.0,130.0,120.0,900.0,60.0,20.0,150.0,30.0,260.0,1620.0,330.0,470.0,370.0,2790.0,3310.0,1900.0,1070.0,840.0,7120.0,60.0,50.0,10.0,10.0,130.0,730.0,1340.0,250.0,860.0,3180.0,800.0,930.0,190.0,1880.0,3800.0,1590.0,2320.0,450.0,2750.0,7110.0,28920.0,11950.0,8200.0,9250.0,58320.0,320664.0,117713.0,321256.0,22907.0,230212.0,17942.0,51196.0,41661.0,29416.0,8325.0,32520.0,13549.0
1988-09-30,4133.7828,179558.0,58800.0,10849.0,26802.0,22140.0,10974.0,113439.0,5970.0,12457.0,15545.0,16022.0,111402.0,63284.0,5009.0,10759.0,3123.0,871.0,51716.0,29577.0,2758.0,4236.0,3518.0,2062.0,832.0,1530.0,566.0,1873.0,2970.0,26833.0,6092.0,14196.0,4290.0,12933.0,13616.0,179598.0,28818.0,25133.0,1140.0,2588.0,1661.0,948.0,538.0,694.0,91.0,118.0,978.0,17020.0,3657.0,6520.0,2659.0,6014.0,4589.0,103166.0,11530.0,344.0,648.0,558.0,879.0,317.0,70.0,199.0,76.0,148.0,992.0,2765.0,1327.0,3729.0,629.0,2419.0,3100.0,29730.0,6356.0,2400.0,629.0,736.0,505.0,207.0,97.0,212.0,191.0,469.0,549.0,4863.0,655.0,2881.0,781.0,2951.0,1900.0,26382.0,5012.0,1700.0,341.0,354.0,473.0,590.0,127.0,425.0,208.0,1138.0,451.0,2185.0,453.0,1066.0,221.0,1549.0,4027.0,20320.0,,,,,,,,,,,,,,,,,,,,,,,,,,,,,,,,,,,,,,,,,,,,,,,,,,,,,,,,,,,,,,,,,,,,,,,,,168.0,175.0,123.0,60.0,61.0,587.0,10190.0,7410.0,4550.0,3330.0,25480.0,9210.0,780.0,870.0,1110.0,11970.0,1760.0,310.0,120.0,430.0,2620.0,210.0,20.0,60.0,310.0,70.0,100.0,11250.0,1130.0,1010.0,1610.0,15000.0,6370.0,50.0,470.0,320.0,7210.0,220.0,20.0,40.0,10.0,290.0,190.0,130.0,210.0,590.0,90.0,0.0,20.0,10.0,120.0,30.0,40.0,50.0,40.0,160.0,6910.0,240.0,800.0,440.0,8390.0,550.0,90.0,90.0,120.0,850.0,420.0,200.0,40.0,80.0,740.0,110.0,30.0,30.0,80.0,250.0,110.0,10.0,170.0,70.0,110.0,0.0,0.0,180.0,120.0,100.0,30.0,20.0,270.0,1380.0,540.0,210.0,330.0,2460.0,8290.0,780.0,1010.0,770.0,10850.0,1140.0,1140.0,540.0,400.0,3220.0,470.0,40.0,20.0,70.0,600.0,30.0,30.0,60.0,1640.0,1210.0,560.0,470.0,3880.0,990.0,80.0,120.0,130.0,1320.0,160.0,90.0,370.0,360.0,20.0,30.0,450.0,320.0,80.0,180.0,120.0,700.0,0.0,20.0,40.0,30.0,90.0,1830.0,290.0,390.0,420.0,2930.0,3470.0,1500.0,950.0,890.0,6810.0,90.0,30.0,20.0,0.0,140.0,490.0,1320.0,270.0,880.0,2960.0,740.0,800.0,280.0,1860.0,3680.0,1320.0,2150.0,570.0,2740.0,6780.0,34520.0,12970.0,8090.0,9340.0,64920.0,278441.0,62176.0,222839.0,11087.0,61507.0,15100.0,43878.0,40205.0,34084.0,5046.0,25229.0,11597.0
1988-10-31,2960.0243,145964.9,93882.0,18510.0,25936.0,33758.0,15924.0,99195.0,9040.0,12618.0,17513.0,19603.0,131016.0,63070.0,5700.0,11547.0,3250.0,945.0,47811.0,31945.0,2907.0,4186.0,4622.0,2323.0,2091.0,1999.0,751.0,1725.0,2694.0,35043.0,7618.0,24739.0,6691.0,18390.0,11855.0,207390.0,25812.0,26742.0,1410.0,2286.0,2415.0,1259.0,1647.0,1248.0,164.0,281.0,899.0,23815.0,4903.0,10618.0,4480.0,9501.0,4615.0,122095.0,11233.0,281.0,452.0,651.0,1305.0,271.0,72.0,172.0,73.0,129.0,667.0,2161.0,1315.0,9802.0,1044.0,3634.0,2632.0,35894.0,6698.0,2620.0,704.0,933.0,458.0,236.0,171.0,245.0,221.0,518.0,553.0,5331.0,749.0,2882.0,800.0,3239.0,1888.0,28246.0,4068.0,2302.0,341.0,316.0,444.0,557.0,201.0,334.0,293.0,797.0,575.0,3736.0,651.0,1437.0,367.0,2016.0,2720.0,21155.0,,,,,,,,,,,,,,,,,,,,,,,,,,,,,,,,,,,,,,,,,,,,,,,,,,,,,,,,,,,,,,,,,,,,,,,,,147.0,231.0,93.0,33.0,119.0,623.0,4983.0,5742.0,4554.0,3212.0,18491.0,15928.0,770.0,1397.0,2816.0,20911.0,3212.0,572.0,154.0,308.0,4246.0,143.0,11.0,121.0,286.0,55.0,88.0,19338.0,1375.0,1562.0,3256.0,25531.0,7095.0,66.0,583.0,264.0,8008.0,1023.0,44.0,22.0,99.0,1188.0,308.0,88.0,143.0,605.0,44.0,0.0,22.0,44.0,110.0,55.0,22.0,110.0,121.0,308.0,8536.0,220.0,891.0,594.0,10241.0,924.0,110.0,121.0,121.0,1276.0,473.0,253.0,66.0,44.0,836.0,330.0,33.0,11.0,110.0,484.0,198.0,33.0,264.0,55.0,99.0,33.0,22.0,209.0,143.0,77.0,33.0,143.0,396.0,2123.0,605.0,286.0,451.0,3465.0,10659.0,825.0,1177.0,1045.0,13706.0,2145.0,2552.0,748.0,407.0,5852.0,627.0,132.0,143.0,209.0,1111.0,77.0,77.0,198.0,2849.0,2761.0,924.0,627.0,7161.0,1474.0,110.0,198.0,154.0,1936.0,132.0,220.0,440.0,594.0,22.0,22.0,649.0,363.0,66.0,176.0,209.0,814.0,11.0,44.0,0.0,22.0,77.0,2574.0,462.0,484.0,396.0,3916.0,5423.0,3223.0,1408.0,1023.0,11077.0,66.0,99.0,11.0,11.0,187.0,792.0,1144.0,286.0,704.0,2926.0,726.0,913.0,374.0,2277.0,4290.0,1584.0,2156.0,671.0,2992.0,7403.0,41987.0,13321.0,9372.0,11528.0,76208.0,131349.0,21626.0,123536.0,7881.0,19797.0,4732.0,26455.0,16695.0,19114.0,5412.0,38031.0,7787.0
1988-11-30,1762.5849,109480.0,70703.0,17769.0,20987.0,28969.0,12732.0,99677.0,13152.0,11550.0,17120.0,14056.0,89399.0,64298.0,5479.0,11183.0,3136.0,928.0,37768.0,36252.0,2485.0,6882.0,4429.0,1925.0,2028.0,1360.0,1122.0,2431.0,2884.0,31573.0,6633.0,25254.0,6735.0,23959.0,14379.0,208099.0,16781.0,29898.0,866.0,4451.0,2306.0,870.0,1599.0,648.0,228.0,521.0,733.0,21012.0,3849.0,10240.0,3992.0,11424.0,4289.0,113707.0,10148.0,407.0,476.0,1083.0,1447.0,258.0,73.0,198.0,74.0,132.0,937.0,2165.0,1307.0,9729.0,1108.0,5906.0,4284.0,39732.0,7102.0,3909.0,827.0,1040.0,372.0,298.0,244.0,238.0,508.0,598.0,738.0,5387.0,789.0,3721.0,1156.0,4769.0,1989.0,33685.0,3737.0,2038.0,316.0,308.0,304.0,499.0,112.0,276.0,312.0,1180.0,476.0,3009.0,688.0,1564.0,479.0,1860.0,3817.0,20975.0,,,,,,,,,,,,,,,,,,,,,,,,,,,,,,,,,,,,,,,,,,,,,,,,,,,,,,,,,,,,,,,,,,,,,,,,,220.0,168.0,146.0,76.0,220.0,830.0,5445.0,6655.0,5247.0,3102.0,20449.0,13563.0,1199.0,1100.0,1430.0,17292.0,3157.0,671.0,176.0,451.0,4455.0,99.0,11.0,77.0,231.0,143.0,198.0,16962.0,1903.0,1342.0,1969.0,22176.0,8228.0,154.0,539.0,385.0,9306.0,990.0,66.0,110.0,11.0,1177.0,330.0,110.0,121.0,572.0,187.0,0.0,33.0,44.0,264.0,99.0,77.0,88.0,110.0,374.0,9834.0,407.0,891.0,561.0,11693.0,2024.0,198.0,77.0,44.0,2343.0,583.0,319.0,22.0,44.0,968.0,154.0,44.0,22.0,33.0,253.0,154.0,11.0,363.0,33.0,88.0,0.0,33.0,154.0,110.0,132.0,55.0,77.0,374.0,3058.0,792.0,231.0,374.0,4455.0,12892.0,1199.0,1122.0,935.0,16148.0,2574.0,3410.0,781.0,385.0,7150.0,1320.0,154.0,154.0,77.0,1705.0,33.0,88.0,176.0,3927.0,3652.0,957.0,495.0,9031.0,2156.0,297.0,209.0,55.0,2717.0,451.0,440.0,1045.0,814.0,143.0,44.0,1023.0,616.0,187.0,330.0,275.0,1408.0,77.0,77.0,11.0,22.0,187.0,4114.0,1144.0,682.0,440.0,6380.0,8041.0,4796.0,1639.0,935.0,15411.0,22.0,154.0,0.0,11.0,187.0,649.0,1364.0,319.0,847.0,3179.0,737.0,1265.0,385.0,2145.0,4532.0,1408.0,2783.0,704.0,3003.0,7898.0,44748.0,17336.0,10054.0,9944.0,82082.0,18174.0,6152.0,17977.0,3101.0,8830.0,450.0,3626.0,1481.0,720.0,6204.0,10848.0,5662.0
1988-12-31,2125.6402,88714.75,60040.0,15308.0,23427.0,23733.0,8402.0,106040.0,11797.0,14441.0,19761.0,17448.0,80363.0,72094.0,4476.0,10476.0,2922.0,774.0,45878.0,35541.0,4931.0,11339.0,5580.0,4057.0,1747.0,1212.0,794.0,1960.0,3249.0,26122.0,6719.0,40069.0,8308.0,26253.0,22033.0,245792.0,21133.0,30801.0,2658.0,8689.0,3101.0,2828.0,1422.0,668.0,216.0,393.0,1332.0,15077.0,3515.0,15836.0,5450.0,13425.0,7436.0,133980.0,17763.0,894.0,1366.0,1815.0,1801.0,694.0,132.0,240.0,158.0,287.0,1299.0,6331.0,2452.0,21369.0,2186.0,9992.0,8099.0,76878.0,3719.0,2068.0,605.0,440.0,168.0,139.0,108.0,141.0,171.0,400.0,233.0,2374.0,240.0,1063.0,300.0,1161.0,1580.0,14910.0,3263.0,1778.0,302.0,395.0,510.0,396.0,85.0,163.0,249.0,880.0,385.0,2340.0,512.0,1801.0,372.0,1675.0,4918.0,20024.0,,,,,,,,,,,,,,,,,,,,,,,,,,,,,,,,,,,,,,,,,,,,,,,,,,,,,,,,,,,,,,,,,,,,,,,,,319.0,279.0,292.0,105.0,139.0,1134.0,13189.0,23232.0,3058.0,3168.0,42647.0,8459.0,2739.0,913.0,1177.0,13288.0,1958.0,1122.0,66.0,308.0,3454.0,264.0,44.0,187.0,550.0,66.0,154.0,10747.0,3938.0,1056.0,1705.0,17446.0,7634.0,352.0,385.0,979.0,9350.0,1056.0,99.0,44.0,33.0,1232.0,682.0,308.0,99.0,1166.0,55.0,22.0,22.0,143.0,242.0,99.0,66.0,44.0,11.0,220.0,9526.0,847.0,594.0,1243.0,12210.0,2640.0,297.0,66.0,44.0,3047.0,638.0,440.0,11.0,44.0,1133.0,176.0,33.0,0.0,66.0,275.0,869.0,132.0,1023.0,88.0,121.0,11.0,11.0,231.0,220.0,121.0,11.0,143.0,495.0,4631.0,1144.0,110.0,319.0,6204.0,14157.0,1991.0,704.0,1562.0,18414.0,3410.0,8514.0,275.0,517.0,12716.0,1265.0,528.0,154.0,176.0,2123.0,11.0,121.0,143.0,4686.0,9163.0,440.0,693.0,14982.0,1980.0,363.0,55.0,143.0,2541.0,352.0,759.0,1210.0,869.0,319.0,0.0,1254.0,550.0,286.0,88.0,231.0,1155.0,66.0,88.0,66.0,55.0,275.0,3817.0,1815.0,253.0,550.0,6435.0,8503.0,10978.0,693.0,1243.0,21417.0,121.0,231.0,0.0,22.0,374.0,2541.0,3894.0,176.0,1100.0,7711.0,1606.0,2211.0,264.0,3894.0,7975.0,4268.0,6336.0,440.0,5016.0,16060.0,50864.0,46475.0,5951.0,12694.0,115984.0,11275.0,6447.0,14802.0,2596.0,12017.0,392.0,2747.0,1476.0,655.0,7257.0,10101.0,6788.0
1989-01-31,1815.9151,104875.7,53849.0,14783.0,27377.0,20554.0,8842.0,119330.0,21077.0,9920.0,9088.0,12749.0,61091.0,66993.0,5653.0,10520.0,3108.0,763.0,26680.0,29447.0,3195.0,2518.0,3216.0,2203.0,1110.0,964.0,935.0,1660.0,2173.0,23339.0,6248.0,23864.0,7493.0,18048.0,15969.0,169062.0,12437.0,23915.0,984.0,986.0,804.0,1019.0,818.0,275.0,432.0,320.0,487.0,13361.0,3877.0,10491.0,4876.0,10457.0,6808.0,92347.0,6895.0,608.0,664.0,475.0,649.0,337.0,80.0,139.0,149.0,90.0,698.0,2464.0,1013.0,9392.0,1317.0,4012.0,3446.0,32428.0,3021.0,2594.0,362.0,335.0,221.0,138.0,70.0,204.0,169.0,160.0,337.0,3804.0,287.0,1931.0,616.0,1472.0,914.0,16635.0,4327.0,2330.0,1185.0,722.0,1542.0,709.0,142.0,346.0,185.0,1090.0,651.0,3710.0,1071.0,2050.0,684.0,2107.0,4801.0,27652.0,,,,,,,,,,,,,,,,,,,,,,,,,,,,,,,,,,,,,,,,,,,,,,,,,,,,,,,,,,,,,,,,,,,,,,,,,260.0,306.0,190.0,45.0,52.0,853.0,7722.0,7810.0,3432.0,3289.0,22253.0,8107.0,1254.0,825.0,1738.0,11924.0,2706.0,638.0,176.0,429.0,3949.0,286.0,22.0,88.0,407.0,22.0,33.0,11121.0,1925.0,1012.0,2255.0,16313.0,7788.0,187.0,528.0,462.0,8965.0,682.0,44.0,11.0,22.0,759.0,264.0,132.0,99.0,660.0,352.0,11.0,55.0,121.0,539.0,66.0,22.0,44.0,77.0,209.0,9163.0,396.0,737.0,847.0,11143.0,506.0,154.0,44.0,99.0,803.0,154.0,132.0,44.0,55.0,385.0,55.0,33.0,11.0,0.0,99.0,99.0,44.0,198.0,44.0,143.0,0.0,22.0,209.0,121.0,110.0,44.0,176.0,451.0,979.0,616.0,165.0,385.0,2145.0,10142.0,1012.0,902.0,1232.0,13288.0,3146.0,4664.0,451.0,660.0,8921.0,1947.0,198.0,143.0,198.0,2486.0,110.0,55.0,209.0,5203.0,4917.0,605.0,891.0,11616.0,2497.0,341.0,121.0,132.0,3091.0,418.0,506.0,1122.0,1265.0,154.0,33.0,1507.0,704.0,121.0,132.0,110.0,1067.0,66.0,33.0,121.0,363.0,583.0,4950.0,1155.0,484.0,781.0,7370.0,10153.0,6072.0,1089.0,1672.0,18986.0,44.0,66.0,0.0,11.0,121.0,1452.0,1463.0,275.0,836.0,4026.0,935.0,935.0,341.0,2596.0,4807.0,2431.0,2464.0,616.0,3443.0,8954.0,41569.0,19283.0,7051.0,11891.0,79794.0,6935.0,3097.0,7281.0,1330.0,4809.0,396.0,2461.0,1199.0,481.0,8054.0,8899.0,6007.0
1989-02-28,1632.315,92488.0,41919.0,11863.0,16511.0,20349.0,8346.0,90956.0,11460.0,8479.0,10039.0,9975.0,84747.0,50109.0,4662.0,8948.0,2823.0,767.0,23674.0,32392.0,7914.0,5606.0,5122.0,2208.0,4435.0,1681.0,680.0,3088.0,2444.0,27674.0,6010.0,30165.0,7985.0,18338.0,11693.0,191109.0,8017.0,26470.0,4786.0,3491.0,1820.0,776.0,3822.0,919.0,150.0,1452.0,694.0,17798.0,4045.0,13606.0,5420.0,9348.0,4376.0,106990.0,6003.0,338.0,1182.0,419.0,795.0,349.0,171.0,142.0,100.0,155.0,659.0,2281.0,925.0,12717.0,1155.0,5168.0,3307.0,35866.0,5913.0,2876.0,1001.0,743.0,346.0,198.0,199.0,132.0,210.0,376.0,444.0,4596.0,452.0,2429.0,642.0,2304.0,990.0,23851.0,3741.0,2708.0,945.0,953.0,2161.0,885.0,243.0,488.0,220.0,1105.0,647.0,2999.0,588.0,1413.0,768.0,1518.0,3020.0,24402.0,,,,,,,,,,,,,,,,,,,,,,,,,,,,,,,,,,,,,,,,,,,,,,,,,,,,,,,,,,,,,,,,,,,,,,,,,184.0,154.0,130.0,36.0,96.0,600.0,7308.0,7011.0,5211.0,2979.0,22509.0,12879.0,1188.0,1098.0,1827.0,16992.0,2664.0,639.0,99.0,297.0,3699.0,225.0,9.0,90.0,351.0,90.0,126.0,15858.0,1854.0,1233.0,2223.0,21168.0,8334.0,180.0,531.0,414.0,9459.0,2592.0,54.0,27.0,207.0,2880.0,1215.0,216.0,153.0,1728.0,99.0,18.0,36.0,72.0,225.0,45.0,99.0,36.0,90.0,270.0,12294.0,567.0,783.0,927.0,14571.0,990.0,117.0,144.0,99.0,1350.0,288.0,207.0,0.0,45.0,540.0,234.0,36.0,63.0,45.0,378.0,99.0,18.0,207.0,45.0,117.0,36.0,9.0,207.0,153.0,117.0,18.0,117.0,405.0,1809.0,612.0,297.0,369.0,3087.0,14103.0,1179.0,1080.0,1296.0,17658.0,3960.0,4995.0,837.0,594.0,10386.0,1332.0,162.0,216.0,198.0,1908.0,90.0,54.0,171.0,5382.0,5211.0,1071.0,801.0,12465.0,2619.0,270.0,306.0,108.0,3303.0,459.0,531.0,1179.0,900.0,144.0,54.0,1134.0,549.0,198.0,207.0,189.0,1143.0,54.0,72.0,153.0,162.0,441.0,4581.0,1215.0,864.0,540.0,7200.0,9963.0,6426.0,1935.0,1341.0,19665.0,117.0,108.0,9.0,9.0,243.0,1008.0,1170.0,243.0,855.0,3276.0,846.0,999.0,360.0,2727.0,4932.0,1971.0,2277.0,612.0,3591.0,8451.0,49203.0,18747.0,10071.0,11430.0,89451.0,7130.0,3573.0,9039.0,1569.0,4669.0,451.0,2643.0,1105.0,1109.0,18068.0,7919.0,4053.0
1989-03-31,2210.395,103057.3,59563.0,17376.0,25811.0,29641.0,12802.0,124661.0,14507.0,15688.0,14087.0,14156.0,107479.0,65198.0,5750.0,10327.0,3432.0,817.0,32675.0,32333.0,4295.0,4985.0,3580.0,2300.0,1403.0,2049.0,848.0,2580.0,3202.0,22308.0,5298.0,30162.0,6729.0,14423.0,10975.0,180145.0,13665.0,27644.0,2093.0,2823.0,1260.0,1289.0,898.0,939.0,227.0,496.0,1091.0,14130.0,3488.0,13169.0,4397.0,7246.0,3532.0,98387.0,9039.0,455.0,966.0,906.0,1461.0,349.0,73.0,280.0,121.0,185.0,902.0,1797.0,694.0,12763.0,1104.0,3823.0,3670.0,38588.0,6014.0,2437.0,658.0,893.0,293.0,210.0,278.0,218.0,249.0,390.0,471.0,4275.0,635.0,2424.0,710.0,1841.0,1370.0,23366.0,3957.0,1797.0,578.0,363.0,566.0,452.0,154.0,612.0,251.0,1509.0,738.0,2106.0,481.0,1806.0,518.0,1513.0,2403.0,19804.0,,,,,,,,,,,,,,,,,,,,,,,,,,,,,,,,,,,,,,,,,,,,,,,,,,,,,,,,,,,,,,,,,,,,,,,,,270.0,180.0,97.0,60.0,92.0,699.0,9288.0,9954.0,5004.0,2718.0,26964.0,8991.0,1026.0,1080.0,990.0,12087.0,1809.0,450.0,126.0,414.0,2799.0,225.0,36.0,117.0,414.0,90.0,135.0,11115.0,1521.0,1260.0,1539.0,15435.0,7848.0,144.0,486.0,504.0,8982.0,810.0,81.0,99.0,0.0,990.0,594.0,234.0,135.0,1044.0,99.0,9.0,54.0,99.0,261.0,36.0,81.0,63.0,63.0,243.0,9387.0,549.0,837.0,747.0,11520.0,657.0,99.0,126.0,108.0,990.0,396.0,198.0,18.0,63.0,675.0,216.0,18.0,18.0,108.0,360.0,198.0,18.0,315.0,90.0,180.0,27.0,27.0,324.0,153.0,99.0,18.0,81.0,351.0,1710.0,612.0,252.0,441.0,3015.0,11097.0,1161.0,1089.0,1188.0,14535.0,2682.0,3330.0,423.0,549.0,6984.0,1278.0,117.0,153.0,117.0,1665.0,63.0,54.0,126.0,4023.0,3501.0,576.0,675.0,8775.0,1764.0,180.0,99.0,108.0,2151.0,180.0,198.0,477.0,756.0,135.0,27.0,1017.0,414.0,90.0,162.0,99.0,765.0,63.0,36.0,27.0,9.0,135.0,3177.0,639.0,360.0,369.0,4545.0,7200.0,4140.0,936.0,1044.0,13320.0,27.0,99.0,27.0,9.0,162.0,621.0,1305.0,198.0,828.0,2952.0,945.0,1395.0,324.0,2322.0,4986.0,1593.0,2799.0,549.0,3159.0,8100.0,40293.0,19575.0,8838.0,9648.0,78354.0,23628.0,20146.0,84407.0,7939.0,18348.0,962.0,13871.0,2589.0,5968.0,12712.0,14801.0,5798.0
1989-04-30,2210.215,105123.7,63059.0,13007.0,22174.0,26369.0,14071.0,91610.0,13838.0,19009.0,15017.0,20921.0,162661.0,63014.0,6235.0,10427.0,3573.0,818.0,32994.0,27904.0,3023.0,4185.0,4596.0,1992.0,1100.0,2120.0,833.0,1580.0,3436.0,23951.0,4219.0,22268.0,4609.0,11335.0,9961.0,160106.0,12759.0,23163.0,1355.0,2229.0,2090.0,908.0,677.0,1120.0,170.0,333.0,1179.0,14819.0,2221.0,8472.0,2989.0,5690.0,3604.0,83778.0,9550.0,533.0,648.0,776.0,1291.0,347.0,90.0,272.0,93.0,183.0,1216.0,2660.0,1094.0,10294.0,839.0,2600.0,2699.0,35185.0,5972.0,2401.0,695.0,905.0,706.0,375.0,205.0,182.0,311.0,491.0,523.0,4637.0,556.0,2057.0,618.0,2067.0,1250.0,23951.0,4713.0,1807.0,325.0,275.0,509.0,362.0,128.0,546.0,259.0,573.0,518.0,1835.0,348.0,1445.0,163.0,978.0,2408.0,17192.0,,,,,,,,,,,,,,,,,,,,,,,,,,,,,,,,,,,,,,,,,,,,,,,,,,,,,,,,,,,,,,,,,,,,,,,,,119.0,213.0,95.0,47.0,70.0,544.0,6300.0,6948.0,5256.0,3033.0,21537.0,9279.0,1026.0,1224.0,1080.0,12609.0,1323.0,468.0,153.0,351.0,2295.0,81.0,54.0,27.0,198.0,45.0,90.0,10728.0,1548.0,1422.0,1494.0,15192.0,5913.0,180.0,630.0,477.0,7200.0,576.0,45.0,72.0,90.0,783.0,297.0,108.0,108.0,567.0,72.0,0.0,9.0,63.0,144.0,27.0,45.0,72.0,99.0,243.0,6885.0,387.0,891.0,783.0,8946.0,693.0,171.0,126.0,63.0,1053.0,333.0,297.0,63.0,27.0,720.0,432.0,45.0,18.0,36.0,531.0,216.0,45.0,306.0,54.0,189.0,27.0,63.0,333.0,225.0,171.0,81.0,54.0,531.0,1953.0,918.0,342.0,261.0,3474.0,8838.0,1305.0,1233.0,1044.0,12420.0,1593.0,1935.0,522.0,315.0,4365.0,693.0,108.0,126.0,135.0,1062.0,36.0,27.0,81.0,2322.0,2070.0,657.0,459.0,5508.0,1035.0,72.0,153.0,90.0,1350.0,72.0,108.0,243.0,387.0,108.0,90.0,612.0,270.0,54.0,234.0,72.0,630.0,36.0,18.0,36.0,9.0,99.0,1800.0,360.0,549.0,225.0,2934.0,4122.0,2430.0,1206.0,684.0,8442.0,99.0,45.0,0.0,9.0,153.0,810.0,1233.0,207.0,837.0,3087.0,846.0,1071.0,270.0,2061.0,4248.0,1755.0,2349.0,477.0,2907.0,7488.0,31743.0,14580.0,9594.0,9162.0,65079.0,79188.0,40254.0,120915.0,5630.0,37140.0,3743.0,34365.0,18800.0,29192.0,6933.0,20621.0,10267.0
1989-05-31,3099.2694,130371.3,61974.0,12380.0,21233.0,21336.0,11827.0,93130.0,11586.0,20219.0,15451.0,18061.0,154390.0,66170.0,5962.0,10204.0,3383.0,797.0,39305.0,24736.0,2458.0,4747.0,3037.0,2244.0,757.0,1536.0,653.0,1856.0,3131.0,16197.0,2971.0,12700.0,2957.0,7855.0,9490.0,136630.0,17894.0,21189.0,881.0,3256.0,1531.0,1254.0,419.0,834.0,133.0,210.0,1135.0,9243.0,1367.0,5886.0,1953.0,3958.0,3291.0,74434.0,11340.0,486.0,455.0,685.0,1006.0,343.0,50.0,190.0,105.0,108.0,889.0,1719.0,739.0,4146.0,253.0,1510.0,2617.0,26641.0,5510.0,1517.0,977.0,528.0,231.0,225.0,145.0,242.0,191.0,467.0,432.0,3923.0,407.0,1827.0,528.0,1573.0,1134.0,19857.0,4561.0,1544.0,145.0,278.0,269.0,422.0,143.0,270.0,224.0,1071.0,675.0,1312.0,458.0,841.0,223.0,814.0,2448.0,15698.0,,,,,,,,,,,,,,,,,,,,,,,,,,,,,,,,,,,,,,,,,,,,,,,,,,,,,,,,,,,,,,,,,,,,,,,,,86.0,186.0,72.0,45.0,135.0,524.0,3546.0,6408.0,5364.0,2268.0,17586.0,4392.0,891.0,972.0,801.0,7056.0,783.0,333.0,207.0,252.0,1575.0,144.0,27.0,27.0,216.0,81.0,90.0,5400.0,1251.0,1197.0,1089.0,8937.0,4446.0,63.0,369.0,270.0,5148.0,306.0,36.0,54.0,63.0,459.0,405.0,90.0,81.0,603.0,99.0,9.0,54.0,0.0,162.0,45.0,54.0,108.0,36.0,243.0,5301.0,252.0,666.0,396.0,6615.0,774.0,108.0,117.0,63.0,1062.0,270.0,198.0,27.0,36.0,531.0,252.0,54.0,18.0,36.0,360.0,144.0,18.0,171.0,72.0,144.0,27.0,0.0,243.0,189.0,99.0,72.0,72.0,432.0,1701.0,621.0,270.0,207.0,2799.0,7002.0,873.0,936.0,603.0,9414.0,1017.0,1170.0,504.0,324.0,3015.0,495.0,63.0,72.0,54.0,684.0,63.0,27.0,126.0,1575.0,1260.0,594.0,396.0,3825.0,648.0,72.0,90.0,63.0,873.0,99.0,90.0,234.0,288.0,63.0,27.0,423.0,108.0,45.0,90.0,36.0,279.0,9.0,27.0,63.0,72.0,171.0,1152.0,297.0,306.0,225.0,1980.0,2727.0,1557.0,900.0,621.0,5805.0,27.0,27.0,0.0,0.0,54.0,585.0,936.0,288.0,639.0,2448.0,603.0,909.0,297.0,1809.0,3618.0,1215.0,1872.0,585.0,2448.0,6120.0,19890.0,11961.0,8982.0,7029.0,47862.0,247116.0,57228.0,242990.0,6369.0,22440.0,9396.0,63411.0,39743.0,35973.0,7265.0,29373.0,12035.0
1989-06-30,3468.7778,139400.0,49665.0,9094.0,19955.0,16283.0,7497.0,95521.0,9486.0,13208.0,16662.0,10845.0,61506.0,60399.0,5178.0,9506.0,2844.0,840.0,39449.0,23822.0,3197.0,6627.0,2135.0,3102.0,581.0,888.0,735.0,1931.0,2533.0,19671.0,2124.0,13741.0,2925.0,9656.0,9626.0,142743.0,17228.0,19893.0,1341.0,4839.0,948.0,1923.0,283.0,354.0,157.0,330.0,800.0,11008.0,1110.0,5583.0,1636.0,4400.0,3313.0,75146.0,13051.0,386.0,795.0,767.0,810.0,516.0,100.0,141.0,81.0,201.0,750.0,2590.0,501.0,5014.0,554.0,2437.0,2676.0,31370.0,5493.0,2271.0,828.0,766.0,155.0,143.0,110.0,180.0,201.0,231.0,448.0,3670.0,215.0,1609.0,484.0,1537.0,1303.0,19644.0,3677.0,1272.0,233.0,255.0,222.0,520.0,88.0,213.0,296.0,1169.0,535.0,2403.0,298.0,1535.0,251.0,1282.0,2334.0,16583.0,,,,,,,,,,,,,,,,,,,,,,,,,,,,,,,,,,,,,,,,,,,,,,,,,,,,,,,,,,,,,,,,,,,,,,,,,91.0,232.0,86.0,20.0,47.0,476.0,7524.0,8766.0,4302.0,3231.0,23823.0,5229.0,801.0,954.0,1125.0,8109.0,432.0,261.0,162.0,261.0,1116.0,189.0,18.0,162.0,387.0,9.0,63.0,5859.0,1116.0,1143.0,1557.0,9675.0,4311.0,99.0,720.0,513.0,5643.0,216.0,18.0,27.0,18.0,279.0,423.0,225.0,144.0,1008.0,81.0,9.0,18.0,36.0,144.0,27.0,54.0,63.0,108.0,252.0,5067.0,423.0,972.0,891.0,7353.0,783.0,99.0,126.0,90.0,1098.0,126.0,216.0,63.0,27.0,432.0,81.0,18.0,18.0,18.0,135.0,234.0,54.0,315.0,72.0,126.0,18.0,0.0,216.0,144.0,99.0,27.0,45.0,315.0,1440.0,612.0,252.0,207.0,2511.0,6507.0,1035.0,1224.0,1098.0,9864.0,999.0,945.0,378.0,243.0,2565.0,306.0,72.0,72.0,63.0,513.0,45.0,18.0,99.0,1350.0,1035.0,468.0,324.0,3177.0,261.0,90.0,63.0,117.0,531.0,81.0,54.0,198.0,216.0,90.0,9.0,360.0,225.0,90.0,189.0,153.0,657.0,27.0,36.0,9.0,459.0,531.0,810.0,360.0,324.0,783.0,2277.0,2160.0,1395.0,792.0,1107.0,5454.0,45.0,18.0,0.0,9.0,72.0,549.0,747.0,198.0,720.0,2214.0,720.0,1152.0,306.0,1827.0,4005.0,1314.0,1917.0,504.0,2556.0,6291.0,23364.0,14229.0,7965.0,9549.0,55107.0,293331.0,51966.0,205016.0,8502.0,44817.0,12193.0,65746.0,55055.0,36801.0,6064.0,45360.0,13558.0
1989-07-31,6482.9252,162441.1,43538.0,10214.0,18770.0,19123.0,7020.0,80243.0,12415.0,10117.0,9292.0,11390.0,79382.0,57134.0,4447.0,8492.0,2711.0,799.0,45911.0,29433.0,6818.0,3561.0,3595.0,2903.0,1424.0,1131.0,947.0,1107.0,2476.0,21555.0,3882.0,18917.0,5299.0,14914.0,11531.0,175404.0,22062.0,24202.0,3449.0,1539.0,1624.0,1340.0,922.0,291.0,200.0,346.0,679.0,11383.0,1666.0,7930.0,3471.0,7390.0,3763.0,92257.0,13042.0,888.0,1865.0,566.0,719.0,378.0,90.0,192.0,162.0,242.0,575.0,3135.0,1454.0,7511.0,841.0,4453.0,3452.0,39565.0,6220.0,2629.0,746.0,699.0,374.0,170.0,129.0,259.0,201.0,341.0,463.0,3748.0,345.0,1565.0,528.0,1387.0,1134.0,20938.0,4587.0,1714.0,758.0,757.0,878.0,1015.0,283.0,389.0,384.0,178.0,759.0,3289.0,417.0,1911.0,459.0,1684.0,3182.0,22644.0,,,,,,,,,,,,,,,,,,,,,,,,,,,,,,,,,,,,,,,,,,,,,,,,,,,,,,,,,,,,,,,,,,,,,,,,,271.0,215.0,123.0,3.0,116.0,728.0,8410.0,7020.0,5050.0,3140.0,23620.0,6260.0,1100.0,900.0,990.0,9250.0,1070.0,440.0,80.0,370.0,1960.0,170.0,20.0,40.0,240.0,60.0,130.0,7560.0,1600.0,1000.0,1420.0,11580.0,6420.0,200.0,670.0,760.0,8050.0,670.0,40.0,80.0,80.0,870.0,1130.0,320.0,210.0,1770.0,100.0,0.0,30.0,40.0,170.0,10.0,90.0,60.0,70.0,230.0,8330.0,650.0,1050.0,1060.0,11090.0,240.0,70.0,90.0,80.0,480.0,210.0,100.0,30.0,30.0,370.0,50.0,30.0,60.0,20.0,160.0,240.0,20.0,280.0,70.0,140.0,30.0,40.0,280.0,130.0,130.0,20.0,40.0,320.0,940.0,490.0,230.0,230.0,1890.0,9270.0,1140.0,1280.0,1290.0,12980.0,1740.0,1530.0,510.0,390.0,4170.0,460.0,70.0,60.0,120.0,710.0,50.0,20.0,70.0,2250.0,1620.0,570.0,510.0,4950.0,800.0,200.0,80.0,130.0,1210.0,110.0,260.0,380.0,180.0,40.0,40.0,300.0,320.0,170.0,170.0,130.0,790.0,10.0,10.0,80.0,310.0,410.0,1420.0,680.0,380.0,610.0,3090.0,3670.0,2300.0,950.0,1120.0,8040.0,20.0,90.0,10.0,0.0,120.0,870.0,670.0,120.0,770.0,2430.0,840.0,1040.0,290.0,2070.0,4240.0,1730.0,1800.0,420.0,2840.0,6790.0,30640.0,13860.0,8700.0,9810.0,63010.0,298316.0,87889.0,279684.0,16838.0,104373.0,14368.0,89623.0,48319.0,36999.0,7725.0,47095.0,14614.0
1989-08-31,6665.485,198709.2,38435.0,7818.0,17074.0,19054.0,6723.0,99907.0,17129.0,12774.0,9859.0,11414.0,87785.0,57712.0,4798.0,8864.0,2719.0,834.0,46328.0,31251.0,6232.0,3095.0,2448.0,1596.0,1627.0,1043.0,929.0,1230.0,2424.0,18963.0,3218.0,14325.0,3679.0,12287.0,10814.0,161489.0,23900.0,26792.0,3484.0,1890.0,1013.0,672.0,1055.0,290.0,323.0,447.0,820.0,10037.0,1698.0,5880.0,2407.0,6489.0,3601.0,90798.0,12461.0,736.0,1258.0,529.0,802.0,286.0,151.0,146.0,164.0,266.0,661.0,2478.0,703.0,5318.0,494.0,3027.0,3146.0,32626.0,5515.0,1879.0,949.0,433.0,291.0,180.0,204.0,244.0,182.0,251.0,387.0,4410.0,479.0,1637.0,367.0,1246.0,1164.0,19818.0,4452.0,1844.0,541.0,243.0,342.0,458.0,217.0,363.0,260.0,266.0,556.0,2038.0,338.0,1490.0,411.0,1525.0,2903.0,18247.0,,,,,,,,,,,,,,,,,,,,,,,,,,,,,,,,,,,,,,,,,,,,,,,,,,,,,,,,,,,,,,,,,,,,,,,,,140.0,117.0,86.0,12.0,79.0,434.0,9229.0,7117.0,5412.0,3784.0,25542.0,6336.0,924.0,913.0,1375.0,9548.0,770.0,451.0,99.0,440.0,1760.0,110.0,22.0,22.0,187.0,88.0,121.0,7304.0,1408.0,1056.0,1848.0,11616.0,6820.0,209.0,352.0,341.0,7722.0,704.0,66.0,88.0,99.0,957.0,1958.0,352.0,187.0,2717.0,121.0,22.0,22.0,33.0,198.0,11.0,77.0,55.0,11.0,154.0,9636.0,726.0,704.0,704.0,11770.0,330.0,143.0,44.0,33.0,550.0,165.0,132.0,55.0,77.0,429.0,77.0,55.0,22.0,44.0,198.0,77.0,22.0,121.0,55.0,176.0,11.0,44.0,286.0,143.0,66.0,0.0,88.0,297.0,847.0,594.0,132.0,308.0,1881.0,10483.0,1320.0,836.0,1012.0,13651.0,1540.0,1452.0,396.0,528.0,3916.0,253.0,55.0,33.0,55.0,396.0,77.0,22.0,110.0,1870.0,1529.0,429.0,594.0,4422.0,605.0,44.0,154.0,132.0,935.0,154.0,110.0,319.0,176.0,55.0,33.0,297.0,484.0,88.0,33.0,99.0,704.0,22.0,22.0,33.0,11.0,88.0,1441.0,319.0,264.0,319.0,2343.0,3311.0,1848.0,693.0,913.0,6765.0,55.0,33.0,22.0,0.0,110.0,814.0,1100.0,264.0,803.0,2981.0,836.0,1199.0,297.0,1892.0,4224.0,1705.0,2332.0,583.0,2695.0,7315.0,32032.0,14025.0,8580.0,10252.0,64889.0,272423.0,115195.0,315532.0,26122.0,226598.0,12963.0,63128.0,39641.0,45097.0,9880.0,35957.0,15733.0
1989-09-30,4006.3619,154935.7,43107.0,8683.0,23715.0,18527.0,8264.0,93864.0,11313.0,13460.0,15027.0,13954.0,84467.0,59424.0,5619.0,9598.0,2901.0,714.0,36271.0,27709.0,3304.0,4751.0,2935.0,2017.0,1222.0,1148.0,838.0,1101.0,2863.0,20350.0,3657.0,13663.0,5170.0,12040.0,10835.0,149874.0,15839.0,23490.0,1355.0,3232.0,1137.0,732.0,791.0,515.0,204.0,235.0,607.0,11597.0,2122.0,5918.0,3305.0,5807.0,3411.0,80297.0,10484.0,476.0,789.0,575.0,985.0,436.0,70.0,135.0,80.0,141.0,1087.0,1699.0,691.0,4549.0,975.0,2728.0,3473.0,29373.0,6120.0,1866.0,669.0,611.0,345.0,394.0,161.0,161.0,314.0,413.0,526.0,5355.0,445.0,1753.0,607.0,2183.0,1331.0,23254.0,3828.0,1877.0,491.0,333.0,468.0,455.0,200.0,337.0,240.0,312.0,643.0,1699.0,399.0,1443.0,283.0,1322.0,2620.0,16950.0,,,,,,,,,,,,,,,,,,,,,,,,,,,,,,,,,,,,,,,,,,,,,,,,,,,,,,,,,,,,,,,,,,,,,,,,,171.0,218.0,198.0,42.0,103.0,732.0,13541.0,7865.0,4576.0,4972.0,30954.0,7403.0,682.0,1067.0,1023.0,10175.0,1056.0,220.0,88.0,297.0,1661.0,198.0,11.0,44.0,264.0,22.0,66.0,8679.0,924.0,1188.0,1375.0,12166.0,6633.0,66.0,506.0,836.0,8041.0,627.0,55.0,66.0,99.0,847.0,605.0,198.0,154.0,1034.0,77.0,0.0,33.0,22.0,132.0,55.0,33.0,66.0,11.0,165.0,7997.0,352.0,825.0,1045.0,10219.0,638.0,88.0,132.0,55.0,913.0,253.0,88.0,22.0,77.0,440.0,110.0,11.0,11.0,55.0,187.0,66.0,33.0,209.0,55.0,176.0,0.0,22.0,253.0,132.0,132.0,22.0,99.0,385.0,1254.0,528.0,231.0,374.0,2387.0,9251.0,880.0,1056.0,1419.0,12606.0,1111.0,1089.0,506.0,352.0,3058.0,385.0,33.0,154.0,121.0,693.0,22.0,0.0,22.0,1518.0,1122.0,660.0,473.0,3773.0,979.0,99.0,110.0,132.0,1320.0,88.0,77.0,220.0,506.0,88.0,22.0,638.0,264.0,44.0,143.0,88.0,539.0,33.0,33.0,33.0,22.0,121.0,1870.0,341.0,341.0,286.0,2838.0,3388.0,1463.0,1001.0,759.0,6611.0,22.0,66.0,22.0,0.0,110.0,605.0,1001.0,154.0,770.0,2530.0,1155.0,1089.0,319.0,2277.0,4840.0,1782.0,2156.0,495.0,3047.0,7480.0,36641.0,13288.0,8316.0,11572.0,69817.0,258122.0,64333.0,230738.0,14052.0,65254.0,9883.0,54235.0,36948.0,37853.0,6357.0,27503.0,13031.0
1989-10-31,2882.3349,151893.3,62321.0,14401.0,24049.0,28495.0,12659.0,88264.0,14365.0,13536.0,14668.0,20255.0,92423.0,58409.0,6586.0,10463.0,3333.0,819.0,39396.0,26251.0,3660.0,4218.0,4222.0,2107.0,2356.0,2348.0,833.0,1242.0,2659.0,23749.0,5115.0,24345.0,6692.0,14967.0,9901.0,174061.0,18981.0,21117.0,1407.0,2652.0,1824.0,868.0,1694.0,1530.0,191.0,559.0,732.0,15948.0,3450.0,10777.0,4470.0,7928.0,3434.0,97562.0,10897.0,238.0,737.0,584.0,1487.0,341.0,179.0,170.0,123.0,164.0,826.0,1799.0,790.0,9518.0,1066.0,3404.0,2775.0,35098.0,6207.0,2712.0,968.0,558.0,374.0,397.0,160.0,314.0,255.0,312.0,364.0,4710.0,488.0,2310.0,792.0,2326.0,1439.0,24686.0,3311.0,2184.0,548.0,424.0,537.0,501.0,323.0,334.0,264.0,207.0,737.0,1292.0,387.0,1740.0,364.0,1309.0,2253.0,16715.0,,,,,,,,,,,,,,,,,,,,,,,,,,,,,,,,,,,,,,,,,,,,,,,,,,,,,,,,,,,,,,,,,,,,,,,,,152.0,173.0,107.0,32.0,139.0,603.0,6952.0,6600.0,4895.0,3608.0,22055.0,10307.0,847.0,1265.0,1815.0,14234.0,1969.0,374.0,165.0,385.0,2893.0,220.0,11.0,33.0,286.0,154.0,154.0,12650.0,1232.0,1452.0,2233.0,17567.0,6490.0,121.0,671.0,484.0,7766.0,1056.0,88.0,66.0,121.0,1331.0,781.0,209.0,187.0,1276.0,88.0,22.0,99.0,66.0,275.0,22.0,0.0,33.0,33.0,88.0,8448.0,440.0,1056.0,803.0,10747.0,682.0,66.0,110.0,110.0,968.0,473.0,231.0,77.0,154.0,935.0,550.0,22.0,0.0,33.0,605.0,297.0,44.0,440.0,88.0,99.0,22.0,11.0,220.0,99.0,132.0,22.0,154.0,407.0,2189.0,594.0,264.0,528.0,3575.0,10637.0,1034.0,1320.0,1331.0,14322.0,2255.0,2453.0,693.0,429.0,5830.0,869.0,99.0,176.0,154.0,1298.0,11.0,44.0,99.0,3135.0,2596.0,902.0,594.0,7227.0,1958.0,209.0,187.0,154.0,2508.0,176.0,253.0,506.0,594.0,88.0,44.0,770.0,693.0,55.0,154.0,176.0,1078.0,11.0,11.0,11.0,33.0,66.0,3432.0,616.0,429.0,451.0,4928.0,6567.0,3212.0,1331.0,1045.0,12155.0,22.0,77.0,0.0,0.0,99.0,902.0,1056.0,385.0,1056.0,3399.0,825.0,957.0,165.0,2728.0,4675.0,1749.0,2090.0,550.0,3784.0,8173.0,38555.0,14168.0,9548.0,12001.0,74272.0,122973.0,22726.0,129150.0,9464.0,21610.0,4253.0,31889.0,15571.0,23524.0,5769.0,21241.0,7683.0
1989-11-30,1775.2499,76786.91,56141.0,15375.0,19224.0,27553.0,11908.0,93113.0,14974.0,12528.0,15741.0,14365.0,74838.0,58534.0,5642.0,9811.0,3052.0,798.0,41611.0,29155.0,3707.0,8321.0,5825.0,1846.0,3026.0,1296.0,923.0,2377.0,2727.0,22524.0,6091.0,26084.0,5973.0,19524.0,11684.0,192694.0,19570.0,24628.0,1594.0,5829.0,3302.0,750.0,2328.0,567.0,282.0,511.0,720.0,14145.0,3919.0,11088.0,3733.0,9839.0,3553.0,106358.0,11705.0,454.0,922.0,1226.0,1589.0,399.0,120.0,201.0,94.0,134.0,885.0,2088.0,1250.0,10306.0,957.0,5643.0,4369.0,42342.0,6931.0,2746.0,806.0,983.0,474.0,225.0,281.0,269.0,268.0,510.0,459.0,4281.0,549.0,2889.0,930.0,2624.0,1282.0,26507.0,3405.0,1327.0,385.0,283.0,460.0,472.0,297.0,259.0,279.0,1222.0,663.0,2010.0,373.0,1801.0,353.0,1418.0,2480.0,17487.0,,,,,,,,,,,,,,,,,,,,,,,,,,,,,,,,,,,,,,,,,,,,,,,,,,,,,,,,,,,,,,,,,,,,,,,,,193.0,180.0,118.0,23.0,109.0,623.0,7660.0,8240.0,5650.0,3400.0,24950.0,10540.0,1050.0,1220.0,1110.0,13920.0,2670.0,620.0,190.0,410.0,3890.0,160.0,0.0,70.0,290.0,150.0,230.0,13520.0,1690.0,1510.0,1610.0,18330.0,8800.0,80.0,510.0,550.0,9940.0,1570.0,70.0,60.0,180.0,1880.0,780.0,240.0,250.0,1340.0,90.0,30.0,70.0,20.0,210.0,20.0,40.0,120.0,60.0,240.0,11280.0,480.0,1010.0,880.0,13650.0,2180.0,150.0,160.0,70.0,2560.0,600.0,340.0,10.0,60.0,1010.0,190.0,50.0,20.0,70.0,330.0,150.0,90.0,330.0,40.0,130.0,20.0,20.0,210.0,140.0,90.0,30.0,150.0,410.0,3300.0,850.0,270.0,430.0,4850.0,14580.0,1330.0,1280.0,1310.0,18500.0,3160.0,3380.0,720.0,480.0,7740.0,1380.0,120.0,160.0,80.0,1740.0,50.0,50.0,110.0,4590.0,3550.0,880.0,570.0,9590.0,2790.0,270.0,170.0,120.0,3350.0,360.0,460.0,950.0,830.0,130.0,40.0,1040.0,920.0,240.0,320.0,350.0,1830.0,50.0,80.0,10.0,10.0,150.0,4950.0,1180.0,600.0,590.0,7320.0,9540.0,4730.0,1480.0,1160.0,16910.0,80.0,140.0,10.0,10.0,240.0,900.0,1160.0,310.0,930.0,3300.0,1260.0,1100.0,340.0,2420.0,5120.0,2240.0,2400.0,660.0,3360.0,8660.0,47540.0,18390.0,10580.0,10840.0,87350.0,15205.0,5934.0,17391.0,3179.0,8620.0,490.0,4216.0,1339.0,1352.0,7124.0,10874.0,5383.0
1989-12-31,2171.6498,79548.9,50829.0,15515.0,23132.0,22432.0,8960.0,105590.0,14845.0,13197.0,20682.0,17461.0,82135.0,67312.0,5500.0,10156.0,2944.0,784.0,45014.0,35121.0,6340.0,12569.0,3596.0,4497.0,2480.0,1136.0,1239.0,9334.0,3568.0,21488.0,5391.0,42646.0,8552.0,24686.0,19770.0,247427.0,18572.0,29714.0,3728.0,9809.0,1586.0,3232.0,2177.0,684.0,478.0,793.0,1391.0,11604.0,2758.0,15255.0,5636.0,12518.0,8173.0,128108.0,19353.0,1524.0,1737.0,2036.0,1575.0,784.0,122.0,162.0,357.0,281.0,1383.0,5780.0,2117.0,23867.0,2219.0,9868.0,7772.0,80937.0,3576.0,2225.0,450.0,442.0,160.0,163.0,139.0,70.0,163.0,430.0,309.0,2344.0,137.0,1062.0,287.0,929.0,920.0,13806.0,3513.0,1658.0,425.0,282.0,275.0,318.0,42.0,220.0,241.0,7830.0,485.0,1760.0,379.0,2462.0,410.0,1371.0,2905.0,24576.0,,,,,,,,,,,,,,,,,,,,,,,,,,,,,,,,,,,,,,,,,,,,,,,,,,,,,,,,,,,,,,,,,,,,,,,,,372.0,341.0,376.0,171.0,186.0,1446.0,17666.0,25619.0,3872.0,3267.0,50424.0,7403.0,2596.0,726.0,880.0,11605.0,1738.0,1045.0,99.0,440.0,3322.0,275.0,66.0,66.0,440.0,99.0,165.0,9515.0,3740.0,869.0,1408.0,15532.0,8822.0,418.0,418.0,748.0,10406.0,1518.0,66.0,99.0,110.0,1793.0,1067.0,429.0,121.0,1727.0,99.0,33.0,11.0,242.0,385.0,66.0,44.0,55.0,11.0,176.0,11594.0,990.0,704.0,1221.0,14509.0,2662.0,220.0,0.0,99.0,2981.0,550.0,352.0,33.0,55.0,990.0,341.0,66.0,22.0,55.0,484.0,1001.0,143.0,1232.0,88.0,110.0,33.0,66.0,297.0,209.0,165.0,33.0,55.0,462.0,4851.0,1056.0,187.0,352.0,6446.0,16445.0,2046.0,891.0,1573.0,20955.0,3861.0,8404.0,341.0,781.0,13387.0,1144.0,341.0,121.0,121.0,1727.0,44.0,165.0,220.0,5049.0,8910.0,462.0,913.0,15334.0,2475.0,473.0,66.0,132.0,3146.0,561.0,660.0,1298.0,1144.0,319.0,11.0,1540.0,528.0,341.0,88.0,121.0,1078.0,55.0,132.0,55.0,121.0,363.0,4763.0,1925.0,264.0,473.0,7425.0,9812.0,10835.0,726.0,1386.0,22759.0,55.0,187.0,11.0,0.0,253.0,2552.0,3102.0,187.0,1210.0,7051.0,2101.0,2629.0,253.0,4136.0,9119.0,4708.0,5918.0,451.0,5346.0,16423.0,58146.0,48158.0,6809.0,12980.0,126093.0,8215.0,5690.0,13134.0,2441.0,10667.0,334.0,2985.0,1490.0,1022.0,7975.0,9213.0,5086.0
1990-01-31,1796.475,109728.2,42544.0,12764.0,23787.0,19053.0,8128.0,108412.0,21815.0,9367.0,10079.0,12339.0,76320.0,54790.0,5573.0,9416.0,2531.0,730.0,22034.0,38232.0,7791.0,4878.0,3770.0,2330.0,3160.0,1201.0,1163.0,4428.0,2754.0,19049.0,5137.0,22188.0,6311.0,16404.0,15429.0,176259.0,8909.0,32390.0,4168.0,3037.0,1773.0,968.0,2528.0,539.0,462.0,515.0,736.0,10883.0,3081.0,9952.0,4236.0,9512.0,6533.0,100222.0,5789.0,638.0,1535.0,684.0,543.0,373.0,241.0,118.0,219.0,180.0,768.0,2755.0,900.0,8235.0,1195.0,3452.0,3680.0,31305.0,3542.0,2800.0,605.0,562.0,186.0,145.0,60.0,147.0,160.0,232.0,186.0,3036.0,324.0,1908.0,408.0,1496.0,992.0,16789.0,3794.0,2404.0,1483.0,595.0,1268.0,844.0,331.0,397.0,322.0,3501.0,1064.0,2375.0,832.0,2093.0,472.0,1944.0,4224.0,27943.0,,,,,,,,,,,,,,,,,,,,,,,,,,,,,,,,,,,,,,,,,,,,,,,,,,,,,,,,,,,,,,,,,,,,,,,,,350.0,342.0,126.0,44.0,93.0,955.0,13320.0,9012.0,3840.0,4836.0,31008.0,9060.0,984.0,804.0,1092.0,11940.0,2520.0,744.0,456.0,1056.0,4776.0,240.0,84.0,72.0,420.0,120.0,264.0,11940.0,1848.0,1296.0,2316.0,17400.0,7884.0,204.0,600.0,804.0,9492.0,1248.0,96.0,36.0,180.0,1560.0,1392.0,252.0,60.0,1980.0,228.0,12.0,84.0,516.0,840.0,36.0,12.0,12.0,12.0,72.0,10800.0,576.0,792.0,1824.0,13992.0,1044.0,96.0,60.0,72.0,1272.0,312.0,156.0,12.0,156.0,636.0,132.0,48.0,0.0,36.0,216.0,204.0,12.0,276.0,24.0,108.0,12.0,168.0,312.0,156.0,120.0,36.0,396.0,708.0,1872.0,540.0,132.0,876.0,3420.0,12672.0,1116.0,924.0,2700.0,17412.0,3960.0,4320.0,708.0,1464.0,10452.0,1584.0,264.0,84.0,276.0,2208.0,0.0,36.0,84.0,5544.0,4620.0,816.0,1764.0,12744.0,2460.0,348.0,120.0,204.0,3132.0,348.0,624.0,1104.0,1080.0,132.0,24.0,1296.0,612.0,264.0,144.0,168.0,1188.0,24.0,72.0,648.0,420.0,1164.0,4524.0,1440.0,996.0,924.0,7884.0,10068.0,6060.0,1812.0,2688.0,20628.0,84.0,108.0,0.0,24.0,216.0,1896.0,1224.0,216.0,1308.0,4644.0,1224.0,1068.0,348.0,4284.0,6924.0,3204.0,2400.0,564.0,5616.0,11784.0,51204.0,20436.0,8436.0,18156.0,98232.0,6963.0,4218.0,8322.0,1299.0,5732.0,353.0,3321.0,1155.0,467.0,8789.0,9035.0,5142.0
1990-02-28,1692.3498,88898.58,42302.0,12913.0,16323.0,21203.0,8734.0,107780.0,16030.0,10388.0,11627.0,12984.0,89835.0,52678.0,6019.0,10048.0,2828.0,761.0,21572.0,39731.0,5518.0,4626.0,4970.0,2792.0,4997.0,1557.0,1139.0,2450.0,3239.0,24052.0,5068.0,32457.0,8374.0,18204.0,12001.0,192747.0,7186.0,33885.0,2100.0,1497.0,1281.0,828.0,4176.0,615.0,314.0,855.0,721.0,13793.0,3068.0,13814.0,5787.0,9942.0,4191.0,104053.0,5915.0,517.0,931.0,750.0,680.0,473.0,141.0,203.0,257.0,318.0,900.0,2314.0,1142.0,14308.0,1064.0,4713.0,3246.0,37872.0,5237.0,3454.0,784.0,747.0,264.0,380.0,210.0,193.0,234.0,307.0,594.0,5030.0,428.0,2292.0,742.0,1992.0,1252.0,24140.0,3234.0,1875.0,1703.0,1632.0,2745.0,1111.0,470.0,546.0,334.0,970.0,1024.0,2915.0,430.0,2043.0,781.0,1557.0,3312.0,26682.0,,,,,,,,,,,,,,,,,,,,,,,,,,,,,,,,,,,,,,,,,,,,,,,,,,,,,,,,,,,,,,,,,,,,,,,,,226.0,224.0,138.0,94.0,161.0,843.0,8720.0,8860.0,4860.0,2730.0,25170.0,10580.0,1350.0,1250.0,1320.0,14500.0,2650.0,470.0,160.0,310.0,3590.0,190.0,20.0,50.0,280.0,90.0,140.0,13510.0,1870.0,1430.0,1700.0,18510.0,9040.0,210.0,580.0,730.0,10560.0,2360.0,90.0,100.0,320.0,2870.0,600.0,210.0,140.0,1100.0,230.0,10.0,130.0,230.0,600.0,80.0,70.0,100.0,60.0,310.0,12340.0,590.0,1060.0,1490.0,15480.0,340.0,100.0,90.0,50.0,580.0,400.0,280.0,70.0,50.0,800.0,120.0,30.0,10.0,60.0,220.0,200.0,40.0,270.0,60.0,70.0,40.0,30.0,200.0,210.0,150.0,40.0,230.0,630.0,1330.0,670.0,270.0,430.0,2700.0,13670.0,1260.0,1330.0,1920.0,18180.0,4370.0,6090.0,880.0,750.0,12090.0,1380.0,170.0,240.0,170.0,1960.0,120.0,50.0,220.0,5870.0,6310.0,1120.0,970.0,14270.0,3370.0,370.0,170.0,120.0,4030.0,520.0,620.0,1260.0,1190.0,130.0,20.0,1390.0,610.0,200.0,190.0,170.0,1170.0,40.0,40.0,360.0,120.0,560.0,5730.0,1360.0,840.0,480.0,8410.0,11600.0,7670.0,1960.0,1450.0,22680.0,50.0,70.0,10.0,20.0,150.0,950.0,1000.0,420.0,890.0,3260.0,1160.0,940.0,290.0,3260.0,5650.0,2160.0,2010.0,720.0,4170.0,9060.0,49660.0,21670.0,10300.0,11970.0,93600.0,4510.0,3442.0,7324.0,1214.0,5324.0,374.0,2502.0,1205.0,636.0,21774.0,8577.0,4357.0
1990-03-31,1949.7851,82404.9,51261.0,15718.0,20438.0,26916.0,11312.0,116818.0,14981.0,11407.0,15647.0,16302.0,104145.0,58895.0,6506.0,10162.0,3068.0,781.0,31978.0,41691.0,3977.0,5786.0,3989.0,2443.0,2806.0,2054.0,909.0,1506.0,3153.0,24536.0,5184.0,26540.0,6534.0,15653.0,10364.0,189103.0,11952.0,36267.0,1766.0,3613.0,1898.0,1342.0,2058.0,746.0,267.0,317.0,715.0,14141.0,2868.0,11279.0,4435.0,7906.0,3527.0,105097.0,10003.0,484.0,911.0,739.0,1275.0,382.0,180.0,363.0,74.0,153.0,1219.0,2872.0,1356.0,9411.0,818.0,3590.0,3186.0,37016.0,6287.0,2809.0,802.0,991.0,432.0,318.0,297.0,244.0,375.0,313.0,498.0,5358.0,662.0,3621.0,881.0,2671.0,1299.0,27858.0,3736.0,2131.0,498.0,443.0,384.0,401.0,271.0,701.0,193.0,723.0,721.0,2165.0,298.0,2229.0,400.0,1486.0,2352.0,19132.0,,,,,,,,,,,,,,,,,,,,,,,,,,,,,,,,,,,,,,,,,,,,,,,,,,,,,,,,,,,,,,,,,,,,,,,,,150.0,201.0,105.0,48.0,140.0,644.0,10460.0,10690.0,6030.0,3610.0,30790.0,10100.0,1410.0,1340.0,1150.0,14000.0,2160.0,610.0,150.0,510.0,3430.0,150.0,10.0,10.0,180.0,120.0,150.0,12530.0,2030.0,1520.0,1680.0,17760.0,8740.0,220.0,520.0,900.0,10380.0,1010.0,80.0,60.0,160.0,1310.0,440.0,200.0,230.0,970.0,60.0,0.0,30.0,70.0,160.0,30.0,60.0,80.0,70.0,240.0,10280.0,560.0,920.0,1300.0,13060.0,840.0,130.0,160.0,120.0,1250.0,390.0,220.0,20.0,30.0,660.0,230.0,60.0,80.0,120.0,490.0,290.0,40.0,340.0,70.0,160.0,60.0,40.0,330.0,140.0,200.0,40.0,80.0,460.0,1960.0,810.0,370.0,390.0,3530.0,12240.0,1370.0,1290.0,1690.0,16590.0,3420.0,3070.0,890.0,560.0,7940.0,1030.0,120.0,210.0,150.0,1510.0,90.0,70.0,160.0,4540.0,3260.0,1100.0,710.0,9610.0,1860.0,120.0,320.0,180.0,2480.0,190.0,200.0,580.0,990.0,130.0,30.0,1250.0,370.0,100.0,180.0,220.0,870.0,40.0,20.0,80.0,30.0,170.0,3450.0,570.0,720.0,610.0,5350.0,7990.0,3830.0,1820.0,1320.0,14960.0,20.0,140.0,20.0,10.0,190.0,610.0,890.0,310.0,610.0,2420.0,1280.0,1160.0,310.0,2660.0,5410.0,1910.0,2190.0,640.0,3280.0,8020.0,45130.0,20110.0,11300.0,11580.0,88120.0,43895.0,11878.0,64270.0,3095.0,29685.0,567.0,4398.0,1857.0,1572.0,13254.0,12263.0,5509.0
1990-04-30,2680.6301,101708.7,51280.0,12470.0,21054.0,24709.0,11712.0,92380.0,13406.0,24885.0,17465.0,28018.0,153777.0,59724.0,6572.0,10717.0,3098.0,823.0,35401.0,34969.0,4754.0,5625.0,4571.0,3250.0,2261.0,2658.0,1123.0,3721.0,3848.0,20442.0,3627.0,27084.0,5915.0,10565.0,11265.0,181079.0,14999.0,30332.0,2260.0,3609.0,2533.0,2048.0,1660.0,1650.0,267.0,230.0,1218.0,11509.0,1991.0,11404.0,4337.0,5439.0,3971.0,99457.0,11280.0,887.0,1461.0,1011.0,1361.0,447.0,90.0,340.0,152.0,181.0,1304.0,2604.0,843.0,12424.0,715.0,2666.0,2955.0,40721.0,5613.0,1933.0,552.0,693.0,210.0,265.0,190.0,228.0,395.0,355.0,591.0,4735.0,362.0,1756.0,533.0,1526.0,1117.0,21054.0,3509.0,1817.0,481.0,312.0,467.0,490.0,321.0,440.0,309.0,2955.0,735.0,1594.0,431.0,1500.0,330.0,934.0,3222.0,19847.0,,,,,,,,,,,,,,,,,,,,,,,,,,,,,,,,,,,,,,,,,,,,,,,,,,,,,,,,,,,,,,,,,,,,,,,,,141.0,177.0,79.0,19.0,99.0,515.0,10008.0,10341.0,4878.0,3735.0,28962.0,7704.0,936.0,1152.0,1071.0,10863.0,1314.0,450.0,153.0,567.0,2484.0,153.0,45.0,36.0,288.0,63.0,216.0,9234.0,1449.0,1359.0,1809.0,13851.0,5859.0,189.0,585.0,513.0,7146.0,828.0,45.0,81.0,162.0,1116.0,747.0,162.0,171.0,1458.0,90.0,9.0,54.0,54.0,207.0,27.0,27.0,117.0,54.0,225.0,7578.0,432.0,1008.0,1170.0,10188.0,702.0,99.0,117.0,135.0,1053.0,540.0,333.0,45.0,234.0,1152.0,477.0,81.0,36.0,108.0,702.0,414.0,45.0,531.0,27.0,81.0,36.0,90.0,234.0,153.0,135.0,18.0,108.0,414.0,2313.0,774.0,288.0,711.0,4086.0,9891.0,1206.0,1296.0,1881.0,14274.0,2295.0,3276.0,486.0,774.0,6831.0,855.0,72.0,108.0,117.0,1152.0,63.0,72.0,144.0,3213.0,3420.0,594.0,900.0,8127.0,1899.0,162.0,54.0,144.0,2259.0,99.0,108.0,324.0,540.0,99.0,63.0,738.0,270.0,54.0,117.0,144.0,585.0,18.0,81.0,0.0,36.0,135.0,2826.0,504.0,261.0,450.0,4041.0,6039.0,3924.0,855.0,1350.0,12168.0,63.0,81.0,9.0,9.0,162.0,1098.0,1197.0,351.0,846.0,3492.0,1161.0,1197.0,270.0,2601.0,5229.0,2322.0,2475.0,630.0,3456.0,8883.0,37494.0,19395.0,9018.0,12231.0,78138.0,56666.0,50892.0,164805.0,4906.0,53897.0,4491.0,38665.0,22164.0,28105.0,8168.0,21207.0,9665.0
1990-05-31,2645.95,112285.4,49238.0,12089.0,18377.0,20301.0,8827.0,92834.0,12925.0,20854.0,17379.0,20027.0,137312.0,62400.0,6165.0,9595.0,2944.0,741.0,37075.0,33910.0,2628.0,5133.0,4441.0,1921.0,1461.0,1695.0,1019.0,3034.0,3468.0,16801.0,3424.0,13246.0,3722.0,7786.0,9135.0,149899.0,17513.0,29402.0,1273.0,3377.0,2550.0,886.0,1024.0,1038.0,249.0,231.0,1376.0,8598.0,1493.0,5548.0,2640.0,3651.0,3180.0,84029.0,10038.0,278.0,547.0,717.0,1249.0,336.0,113.0,153.0,130.0,151.0,864.0,2295.0,1085.0,4201.0,342.0,1612.0,2479.0,26590.0,5531.0,1920.0,549.0,715.0,344.0,279.0,150.0,237.0,314.0,394.0,534.0,4124.0,553.0,2086.0,525.0,1540.0,1396.0,21191.0,3993.0,2310.0,259.0,324.0,298.0,420.0,174.0,267.0,326.0,2258.0,694.0,1784.0,293.0,1411.0,215.0,983.0,2080.0,18089.0,,,,,,,,,,,,,,,,,,,,,,,,,,,,,,,,,,,,,,,,,,,,,,,,,,,,,,,,,,,,,,,,,,,,,,,,,121.0,204.0,91.0,9.0,103.0,528.0,4905.0,6732.0,5103.0,3492.0,20232.0,5220.0,891.0,1242.0,972.0,8325.0,774.0,306.0,189.0,450.0,1719.0,189.0,9.0,63.0,297.0,63.0,135.0,6246.0,1260.0,1476.0,1494.0,10476.0,5175.0,117.0,324.0,369.0,5985.0,369.0,108.0,72.0,36.0,585.0,288.0,108.0,144.0,657.0,162.0,0.0,45.0,45.0,252.0,0.0,36.0,72.0,63.0,171.0,5994.0,378.0,657.0,630.0,7659.0,837.0,63.0,108.0,45.0,1053.0,666.0,189.0,45.0,63.0,963.0,450.0,63.0,27.0,45.0,585.0,108.0,27.0,171.0,54.0,45.0,18.0,9.0,126.0,108.0,126.0,18.0,81.0,333.0,2223.0,513.0,225.0,270.0,3231.0,8217.0,891.0,882.0,900.0,10890.0,1818.0,1665.0,621.0,540.0,4644.0,387.0,81.0,81.0,117.0,666.0,27.0,9.0,45.0,2232.0,1755.0,711.0,657.0,5355.0,675.0,81.0,117.0,108.0,981.0,63.0,54.0,171.0,207.0,72.0,45.0,369.0,279.0,45.0,144.0,99.0,567.0,36.0,18.0,36.0,9.0,99.0,1260.0,270.0,378.0,279.0,2187.0,3492.0,2025.0,1089.0,936.0,7542.0,36.0,27.0,9.0,18.0,90.0,783.0,936.0,243.0,657.0,2619.0,711.0,747.0,297.0,1638.0,3393.0,1530.0,1710.0,549.0,2313.0,6102.0,24390.0,12618.0,9099.0,9135.0,55242.0,233500.0,73436.0,265350.0,8396.0,42006.0,10805.0,70280.0,39106.0,35807.0,7486.0,30295.0,13504.0
1990-06-30,3414.7429,106262.4,49710.0,10177.0,21420.0,16459.0,7387.0,118788.0,12454.0,13537.0,23465.0,14670.0,87737.0,58446.0,6101.0,9836.0,2838.0,749.0,36996.0,38086.0,4106.0,7329.0,2127.0,3624.0,817.0,936.0,891.0,1500.0,2427.0,18910.0,2572.0,13363.0,4094.0,9819.0,9709.0,157306.0,16716.0,33179.0,1904.0,5656.0,1013.0,2137.0,507.0,353.0,242.0,111.0,701.0,9350.0,1054.0,5566.0,2809.0,4409.0,3129.0,88836.0,11419.0,134.0,905.0,641.0,556.0,726.0,75.0,147.0,100.0,209.0,813.0,2863.0,778.0,4666.0,711.0,2761.0,2721.0,30225.0,5281.0,2233.0,833.0,595.0,298.0,179.0,120.0,206.0,345.0,451.0,425.0,4024.0,385.0,1206.0,346.0,1284.0,1299.0,19510.0,3580.0,2540.0,464.0,437.0,260.0,582.0,115.0,230.0,204.0,729.0,488.0,2673.0,355.0,1925.0,228.0,1365.0,2560.0,18735.0,,,,,,,,,,,,,,,,,,,,,,,,,,,,,,,,,,,,,,,,,,,,,,,,,,,,,,,,,,,,,,,,,,,,,,,,,97.0,182.0,90.0,14.0,283.0,666.0,6984.0,7947.0,4941.0,3195.0,23067.0,4608.0,1062.0,945.0,1413.0,8028.0,477.0,288.0,153.0,216.0,1134.0,90.0,27.0,54.0,189.0,54.0,126.0,5229.0,1395.0,1152.0,1701.0,9477.0,4950.0,63.0,594.0,882.0,6489.0,153.0,45.0,72.0,63.0,333.0,387.0,144.0,117.0,720.0,99.0,27.0,63.0,54.0,243.0,9.0,18.0,135.0,90.0,252.0,5607.0,297.0,990.0,1170.0,8064.0,585.0,81.0,108.0,72.0,846.0,252.0,90.0,36.0,36.0,414.0,162.0,63.0,54.0,81.0,360.0,270.0,27.0,441.0,72.0,45.0,18.0,63.0,198.0,36.0,99.0,18.0,81.0,234.0,1377.0,405.0,288.0,423.0,2493.0,6984.0,702.0,1278.0,1593.0,10557.0,1395.0,2142.0,450.0,387.0,4374.0,369.0,63.0,72.0,117.0,621.0,36.0,9.0,63.0,1800.0,2214.0,522.0,522.0,5058.0,549.0,108.0,54.0,153.0,864.0,45.0,45.0,117.0,144.0,72.0,36.0,297.0,234.0,108.0,135.0,126.0,603.0,18.0,27.0,891.0,324.0,1260.0,990.0,360.0,1134.0,657.0,3141.0,2790.0,2574.0,1656.0,1179.0,8199.0,36.0,81.0,18.0,0.0,135.0,495.0,729.0,288.0,702.0,2214.0,720.0,927.0,270.0,1872.0,3789.0,1251.0,1737.0,576.0,2574.0,6138.0,23238.0,14355.0,9603.0,10242.0,57438.0,246051.0,71778.0,289644.0,13719.0,57991.0,15466.0,61196.0,43864.0,33190.0,7486.0,48091.0,13927.0
1990-07-31,5772.8769,155264.0,55225.0,11939.0,20546.0,21033.0,7708.0,108254.0,16362.0,10826.0,11465.0,13344.0,131516.0,63860.0,5632.0,9621.0,3083.0,797.0,40450.0,43994.0,4538.0,4081.0,2987.0,3286.0,1697.0,1130.0,1580.0,1048.0,2789.0,21740.0,4678.0,19407.0,5943.0,15101.0,10808.0,185257.0,18157.0,37881.0,1943.0,1870.0,1101.0,1568.0,942.0,328.0,490.0,229.0,775.0,11328.0,2291.0,8539.0,3949.0,7944.0,3495.0,102830.0,12652.0,719.0,1419.0,642.0,645.0,476.0,261.0,217.0,361.0,118.0,779.0,3757.0,1510.0,7281.0,999.0,4415.0,2972.0,39223.0,6118.0,2300.0,476.0,579.0,255.0,188.0,175.0,202.0,317.0,364.0,409.0,3606.0,374.0,1989.0,606.0,1271.0,1264.0,20493.0,3523.0,3094.0,700.0,990.0,986.0,1054.0,319.0,383.0,412.0,337.0,826.0,3049.0,503.0,1598.0,389.0,1471.0,3077.0,22711.0,,,,,,,,,,,,,,,,,,,,,,,,,,,,,,,,,,,,,,,,,,,,,,,,,,,,,,,,,,,,,,,,,,,,,,,,,222.0,143.0,117.0,25.0,95.0,602.0,9185.0,7227.0,5005.0,3410.0,24827.0,6501.0,1023.0,1034.0,1375.0,9933.0,803.0,462.0,110.0,451.0,1826.0,132.0,22.0,55.0,253.0,77.0,121.0,7513.0,1518.0,1188.0,1914.0,12133.0,8657.0,286.0,682.0,550.0,10175.0,572.0,121.0,55.0,154.0,902.0,1067.0,363.0,110.0,1782.0,198.0,66.0,66.0,33.0,363.0,11.0,44.0,55.0,55.0,165.0,10516.0,880.0,968.0,1034.0,13398.0,253.0,88.0,110.0,33.0,484.0,242.0,176.0,11.0,44.0,473.0,88.0,44.0,44.0,33.0,209.0,209.0,110.0,341.0,11.0,44.0,55.0,22.0,132.0,99.0,11.0,44.0,99.0,253.0,902.0,473.0,275.0,242.0,1892.0,11418.0,1353.0,1243.0,1276.0,15290.0,1969.0,1892.0,407.0,396.0,4664.0,429.0,77.0,66.0,143.0,715.0,22.0,121.0,165.0,2420.0,2090.0,495.0,539.0,5544.0,660.0,231.0,44.0,99.0,1034.0,132.0,154.0,341.0,154.0,110.0,44.0,363.0,440.0,165.0,165.0,209.0,979.0,55.0,22.0,341.0,143.0,561.0,1441.0,682.0,616.0,539.0,3278.0,3861.0,2772.0,1111.0,1078.0,8822.0,44.0,22.0,22.0,33.0,121.0,1078.0,704.0,220.0,836.0,2838.0,902.0,990.0,374.0,1991.0,4257.0,2024.0,1716.0,616.0,2860.0,7216.0,34001.0,14586.0,9163.0,10538.0,68288.0,322261.0,119136.0,328904.0,30648.0,122705.0,21320.0,90060.0,52204.0,34880.0,6670.0,46932.0,12147.0
1990-08-31,6053.7042,170488.7,46573.0,9677.0,19087.0,21897.0,7451.0,121605.0,20799.0,13982.0,12291.0,14092.0,132498.0,65095.0,5706.0,10095.0,3040.0,821.0,45175.0,41845.0,3369.0,4278.0,2794.0,2467.0,1624.0,1350.0,1226.0,1180.0,2953.0,19601.0,3495.0,15849.0,4422.0,16138.0,10285.0,178051.0,22924.0,36385.0,1726.0,2301.0,1413.0,1136.0,1055.0,725.0,430.0,248.0,921.0,9741.0,1554.0,7106.0,2880.0,8248.0,3673.0,102466.0,13111.0,654.0,843.0,570.0,660.0,336.0,119.0,120.0,222.0,103.0,883.0,3237.0,1199.0,5453.0,555.0,3106.0,2773.0,33944.0,5393.0,2396.0,519.0,880.0,430.0,339.0,260.0,283.0,364.0,549.0,652.0,4514.0,397.0,1712.0,638.0,2990.0,1765.0,24081.0,3747.0,2410.0,281.0,527.0,291.0,656.0,190.0,222.0,210.0,280.0,497.0,2109.0,345.0,1578.0,349.0,1794.0,2074.0,17560.0,,,,,,,,,,,,,,,,,,,,,,,,,,,,,,,,,,,,,,,,,,,,,,,,,,,,,,,,,,,,,,,,,,,,,,,,,172.0,253.0,122.0,24.0,134.0,705.0,10076.0,7634.0,5401.0,3443.0,26554.0,6050.0,1232.0,1155.0,1650.0,10087.0,836.0,418.0,88.0,495.0,1837.0,187.0,33.0,55.0,308.0,176.0,264.0,7249.0,1760.0,1276.0,2211.0,12496.0,8492.0,253.0,319.0,572.0,9636.0,517.0,132.0,11.0,77.0,737.0,924.0,396.0,143.0,1793.0,187.0,11.0,33.0,154.0,385.0,11.0,33.0,77.0,88.0,209.0,10142.0,836.0,583.0,1232.0,12793.0,264.0,55.0,99.0,99.0,517.0,473.0,143.0,66.0,66.0,748.0,231.0,77.0,11.0,110.0,429.0,154.0,33.0,253.0,0.0,33.0,44.0,55.0,132.0,55.0,33.0,66.0,110.0,264.0,1177.0,374.0,297.0,495.0,2343.0,11319.0,1210.0,880.0,1727.0,15136.0,1463.0,1617.0,396.0,583.0,4059.0,319.0,55.0,77.0,253.0,704.0,55.0,44.0,143.0,1837.0,1716.0,517.0,836.0,4906.0,737.0,121.0,110.0,132.0,1100.0,143.0,176.0,374.0,231.0,0.0,22.0,297.0,737.0,99.0,44.0,187.0,1067.0,44.0,22.0,33.0,77.0,176.0,1892.0,418.0,242.0,462.0,3014.0,3729.0,2134.0,759.0,1298.0,7920.0,33.0,77.0,22.0,11.0,143.0,792.0,814.0,220.0,1122.0,2948.0,1221.0,803.0,319.0,1892.0,4235.0,2046.0,1694.0,561.0,3025.0,7326.0,34419.0,14432.0,8877.0,11704.0,69432.0,326951.0,140212.0,330063.0,38979.0,185799.0,22128.0,93388.0,44246.0,41695.0,8751.0,37582.0,13059.0
1990-09-30,3878.1285,132573.7,47691.0,9288.0,26256.0,20602.0,8710.0,118452.0,12223.0,11570.0,15091.0,14804.0,96824.0,65340.0,6456.0,10225.0,3215.0,773.0,36539.0,42633.0,3122.0,4981.0,3448.0,2044.0,922.0,1085.0,913.0,1175.0,3107.0,17442.0,3868.0,12781.0,6277.0,12164.0,10282.0,162783.0,15649.0,37156.0,1347.0,3050.0,1551.0,755.0,491.0,448.0,289.0,162.0,756.0,9181.0,1982.0,5328.0,4592.0,6438.0,3446.0,92621.0,10371.0,628.0,751.0,705.0,1183.0,338.0,140.0,160.0,152.0,177.0,1245.0,2206.0,1065.0,4236.0,766.0,2587.0,2782.0,29492.0,6670.0,2445.0,704.0,843.0,346.0,287.0,139.0,211.0,204.0,492.0,593.0,4821.0,464.0,1885.0,533.0,1770.0,1167.0,23574.0,3849.0,2404.0,320.0,383.0,368.0,664.0,152.0,266.0,268.0,344.0,513.0,1234.0,357.0,1332.0,386.0,1369.0,2887.0,17096.0,,,,,,,,,,,,,,,,,,,,,,,,,,,,,,,,,,,,,,,,,,,,,,,,,,,,,,,,,,,,,,,,,,,,,,,,,190.0,218.0,138.0,23.0,106.0,675.0,13700.0,8360.0,4540.0,3550.0,30150.0,6010.0,770.0,1060.0,1350.0,9190.0,890.0,270.0,110.0,460.0,1730.0,210.0,10.0,60.0,310.0,140.0,190.0,7250.0,1060.0,1210.0,1900.0,11420.0,7070.0,120.0,550.0,670.0,8410.0,380.0,80.0,50.0,60.0,570.0,410.0,270.0,80.0,900.0,70.0,10.0,80.0,40.0,200.0,20.0,40.0,120.0,50.0,230.0,7950.0,530.0,880.0,960.0,10320.0,730.0,30.0,70.0,100.0,930.0,310.0,150.0,40.0,90.0,590.0,190.0,40.0,40.0,60.0,330.0,90.0,20.0,180.0,10.0,20.0,0.0,30.0,60.0,80.0,30.0,50.0,70.0,230.0,1410.0,290.0,240.0,380.0,2320.0,9360.0,820.0,1120.0,1340.0,12640.0,1350.0,1320.0,370.0,350.0,3390.0,380.0,50.0,120.0,70.0,620.0,40.0,10.0,70.0,1770.0,1380.0,490.0,440.0,4080.0,1320.0,110.0,80.0,110.0,1620.0,90.0,150.0,300.0,360.0,70.0,20.0,560.0,380.0,80.0,80.0,150.0,690.0,20.0,20.0,10.0,20.0,70.0,2170.0,430.0,230.0,410.0,3240.0,3940.0,1810.0,720.0,850.0,7320.0,40.0,40.0,0.0,0.0,80.0,650.0,900.0,170.0,1030.0,2750.0,800.0,780.0,220.0,1870.0,3670.0,1490.0,1720.0,390.0,2900.0,6500.0,35740.0,13770.0,7980.0,10540.0,68030.0,269289.0,55196.0,284613.0,14754.0,64018.0,12200.0,86396.0,36442.0,36741.0,6420.0,25650.0,9764.0
1990-10-31,2806.5149,132368.2,67606.0,15847.0,24198.0,31817.0,13748.0,114107.0,13540.0,13682.0,19276.0,25595.0,134613.0,68028.0,7566.0,11398.0,3492.0,851.0,36285.0,36647.0,3484.0,6105.0,4028.0,2210.0,1255.0,2686.0,1140.0,1080.0,2878.0,24090.0,5112.0,26738.0,7379.0,19096.0,10477.0,190690.0,16432.0,30488.0,1761.0,3140.0,1774.0,948.0,796.0,1843.0,406.0,178.0,720.0,16102.0,3082.0,12573.0,5651.0,10827.0,3909.0,110630.0,9748.0,270.0,510.0,768.0,1236.0,284.0,92.0,244.0,185.0,103.0,1113.0,1798.0,1142.0,10665.0,752.0,4091.0,2416.0,35417.0,6961.0,3273.0,731.0,891.0,475.0,382.0,171.0,349.0,244.0,471.0,523.0,4077.0,471.0,2031.0,627.0,2317.0,1230.0,25224.0,3144.0,2616.0,482.0,1306.0,543.0,596.0,196.0,250.0,305.0,328.0,522.0,2113.0,417.0,1469.0,349.0,1861.0,2922.0,19419.0,,,,,,,,,,,,,,,,,,,,,,,,,,,,,,,,,,,,,,,,,,,,,,,,,,,,,,,,,,,,,,,,,,,,,,,,,224.0,246.0,158.0,30.0,152.0,810.0,9328.0,8481.0,5082.0,3267.0,26158.0,10835.0,902.0,1320.0,1716.0,14773.0,1848.0,396.0,99.0,528.0,2871.0,253.0,11.0,44.0,341.0,176.0,220.0,13112.0,1309.0,1485.0,2299.0,18205.0,6534.0,110.0,671.0,506.0,7821.0,506.0,88.0,11.0,110.0,715.0,913.0,165.0,66.0,1276.0,220.0,22.0,88.0,44.0,374.0,11.0,66.0,66.0,110.0,253.0,8184.0,451.0,902.0,902.0,10439.0,979.0,121.0,187.0,44.0,1331.0,495.0,209.0,110.0,99.0,913.0,847.0,77.0,44.0,55.0,1023.0,110.0,11.0,176.0,33.0,33.0,22.0,66.0,154.0,77.0,88.0,33.0,121.0,319.0,2541.0,539.0,440.0,396.0,3916.0,10725.0,990.0,1342.0,1298.0,14355.0,2915.0,2486.0,572.0,462.0,6435.0,957.0,132.0,198.0,99.0,1386.0,66.0,44.0,165.0,3938.0,2662.0,825.0,561.0,7986.0,2959.0,198.0,154.0,143.0,3454.0,297.0,341.0,748.0,880.0,99.0,55.0,1155.0,814.0,88.0,242.0,110.0,1254.0,33.0,66.0,11.0,11.0,121.0,4983.0,792.0,550.0,407.0,6732.0,8921.0,3454.0,1375.0,968.0,14718.0,33.0,22.0,0.0,0.0,55.0,792.0,858.0,297.0,803.0,2750.0,935.0,825.0,220.0,2134.0,4114.0,1760.0,1705.0,517.0,2937.0,6919.0,43846.0,15939.0,9801.0,10769.0,80355.0,118489.0,23000.0,143285.0,6575.0,30969.0,3250.0,36497.0,14936.0,22676.0,5029.0,16430.0,6065.0
1990-11-30,1735.5382,102293.9,57955.0,15766.0,20004.0,30145.0,14183.0,114615.0,15293.0,13654.0,19789.0,17697.0,99055.0,69708.0,7920.0,11248.0,3559.0,844.0,34885.0,40413.0,4104.0,9048.0,5635.0,2231.0,1830.0,1584.0,1157.0,1285.0,2655.0,22803.0,5656.0,27014.0,6507.0,19918.0,11792.0,198517.0,15479.0,34840.0,1963.0,6546.0,3247.0,1075.0,1405.0,1023.0,474.0,191.0,580.0,14411.0,3708.0,12244.0,4523.0,10649.0,3804.0,116162.0,9787.0,418.0,781.0,932.0,1716.0,438.0,90.0,215.0,181.0,164.0,939.0,2595.0,1186.0,10600.0,755.0,5226.0,3816.0,39839.0,6567.0,3087.0,1025.0,1090.0,344.0,253.0,140.0,223.0,331.0,626.0,559.0,4407.0,388.0,2340.0,766.0,2670.0,1667.0,26483.0,3052.0,2068.0,335.0,480.0,328.0,465.0,195.0,123.0,171.0,304.0,577.0,1390.0,374.0,1830.0,463.0,1373.0,2505.0,16033.0,,,,,,,,,,,,,,,,,,,,,,,,,,,,,,,,,,,,,,,,,,,,,,,,,,,,,,,,,,,,,,,,,,,,,,,,,150.0,239.0,87.0,40.0,91.0,607.0,9064.0,9064.0,5797.0,3674.0,27599.0,11726.0,1210.0,1155.0,1562.0,15653.0,3168.0,649.0,198.0,539.0,4554.0,121.0,44.0,33.0,220.0,132.0,176.0,15147.0,1914.0,1386.0,2156.0,20603.0,8745.0,99.0,407.0,495.0,9746.0,682.0,77.0,33.0,143.0,935.0,748.0,187.0,132.0,1276.0,187.0,44.0,44.0,33.0,308.0,22.0,121.0,121.0,187.0,451.0,10428.0,528.0,737.0,1067.0,12760.0,2145.0,132.0,176.0,198.0,2651.0,1243.0,275.0,55.0,55.0,1628.0,330.0,11.0,0.0,99.0,440.0,242.0,33.0,363.0,66.0,0.0,33.0,33.0,132.0,209.0,88.0,66.0,77.0,440.0,4235.0,539.0,374.0,506.0,5654.0,14663.0,1067.0,1111.0,1573.0,18414.0,4114.0,3366.0,660.0,616.0,8756.0,1078.0,154.0,176.0,121.0,1529.0,110.0,22.0,187.0,5302.0,3542.0,891.0,737.0,10472.0,4180.0,132.0,143.0,220.0,4675.0,451.0,440.0,1045.0,1177.0,88.0,22.0,1331.0,693.0,88.0,286.0,209.0,1276.0,0.0,77.0,11.0,22.0,110.0,6501.0,825.0,539.0,572.0,8437.0,11803.0,4367.0,1430.0,1309.0,18909.0,88.0,132.0,0.0,11.0,231.0,704.0,902.0,176.0,880.0,2662.0,1166.0,979.0,198.0,1870.0,4213.0,1958.0,2013.0,374.0,2761.0,7106.0,52635.0,18425.0,10098.0,11473.0,92631.0,10110.0,6769.0,17048.0,2653.0,11500.0,452.0,5720.0,1178.0,1196.0,6080.0,9495.0,4402.0
1990-12-31,2128.92,77060.46,50877.0,17047.0,23804.0,25198.0,10656.0,117632.0,14916.0,16744.0,27297.0,23996.0,101009.0,75412.0,6205.0,10542.0,3416.0,854.0,40052.0,47713.0,7091.0,14006.0,3854.0,5747.0,2438.0,1692.0,1831.0,1293.0,3674.0,22125.0,5915.0,41075.0,8687.0,27935.0,18006.0,253134.0,18348.0,43229.0,3863.0,10866.0,2119.0,4204.0,1832.0,1177.0,677.0,416.0,1401.0,11782.0,3207.0,17285.0,6320.0,15231.0,7202.0,149159.0,16518.0,1107.0,2122.0,2180.0,1257.0,1041.0,239.0,263.0,604.0,229.0,1524.0,5856.0,2166.0,20840.0,1641.0,9583.0,7204.0,74374.0,2965.0,1647.0,715.0,476.0,158.0,140.0,184.0,120.0,247.0,367.0,243.0,2399.0,299.0,1226.0,282.0,1048.0,717.0,13233.0,2221.0,1730.0,391.0,484.0,320.0,362.0,183.0,132.0,303.0,281.0,506.0,2088.0,243.0,1724.0,444.0,2073.0,2883.0,16368.0,,,,,,,,,,,,,,,,,,,,,,,,,,,,,,,,,,,,,,,,,,,,,,,,,,,,,,,,,,,,,,,,,,,,,,,,,384.0,484.0,319.0,116.0,242.0,1545.0,15180.0,25272.0,3024.0,3720.0,47196.0,7452.0,2892.0,744.0,1284.0,12372.0,1848.0,1368.0,84.0,732.0,4032.0,240.0,96.0,36.0,372.0,108.0,180.0,9648.0,4404.0,840.0,2064.0,16956.0,10128.0,576.0,540.0,756.0,12000.0,960.0,108.0,24.0,120.0,1212.0,900.0,456.0,72.0,1548.0,192.0,12.0,36.0,12.0,252.0,48.0,108.0,132.0,216.0,504.0,12252.0,1272.0,804.0,1224.0,15552.0,2772.0,240.0,132.0,96.0,3240.0,612.0,360.0,48.0,24.0,1044.0,384.0,84.0,48.0,48.0,564.0,1464.0,144.0,1632.0,12.0,72.0,60.0,36.0,180.0,180.0,96.0,24.0,84.0,384.0,5424.0,996.0,324.0,300.0,7044.0,17676.0,2268.0,1128.0,1524.0,22596.0,4032.0,8904.0,240.0,444.0,13620.0,1320.0,468.0,72.0,156.0,2016.0,24.0,96.0,132.0,5376.0,9468.0,312.0,612.0,15768.0,3540.0,600.0,48.0,156.0,4344.0,540.0,816.0,1416.0,1224.0,288.0,24.0,1596.0,756.0,324.0,108.0,108.0,1296.0,48.0,60.0,768.0,564.0,1440.0,6108.0,2088.0,996.0,900.0,10092.0,11484.0,11556.0,1308.0,1512.0,25860.0,108.0,228.0,12.0,0.0,348.0,2292.0,3132.0,180.0,1308.0,6912.0,1536.0,2220.0,216.0,2664.0,6636.0,3936.0,5580.0,408.0,3972.0,13896.0,57924.0,49080.0,6708.0,12792.0,126504.0,8676.0,5450.0,18401.0,1278.0,11140.0,349.0,3276.0,1312.0,1055.0,7787.0,8292.0,3601.0
1991-01-31,1608.0142,105801.7,43495.0,13725.0,21725.0,19345.0,9912.0,115162.0,22375.0,9203.0,9579.0,13225.0,80425.0,72637.0,6276.0,9538.0,3034.0,766.0,26147.0,46684.0,4400.0,3474.0,2946.0,3174.0,1969.0,1234.0,2343.0,1255.0,2468.0,17588.0,4693.0,21557.0,6201.0,17099.0,14093.0,177325.0,12936.0,42449.0,1476.0,1628.0,871.0,1443.0,1193.0,498.0,1102.0,271.0,632.0,10280.0,2859.0,11022.0,4486.0,9625.0,6077.0,108848.0,6457.0,403.0,1011.0,534.0,556.0,434.0,168.0,173.0,498.0,147.0,654.0,2308.0,878.0,7128.0,871.0,3705.0,2840.0,28765.0,3232.0,1962.0,437.0,704.0,265.0,159.0,145.0,154.0,242.0,463.0,271.0,3246.0,284.0,1201.0,320.0,1449.0,812.0,15346.0,3522.0,1870.0,1476.0,608.0,1254.0,1138.0,463.0,409.0,501.0,374.0,911.0,1754.0,672.0,2206.0,524.0,2320.0,4364.0,24366.0,200.0,7800.0,200.0,1300.0,23800.0,1100.0,3100.0,200.0,200.0,1200.0,1000.0,40000.0,400.0,1000.0,1800.0,400.0,500.0,200.0,800.0,8600.0,500.0,14300.0,600.0,1200.0,100.0,400.0,100.0,500.0,2900.0,100.0,100.0,100.0,100.0,0.0,200.0,500.0,100.0,,11800.0,5300.0,2300.0,6700.0,4800.0,900.0,200.0,32100.0,500.0,7400.0,3000.0,400.0,1100.0,0.0,12400.0,2000.0,100.0,600.0,200.0,3500.0,300.0,200.0,1200.0,500.0,100.0,17900.0,500.0,20700.0,0.0,400.0,400.0,900.0,800.0,127900.0,377.0,484.0,73.0,11.0,73.0,1018.0,10548.0,9876.0,3384.0,3756.0,27564.0,7872.0,1680.0,732.0,1452.0,11736.0,2460.0,876.0,84.0,468.0,3888.0,420.0,48.0,96.0,564.0,24.0,72.0,10776.0,2652.0,816.0,2016.0,16260.0,8604.0,396.0,372.0,876.0,10248.0,468.0,72.0,72.0,72.0,684.0,312.0,192.0,36.0,744.0,420.0,36.0,168.0,84.0,708.0,12.0,36.0,72.0,96.0,216.0,9816.0,732.0,720.0,1332.0,12600.0,648.0,72.0,144.0,72.0,936.0,180.0,180.0,24.0,24.0,408.0,216.0,60.0,12.0,60.0,348.0,144.0,36.0,240.0,12.0,24.0,12.0,0.0,48.0,132.0,144.0,48.0,204.0,528.0,1332.0,516.0,264.0,396.0,2508.0,11148.0,1248.0,984.0,1728.0,15108.0,4272.0,4836.0,408.0,504.0,10020.0,1608.0,336.0,96.0,240.0,2280.0,120.0,72.0,240.0,6000.0,5244.0,528.0,768.0,12540.0,2964.0,456.0,72.0,228.0,3720.0,420.0,672.0,1188.0,1608.0,144.0,12.0,1872.0,1020.0,192.0,72.0,168.0,1452.0,60.0,72.0,804.0,324.0,1260.0,6072.0,1536.0,984.0,900.0,9492.0,12072.0,6780.0,1512.0,1668.0,22032.0,72.0,96.0,12.0,12.0,192.0,1524.0,1044.0,204.0,876.0,3648.0,1104.0,828.0,180.0,1668.0,3780.0,2700.0,1968.0,396.0,2556.0,7620.0,47244.0,22524.0,7092.0,11724.0,88584.0,4960.0,3875.0,6560.0,620.0,4690.0,274.0,2327.0,625.0,335.0,5274.0,6810.0,2597.0
1991-02-28,1441.3301,70909.86,30509.0,10226.0,13691.0,19944.0,8378.0,73097.0,9718.0,8687.0,10719.0,11169.0,106653.0,54927.0,4791.0,7127.0,2523.0,688.0,26628.0,36469.0,9628.0,6952.0,5461.0,2582.0,4503.0,1726.0,1166.0,1170.0,2805.0,21856.0,5186.0,29644.0,8593.0,14983.0,11183.0,190535.0,11526.0,32392.0,5316.0,3858.0,2232.0,747.0,3478.0,877.0,344.0,458.0,608.0,12799.0,3316.0,12513.0,6214.0,8200.0,4228.0,109106.0,7232.0,306.0,1633.0,579.0,473.0,301.0,478.0,120.0,138.0,187.0,852.0,2347.0,926.0,12975.0,977.0,3323.0,2398.0,35245.0,5615.0,1811.0,671.0,777.0,241.0,312.0,102.0,269.0,303.0,209.0,383.0,4398.0,605.0,2123.0,488.0,1972.0,1664.0,21943.0,2255.0,1960.0,2008.0,1738.0,2515.0,1222.0,445.0,460.0,381.0,316.0,962.0,2312.0,339.0,2033.0,914.0,1488.0,2893.0,24241.0,300.0,5300.0,200.0,700.0,27000.0,1200.0,2500.0,100.0,100.0,800.0,600.0,38800.0,500.0,1000.0,1700.0,500.0,500.0,300.0,500.0,11900.0,400.0,17400.0,900.0,1400.0,100.0,400.0,200.0,600.0,3700.0,100.0,200.0,100.0,100.0,0.0,200.0,700.0,0.0,,9300.0,4800.0,2500.0,6200.0,4900.0,1100.0,100.0,29000.0,900.0,8700.0,2200.0,500.0,1000.0,0.0,13300.0,800.0,0.0,300.0,100.0,1300.0,100.0,200.0,1600.0,300.0,100.0,16400.0,400.0,19000.0,200.0,700.0,700.0,1500.0,300.0,125100.0,277.0,167.0,117.0,53.0,137.0,751.0,11180.0,8850.0,4890.0,3340.0,28260.0,10980.0,1250.0,810.0,1180.0,14220.0,2520.0,530.0,110.0,300.0,3460.0,160.0,20.0,60.0,260.0,90.0,170.0,13750.0,1840.0,960.0,1560.0,18110.0,8260.0,160.0,280.0,570.0,9270.0,1640.0,240.0,40.0,380.0,2300.0,1790.0,330.0,180.0,2630.0,40.0,20.0,60.0,160.0,280.0,30.0,20.0,0.0,50.0,100.0,11760.0,770.0,560.0,1500.0,14590.0,770.0,80.0,170.0,80.0,1100.0,570.0,180.0,100.0,100.0,950.0,300.0,50.0,10.0,30.0,390.0,190.0,40.0,290.0,30.0,40.0,50.0,50.0,170.0,110.0,90.0,10.0,110.0,320.0,1970.0,480.0,370.0,400.0,3220.0,13730.0,1250.0,930.0,1900.0,17810.0,5930.0,5850.0,570.0,520.0,12870.0,1450.0,140.0,150.0,170.0,1910.0,80.0,70.0,160.0,7460.0,6060.0,720.0,700.0,14940.0,3680.0,330.0,50.0,280.0,4340.0,470.0,520.0,1060.0,1310.0,80.0,50.0,1490.0,590.0,160.0,110.0,250.0,1110.0,20.0,40.0,80.0,30.0,170.0,6070.0,1130.0,360.0,610.0,8170.0,13530.0,7190.0,1080.0,1310.0,23110.0,70.0,50.0,10.0,40.0,170.0,980.0,1050.0,190.0,820.0,3040.0,1180.0,740.0,140.0,1450.0,3510.0,2230.0,1840.0,340.0,2310.0,6720.0,54420.0,20970.0,8200.0,10420.0,94010.0,2915.0,2487.0,5245.0,537.0,3316.0,246.0,1654.0,499.0,199.0,1360.0,3452.0,1566.0
1991-03-31,2068.235,71229.47,45439.0,13492.0,20604.0,26459.0,12709.0,79305.0,11226.0,17048.0,16452.0,17303.0,105345.0,73305.0,6064.0,9135.0,3439.0,704.0,37292.0,36485.0,5774.0,6344.0,3899.0,2058.0,1805.0,1887.0,1043.0,1410.0,3623.0,23791.0,5169.0,28164.0,6388.0,13272.0,10778.0,189182.0,17556.0,32522.0,3336.0,4184.0,1827.0,918.0,1283.0,830.0,337.0,174.0,1032.0,15227.0,3215.0,13283.0,4783.0,7216.0,3949.0,111672.0,10762.0,750.0,1486.0,1114.0,1055.0,329.0,167.0,224.0,249.0,214.0,1365.0,2443.0,1157.0,11871.0,708.0,3239.0,2925.0,40058.0,6296.0,1673.0,386.0,590.0,353.0,367.0,174.0,249.0,166.0,650.0,534.0,3860.0,527.0,1433.0,439.0,1577.0,1343.0,20617.0,2678.0,1540.0,566.0,456.0,664.0,444.0,181.0,584.0,291.0,372.0,692.0,2261.0,270.0,1577.0,458.0,1240.0,2561.0,16835.0,200.0,8200.0,200.0,1500.0,30300.0,1500.0,3400.0,400.0,200.0,2100.0,600.0,48700.0,500.0,1900.0,2300.0,800.0,800.0,200.0,600.0,18500.0,500.0,26100.0,1900.0,2200.0,300.0,600.0,600.0,1500.0,7100.0,200.0,400.0,400.0,300.0,0.0,300.0,1700.0,0.0,,13200.0,4400.0,4100.0,9200.0,5500.0,800.0,200.0,37500.0,1000.0,13800.0,4300.0,600.0,1000.0,0.0,20700.0,1500.0,200.0,500.0,200.0,2500.0,400.0,100.0,1600.0,200.0,100.0,22700.0,200.0,25300.0,100.0,900.0,300.0,1300.0,600.0,171500.0,176.0,140.0,100.0,25.0,149.0,590.0,12650.0,11940.0,4300.0,3840.0,32730.0,9700.0,1530.0,1120.0,1500.0,13850.0,2490.0,670.0,140.0,710.0,4010.0,110.0,0.0,130.0,250.0,60.0,130.0,12360.0,2210.0,1290.0,2380.0,18240.0,7180.0,380.0,380.0,850.0,8790.0,510.0,170.0,90.0,190.0,960.0,760.0,210.0,110.0,1330.0,90.0,10.0,70.0,70.0,240.0,40.0,40.0,60.0,90.0,230.0,8590.0,810.0,710.0,1450.0,11560.0,740.0,140.0,150.0,80.0,1110.0,310.0,100.0,30.0,60.0,500.0,340.0,110.0,40.0,110.0,600.0,120.0,80.0,280.0,30.0,40.0,20.0,50.0,140.0,160.0,100.0,60.0,100.0,420.0,1700.0,570.0,310.0,470.0,3050.0,10290.0,1380.0,1020.0,1920.0,14610.0,3530.0,3550.0,520.0,700.0,8300.0,780.0,150.0,210.0,300.0,1440.0,60.0,30.0,110.0,4370.0,3730.0,730.0,1020.0,9850.0,3010.0,300.0,110.0,360.0,3780.0,240.0,180.0,540.0,960.0,130.0,50.0,1230.0,470.0,120.0,170.0,110.0,870.0,40.0,70.0,60.0,70.0,240.0,4720.0,800.0,440.0,700.0,6660.0,9090.0,4530.0,1170.0,1720.0,16510.0,80.0,120.0,20.0,20.0,240.0,780.0,920.0,280.0,720.0,2700.0,990.0,840.0,180.0,1370.0,3380.0,1850.0,1880.0,480.0,2110.0,6320.0,46240.0,21940.0,8260.0,11970.0,88410.0,36932.0,7192.0,35018.0,2781.0,15330.0,366.0,4280.0,1675.0,1632.0,1488.0,6383.0,2927.0
1991-04-30,2207.6102,99842.44,50492.0,12196.0,17696.0,22863.0,12371.0,82460.0,13952.0,20313.0,19815.0,32768.0,129526.0,72248.0,7020.0,10234.0,3937.0,725.0,31987.0,38053.0,3292.0,6469.0,4338.0,3769.0,1597.0,3235.0,1700.0,1112.0,3550.0,17715.0,2966.0,22750.0,5880.0,10318.0,9250.0,167981.0,13108.0,34203.0,1504.0,4013.0,2405.0,2681.0,900.0,2196.0,733.0,198.0,1040.0,10071.0,1620.0,8524.0,4543.0,5442.0,3518.0,96699.0,9251.0,420.0,703.0,831.0,1256.0,447.0,185.0,312.0,201.0,185.0,1235.0,2498.0,725.0,10767.0,428.0,1925.0,2561.0,33930.0,6297.0,1775.0,679.0,1153.0,387.0,152.0,204.0,371.0,315.0,425.0,669.0,4288.0,356.0,2325.0,411.0,2061.0,1142.0,23010.0,3331.0,1655.0,406.0,472.0,290.0,489.0,308.0,356.0,451.0,304.0,606.0,858.0,265.0,1134.0,498.0,890.0,2029.0,14342.0,100.0,6000.0,700.0,1000.0,21800.0,1700.0,3400.0,300.0,200.0,1400.0,900.0,37400.0,600.0,2100.0,3300.0,700.0,1500.0,500.0,900.0,22700.0,500.0,32900.0,2600.0,3100.0,600.0,1000.0,400.0,1300.0,9000.0,400.0,500.0,900.0,300.0,0.0,600.0,2700.0,0.0,,12300.0,4700.0,3900.0,7000.0,5600.0,500.0,300.0,34300.0,1500.0,10400.0,3700.0,600.0,1300.0,0.0,17600.0,1400.0,100.0,500.0,100.0,2300.0,300.0,200.0,1800.0,200.0,100.0,25800.0,300.0,28700.0,100.0,600.0,900.0,1500.0,700.0,167000.0,169.0,133.0,50.0,20.0,82.0,454.0,7513.0,7062.0,4961.0,3003.0,22539.0,5357.0,792.0,1045.0,1067.0,8261.0,1023.0,242.0,66.0,660.0,1991.0,55.0,44.0,33.0,154.0,44.0,55.0,6479.0,1078.0,1133.0,1771.0,10461.0,6501.0,209.0,528.0,451.0,7689.0,528.0,33.0,33.0,187.0,781.0,407.0,121.0,143.0,781.0,110.0,22.0,88.0,66.0,286.0,22.0,66.0,77.0,55.0,220.0,7568.0,451.0,869.0,880.0,9768.0,1133.0,154.0,88.0,88.0,1463.0,319.0,132.0,66.0,66.0,583.0,649.0,33.0,22.0,242.0,946.0,583.0,11.0,693.0,22.0,33.0,11.0,11.0,77.0,110.0,132.0,11.0,88.0,341.0,2816.0,495.0,253.0,539.0,4103.0,10384.0,946.0,1122.0,1419.0,13871.0,2299.0,1881.0,528.0,792.0,5500.0,726.0,44.0,187.0,154.0,1111.0,66.0,0.0,77.0,3091.0,1925.0,715.0,957.0,6688.0,1287.0,110.0,121.0,143.0,1661.0,88.0,154.0,341.0,451.0,44.0,55.0,638.0,143.0,55.0,209.0,66.0,473.0,22.0,33.0,33.0,22.0,110.0,1991.0,396.0,473.0,363.0,3223.0,5082.0,2321.0,1188.0,1320.0,9911.0,55.0,88.0,11.0,22.0,176.0,946.0,913.0,275.0,847.0,2981.0,770.0,550.0,286.0,1100.0,2706.0,1771.0,1551.0,572.0,1969.0,5863.0,31229.0,12958.0,8976.0,9482.0,62645.0,43404.0,29510.0,62597.0,2584.0,17487.0,1382.0,21019.0,9614.0,15532.0,2294.0,8420.0,4697.0
1991-05-31,2918.41,106268.9,49561.0,12027.0,17021.0,21849.0,10496.0,94454.0,14011.0,22635.0,17797.0,23528.0,117852.0,73713.0,6772.0,9812.0,3787.0,694.0,44497.0,37887.0,3212.0,4746.0,4563.0,1707.0,1486.0,2369.0,1914.0,984.0,3341.0,16821.0,2812.0,15436.0,3779.0,7669.0,8121.0,161344.0,23524.0,33269.0,1460.0,2833.0,2579.0,663.0,995.0,1477.0,790.0,164.0,1184.0,9225.0,1697.0,7046.0,2718.0,3876.0,2976.0,96476.0,11925.0,392.0,910.0,604.0,1101.0,268.0,183.0,153.0,256.0,120.0,988.0,2585.0,594.0,5980.0,403.0,1587.0,2152.0,30201.0,5304.0,2411.0,565.0,849.0,496.0,402.0,204.0,435.0,500.0,463.0,469.0,3889.0,372.0,1339.0,387.0,1488.0,1075.0,20648.0,3744.0,1815.0,277.0,460.0,387.0,374.0,104.0,304.0,368.0,237.0,700.0,1122.0,149.0,1071.0,271.0,718.0,1918.0,14019.0,400.0,4400.0,200.0,1000.0,20500.0,1400.0,2800.0,600.0,200.0,1100.0,700.0,33300.0,600.0,2000.0,3200.0,900.0,1900.0,500.0,1000.0,23000.0,900.0,34000.0,3500.0,4000.0,800.0,1100.0,400.0,2600.0,12500.0,200.0,500.0,1100.0,1000.0,0.0,600.0,3300.0,100.0,,11100.0,4600.0,2900.0,6500.0,4500.0,500.0,300.0,30400.0,1200.0,8500.0,4400.0,900.0,1200.0,0.0,16200.0,1000.0,0.0,400.0,100.0,1600.0,400.0,0.0,3000.0,200.0,100.0,27100.0,200.0,31000.0,0.0,600.0,600.0,1200.0,500.0,163900.0,174.0,174.0,111.0,10.0,111.0,580.0,5080.0,7830.0,4440.0,3770.0,21120.0,4140.0,1030.0,1060.0,1110.0,7340.0,690.0,340.0,100.0,380.0,1510.0,160.0,20.0,60.0,240.0,50.0,60.0,5040.0,1400.0,1160.0,1550.0,9150.0,5480.0,140.0,370.0,440.0,6430.0,460.0,120.0,20.0,50.0,650.0,390.0,240.0,110.0,880.0,220.0,20.0,60.0,20.0,320.0,20.0,30.0,50.0,60.0,160.0,6590.0,550.0,610.0,710.0,8460.0,570.0,110.0,150.0,60.0,890.0,470.0,120.0,100.0,150.0,840.0,460.0,30.0,100.0,70.0,660.0,90.0,50.0,270.0,170.0,20.0,60.0,20.0,270.0,70.0,50.0,50.0,80.0,250.0,1830.0,380.0,490.0,480.0,3180.0,8420.0,930.0,1100.0,1190.0,11640.0,1680.0,1580.0,420.0,510.0,4190.0,310.0,50.0,180.0,120.0,660.0,40.0,20.0,80.0,2030.0,1650.0,600.0,650.0,4930.0,1110.0,100.0,90.0,140.0,1440.0,70.0,80.0,240.0,300.0,40.0,40.0,450.0,290.0,30.0,130.0,50.0,500.0,50.0,30.0,10.0,170.0,260.0,1820.0,280.0,320.0,470.0,2890.0,3850.0,1930.0,920.0,1120.0,7820.0,50.0,30.0,10.0,0.0,90.0,580.0,820.0,310.0,950.0,2660.0,820.0,510.0,280.0,1140.0,2750.0,1450.0,1360.0,600.0,2090.0,5500.0,23840.0,13450.0,8220.0,9720.0,55230.0,200013.0,60632.0,211804.0,6820.0,34390.0,7351.0,60201.0,35758.0,26995.0,2667.0,12746.0,6886.0
1991-06-30,3400.8178,102494.4,53391.0,11208.0,19006.0,17787.0,8018.0,117744.0,13031.0,14061.0,32869.0,12691.0,93619.0,69748.0,6601.0,10118.0,3839.0,684.0,37566.0,39109.0,3953.0,10375.0,2595.0,4097.0,1478.0,1491.0,2362.0,1285.0,3457.0,22155.0,3139.0,14775.0,3140.0,11548.0,9628.0,172153.0,16389.0,35235.0,2022.0,8226.0,1188.0,2626.0,913.0,707.0,1121.0,105.0,993.0,10185.0,1092.0,5999.0,1943.0,5054.0,3599.0,97397.0,12566.0,434.0,1017.0,1064.0,675.0,625.0,226.0,150.0,292.0,125.0,820.0,3488.0,763.0,6135.0,367.0,2764.0,2147.0,33658.0,6409.0,2233.0,709.0,711.0,439.0,406.0,202.0,495.0,762.0,755.0,1166.0,6914.0,966.0,1926.0,436.0,2754.0,1800.0,29083.0,2202.0,1207.0,205.0,374.0,293.0,440.0,137.0,139.0,187.0,300.0,478.0,1568.0,318.0,715.0,394.0,976.0,2082.0,12015.0,300.0,7800.0,200.0,1600.0,20900.0,1400.0,3600.0,400.0,300.0,1700.0,900.0,39000.0,600.0,2200.0,3500.0,1600.0,1500.0,800.0,1000.0,24000.0,1400.0,36600.0,3900.0,5300.0,800.0,1900.0,600.0,3700.0,16200.0,600.0,400.0,2100.0,1200.0,0.0,700.0,5000.0,0.0,,17500.0,6200.0,3100.0,8800.0,7200.0,1000.0,300.0,44000.0,1600.0,10600.0,4300.0,700.0,1500.0,0.0,18800.0,1000.0,200.0,700.0,100.0,2000.0,100.0,0.0,3800.0,200.0,100.0,32700.0,200.0,37000.0,100.0,600.0,700.0,1400.0,1000.0,200900.0,138.0,144.0,70.0,30.0,93.0,475.0,6640.0,8264.0,4472.0,3216.0,22592.0,6064.0,976.0,696.0,1552.0,9288.0,712.0,248.0,56.0,352.0,1368.0,224.0,8.0,72.0,320.0,88.0,128.0,7088.0,1256.0,768.0,1992.0,11104.0,4592.0,128.0,704.0,560.0,5984.0,280.0,40.0,32.0,144.0,496.0,568.0,232.0,64.0,1104.0,840.0,24.0,40.0,40.0,944.0,16.0,40.0,136.0,56.0,248.0,6296.0,464.0,976.0,1040.0,8776.0,1000.0,104.0,64.0,96.0,1264.0,224.0,128.0,32.0,40.0,424.0,184.0,40.0,8.0,40.0,272.0,400.0,64.0,552.0,72.0,16.0,32.0,0.0,120.0,48.0,80.0,24.0,32.0,184.0,1928.0,432.0,200.0,256.0,2816.0,8224.0,896.0,1176.0,1296.0,11592.0,1856.0,1544.0,464.0,488.0,4352.0,416.0,72.0,88.0,136.0,712.0,64.0,40.0,136.0,2336.0,1656.0,560.0,648.0,5200.0,360.0,48.0,80.0,152.0,640.0,64.0,80.0,184.0,176.0,56.0,48.0,336.0,320.0,96.0,136.0,184.0,736.0,24.0,40.0,384.0,376.0,824.0,944.0,320.0,656.0,800.0,2720.0,3280.0,1976.0,1216.0,1448.0,7920.0,48.0,72.0,16.0,0.0,136.0,624.0,680.0,208.0,672.0,2184.0,664.0,624.0,256.0,1184.0,2728.0,1336.0,1376.0,480.0,1856.0,5048.0,26568.0,13768.0,8112.0,9808.0,58256.0,251689.0,50649.0,215256.0,6749.0,46162.0,13428.0,55188.0,56278.0,36945.0,4161.0,27285.0,8274.0
1991-07-31,6048.7421,163841.8,55188.0,13302.0,18756.0,19816.0,9048.0,103553.0,18529.0,11466.0,12329.0,16938.0,114742.0,73533.0,6088.0,9382.0,3565.0,715.0,47545.0,50061.0,7722.0,4429.0,3106.0,3530.0,3085.0,1760.0,2635.0,1169.0,2950.0,27561.0,5450.0,16077.0,6320.0,14990.0,9826.0,208216.0,25008.0,45919.0,4159.0,2190.0,1082.0,1636.0,2270.0,737.0,1327.0,218.0,891.0,16752.0,2679.0,7841.0,4617.0,8835.0,3171.0,129332.0,13149.0,782.0,2118.0,741.0,828.0,472.0,400.0,312.0,484.0,268.0,820.0,4653.0,1944.0,5418.0,786.0,3419.0,2559.0,39153.0,6731.0,2169.0,500.0,746.0,409.0,267.0,147.0,325.0,366.0,412.0,452.0,3989.0,483.0,1715.0,402.0,1343.0,1208.0,21664.0,2657.0,1191.0,945.0,752.0,787.0,1155.0,268.0,386.0,458.0,271.0,787.0,2167.0,344.0,1103.0,515.0,1393.0,2888.0,18067.0,400.0,8700.0,300.0,1600.0,24100.0,900.0,3100.0,400.0,300.0,1700.0,800.0,42100.0,700.0,2000.0,2900.0,1400.0,1900.0,500.0,700.0,22100.0,1100.0,33300.0,4300.0,5300.0,900.0,800.0,800.0,3100.0,15100.0,200.0,300.0,1700.0,500.0,0.0,700.0,3500.0,0.0,,19500.0,6100.0,2600.0,8200.0,5900.0,700.0,400.0,43500.0,1200.0,8900.0,3300.0,400.0,1500.0,0.0,15300.0,700.0,100.0,800.0,300.0,1900.0,200.0,200.0,3500.0,300.0,200.0,27000.0,200.0,31400.0,0.0,900.0,1000.0,1900.0,800.0,188900.0,151.0,113.0,50.0,33.0,142.0,489.0,9450.0,9220.0,4770.0,2760.0,26200.0,5880.0,1280.0,870.0,1800.0,9830.0,770.0,430.0,50.0,460.0,1710.0,110.0,20.0,60.0,220.0,110.0,120.0,6870.0,1740.0,950.0,2320.0,11880.0,8880.0,240.0,620.0,1020.0,10760.0,470.0,200.0,60.0,160.0,890.0,1100.0,420.0,210.0,2410.0,390.0,20.0,40.0,80.0,530.0,20.0,50.0,40.0,80.0,190.0,10870.0,930.0,970.0,2020.0,14790.0,240.0,130.0,100.0,30.0,500.0,270.0,130.0,70.0,40.0,510.0,250.0,80.0,0.0,60.0,390.0,240.0,50.0,340.0,30.0,50.0,0.0,30.0,110.0,120.0,70.0,30.0,30.0,250.0,1150.0,510.0,210.0,230.0,2100.0,12020.0,1440.0,1180.0,2250.0,16890.0,2040.0,1850.0,320.0,540.0,4750.0,390.0,60.0,70.0,110.0,630.0,40.0,50.0,100.0,2470.0,1960.0,400.0,650.0,5480.0,920.0,170.0,60.0,160.0,1310.0,60.0,120.0,200.0,280.0,70.0,0.0,400.0,640.0,210.0,140.0,150.0,1140.0,10.0,70.0,270.0,190.0,540.0,1910.0,640.0,470.0,570.0,3590.0,4380.0,2600.0,870.0,1220.0,9070.0,20.0,60.0,0.0,0.0,80.0,1090.0,700.0,190.0,790.0,2770.0,840.0,800.0,200.0,1130.0,2970.0,1950.0,1560.0,390.0,1920.0,5820.0,34670.0,16560.0,8160.0,10470.0,69860.0,330963.0,105590.0,329129.0,30518.0,103539.0,13755.0,87824.0,49979.0,35289.0,5454.0,32287.0,9653.0
1991-08-31,6483.14,177779.3,48622.0,10554.0,16521.0,20923.0,9075.0,114876.0,22846.0,14860.0,13553.0,16875.0,117138.0,73627.0,6260.0,9679.0,3885.0,740.0,55886.0,44947.0,5995.0,4933.0,2871.0,2210.0,2915.0,1410.0,2948.0,1579.0,2671.0,28684.0,3340.0,12424.0,4076.0,11737.0,10663.0,199289.0,31871.0,40645.0,3533.0,3082.0,1458.0,1042.0,2357.0,853.0,1896.0,245.0,868.0,17786.0,1891.0,5560.0,2849.0,7022.0,4213.0,127171.0,14000.0,1008.0,1224.0,686.0,678.0,307.0,183.0,169.0,336.0,271.0,873.0,4541.0,971.0,4733.0,542.0,2356.0,2737.0,35615.0,6347.0,2021.0,765.0,871.0,278.0,320.0,213.0,197.0,429.0,705.0,392.0,4491.0,256.0,1367.0,296.0,809.0,1321.0,21078.0,3668.0,1273.0,473.0,294.0,457.0,541.0,162.0,191.0,287.0,358.0,538.0,1866.0,222.0,764.0,389.0,1550.0,2392.0,15425.0,300.0,8100.0,300.0,1500.0,26600.0,1000.0,2800.0,200.0,200.0,1400.0,800.0,43100.0,600.0,2100.0,3000.0,900.0,1400.0,400.0,600.0,20100.0,400.0,29400.0,2600.0,4000.0,300.0,500.0,500.0,1800.0,9800.0,300.0,400.0,1400.0,600.0,100.0,500.0,3200.0,0.0,,15800.0,4800.0,2600.0,6200.0,4600.0,800.0,300.0,35100.0,1100.0,10100.0,2700.0,1000.0,1100.0,0.0,16000.0,1100.0,100.0,400.0,100.0,1700.0,400.0,100.0,2800.0,200.0,100.0,23900.0,200.0,27600.0,100.0,200.0,1000.0,1300.0,700.0,168000.0,141.0,124.0,72.0,13.0,161.0,511.0,9812.0,8855.0,4972.0,3971.0,27610.0,5269.0,1441.0,902.0,1925.0,9537.0,561.0,374.0,33.0,352.0,1320.0,77.0,55.0,44.0,198.0,88.0,187.0,5995.0,1903.0,979.0,2365.0,11242.0,9064.0,396.0,275.0,473.0,10208.0,649.0,165.0,77.0,77.0,968.0,1331.0,429.0,165.0,2618.0,726.0,11.0,55.0,55.0,847.0,22.0,44.0,88.0,77.0,231.0,11814.0,1056.0,660.0,1375.0,14905.0,374.0,33.0,77.0,143.0,627.0,396.0,187.0,99.0,22.0,704.0,253.0,55.0,11.0,110.0,429.0,121.0,99.0,253.0,22.0,33.0,11.0,11.0,77.0,44.0,88.0,11.0,66.0,209.0,1210.0,495.0,231.0,363.0,2299.0,13024.0,1551.0,891.0,1738.0,17204.0,1584.0,1375.0,451.0,473.0,3883.0,132.0,99.0,99.0,121.0,451.0,44.0,11.0,66.0,1760.0,1485.0,550.0,605.0,4400.0,847.0,88.0,55.0,132.0,1122.0,66.0,88.0,165.0,165.0,44.0,11.0,242.0,748.0,77.0,121.0,253.0,1199.0,33.0,22.0,11.0,22.0,88.0,1859.0,319.0,209.0,429.0,2816.0,3619.0,1804.0,759.0,1034.0,7216.0,11.0,33.0,33.0,0.0,77.0,792.0,682.0,308.0,1078.0,2860.0,924.0,583.0,220.0,1463.0,3190.0,1727.0,1298.0,561.0,2541.0,6127.0,34177.0,15411.0,8162.0,11649.0,69399.0,341082.0,125634.0,272065.0,30447.0,186665.0,13808.0,94954.0,45470.0,40102.0,6313.0,25577.0,8406.0
1991-09-30,4063.5027,146222.3,52964.0,10411.0,23412.0,22140.0,11001.0,122067.0,13565.0,13642.0,19580.0,20704.0,101255.0,73669.0,7512.0,10900.0,4629.0,754.0,49231.0,45462.0,3684.0,6146.0,3474.0,2356.0,2197.0,1477.0,1262.0,1358.0,3442.0,29228.0,4649.0,13865.0,6357.0,12475.0,10769.0,197432.0,25530.0,41422.0,1755.0,4230.0,1881.0,1024.0,1261.0,810.0,542.0,233.0,714.0,19740.0,2695.0,6471.0,4984.0,5947.0,3905.0,123144.0,14526.0,651.0,1041.0,724.0,946.0,357.0,433.0,148.0,206.0,307.0,1359.0,3882.0,1270.0,5871.0,573.0,3213.0,2629.0,38136.0,6070.0,1920.0,584.0,935.0,411.0,466.0,207.0,351.0,331.0,520.0,650.0,3774.0,406.0,991.0,430.0,1860.0,1610.0,21516.0,3105.0,1469.0,304.0,257.0,236.0,509.0,296.0,168.0,183.0,298.0,719.0,1832.0,278.0,532.0,370.0,1455.0,2625.0,14636.0,600.0,8600.0,300.0,2500.0,29000.0,1500.0,3500.0,400.0,300.0,1600.0,800.0,49200.0,600.0,2500.0,3000.0,900.0,900.0,400.0,900.0,19300.0,400.0,28900.0,1900.0,3500.0,300.0,100.0,600.0,1400.0,7700.0,500.0,400.0,1100.0,300.0,200.0,800.0,3200.0,0.0,,19200.0,7400.0,3000.0,9200.0,6600.0,400.0,200.0,46000.0,1700.0,13100.0,5700.0,800.0,1700.0,100.0,23200.0,2300.0,200.0,700.0,100.0,3900.0,500.0,200.0,2900.0,200.0,200.0,33800.0,300.0,38100.0,100.0,700.0,900.0,1700.0,1200.0,203100.0,127.0,292.0,133.0,30.0,120.0,702.0,12551.0,8965.0,4807.0,3938.0,30261.0,7018.0,748.0,1056.0,1760.0,10582.0,759.0,143.0,88.0,297.0,1287.0,341.0,0.0,55.0,407.0,66.0,121.0,8184.0,913.0,1177.0,2123.0,12397.0,8283.0,110.0,484.0,484.0,9361.0,792.0,77.0,44.0,253.0,1166.0,341.0,242.0,88.0,858.0,209.0,44.0,33.0,77.0,363.0,22.0,11.0,99.0,33.0,165.0,9669.0,484.0,748.0,1045.0,11946.0,924.0,33.0,132.0,132.0,1221.0,330.0,77.0,44.0,77.0,528.0,209.0,66.0,44.0,352.0,671.0,187.0,44.0,264.0,22.0,11.0,33.0,22.0,88.0,55.0,77.0,55.0,88.0,275.0,1727.0,308.0,330.0,682.0,3047.0,11396.0,792.0,1078.0,1727.0,14993.0,1485.0,1034.0,473.0,341.0,3333.0,330.0,110.0,88.0,187.0,715.0,66.0,33.0,132.0,1881.0,1177.0,572.0,550.0,4180.0,1375.0,77.0,77.0,264.0,1793.0,99.0,77.0,253.0,275.0,33.0,33.0,407.0,429.0,33.0,121.0,121.0,704.0,0.0,22.0,22.0,0.0,44.0,2178.0,242.0,319.0,462.0,3201.0,4059.0,1419.0,891.0,1012.0,7381.0,66.0,77.0,0.0,22.0,165.0,495.0,836.0,99.0,1144.0,2574.0,858.0,462.0,198.0,1298.0,2816.0,1419.0,1375.0,297.0,2464.0,5555.0,37609.0,13464.0,8250.0,11264.0,70587.0,303932.0,51150.0,248265.0,14254.0,58201.0,13092.0,76683.0,42474.0,35351.0,6146.0,22589.0,7808.0
1991-10-31,2900.23,143864.2,71236.0,17860.0,23138.0,30358.0,17226.0,117238.0,14689.0,16295.0,19001.0,36197.0,117701.0,76007.0,8429.0,11804.0,5077.0,874.0,47648.0,48691.0,3852.0,4911.0,3793.0,2558.0,4390.0,3355.0,1904.0,1180.0,3259.0,23849.0,5317.0,22912.0,7830.0,19247.0,11240.0,215936.0,26581.0,44792.0,1917.0,2869.0,1989.0,1038.0,3520.0,2536.0,986.0,174.0,1004.0,14542.0,3048.0,10001.0,5824.0,11072.0,4412.0,136305.0,11838.0,380.0,927.0,834.0,1051.0,328.0,420.0,363.0,316.0,207.0,1118.0,2511.0,1175.0,8958.0,932.0,4646.0,2827.0,38831.0,6538.0,2358.0,719.0,893.0,516.0,531.0,205.0,239.0,327.0,527.0,577.0,4672.0,681.0,2427.0,603.0,2361.0,1733.0,25907.0,2691.0,1161.0,289.0,315.0,237.0,661.0,245.0,217.0,275.0,272.0,560.0,2124.0,413.0,1526.0,471.0,1168.0,2268.0,14893.0,500.0,8900.0,400.0,1700.0,26700.0,1700.0,2700.0,200.0,300.0,2100.0,600.0,45700.0,200.0,1900.0,2200.0,500.0,1000.0,200.0,500.0,15100.0,300.0,22000.0,1400.0,1900.0,200.0,300.0,500.0,1100.0,5500.0,300.0,500.0,700.0,400.0,100.0,400.0,2400.0,100.0,,16400.0,5200.0,2800.0,10800.0,7000.0,400.0,200.0,43000.0,1300.0,10100.0,4300.0,900.0,1200.0,200.0,18000.0,1300.0,200.0,400.0,200.0,2500.0,300.0,200.0,1500.0,300.0,0.0,26100.0,300.0,28800.0,0.0,600.0,600.0,1200.0,700.0,169800.0,256.0,305.0,158.0,21.0,133.0,873.0,9647.0,9801.0,4576.0,2948.0,26972.0,9779.0,880.0,1177.0,1804.0,13640.0,1672.0,484.0,154.0,330.0,2640.0,330.0,22.0,110.0,495.0,66.0,88.0,11847.0,1397.0,1364.0,2255.0,16863.0,8261.0,165.0,627.0,440.0,9493.0,1309.0,143.0,55.0,99.0,1606.0,737.0,99.0,121.0,1144.0,396.0,22.0,55.0,66.0,539.0,66.0,44.0,77.0,55.0,242.0,10802.0,473.0,935.0,847.0,13057.0,1078.0,88.0,231.0,77.0,1474.0,517.0,187.0,44.0,66.0,814.0,946.0,66.0,44.0,44.0,1100.0,121.0,0.0,297.0,77.0,11.0,0.0,55.0,143.0,99.0,88.0,22.0,33.0,242.0,2838.0,440.0,363.0,429.0,4070.0,13640.0,913.0,1298.0,1276.0,17127.0,3487.0,2332.0,605.0,649.0,7073.0,660.0,132.0,121.0,154.0,1067.0,66.0,44.0,176.0,4213.0,2508.0,737.0,858.0,8316.0,2838.0,198.0,198.0,99.0,3333.0,297.0,297.0,704.0,693.0,132.0,55.0,957.0,682.0,110.0,132.0,220.0,1144.0,55.0,33.0,66.0,77.0,231.0,4565.0,770.0,517.0,517.0,6369.0,8778.0,3278.0,1254.0,1375.0,14685.0,88.0,88.0,11.0,33.0,220.0,682.0,737.0,319.0,803.0,2541.0,880.0,649.0,187.0,1265.0,2981.0,1650.0,1474.0,517.0,2101.0,5742.0,45562.0,16863.0,9009.0,9955.0,81389.0,137883.0,20332.0,144008.0,5485.0,24004.0,3982.0,37866.0,16022.0,21382.0,6480.0,16725.0,5650.0
1991-11-30,1907.095,95231.29,62555.0,17660.0,19898.0,30990.0,16499.0,116359.0,15687.0,14651.0,21951.0,20187.0,100268.0,77413.0,8052.0,11625.0,5008.0,922.0,41613.0,47035.0,4271.0,9430.0,6765.0,2487.0,4726.0,2046.0,1787.0,1941.0,3184.0,23438.0,5491.0,27794.0,8105.0,21137.0,12598.0,223848.0,21108.0,42136.0,2078.0,6968.0,3937.0,1234.0,3693.0,966.0,744.0,355.0,649.0,14565.0,3097.0,12226.0,5665.0,12504.0,4579.0,136504.0,11534.0,486.0,1055.0,1279.0,1691.0,329.0,545.0,192.0,215.0,312.0,1406.0,3108.0,1632.0,11709.0,1015.0,4721.0,3945.0,45174.0,5930.0,3306.0,956.0,919.0,920.0,485.0,282.0,748.0,563.0,849.0,452.0,4567.0,566.0,2568.0,950.0,2561.0,1485.0,28107.0,3041.0,1107.0,182.0,264.0,217.0,439.0,206.0,140.0,265.0,425.0,677.0,1198.0,196.0,1291.0,475.0,1351.0,2589.0,14063.0,500.0,7600.0,400.0,1200.0,25800.0,1600.0,3100.0,400.0,300.0,2000.0,700.0,43500.0,800.0,1500.0,2200.0,1000.0,1000.0,300.0,400.0,16300.0,700.0,24200.0,1900.0,2400.0,700.0,200.0,600.0,1800.0,7700.0,500.0,400.0,900.0,300.0,0.0,500.0,2700.0,200.0,,12600.0,5900.0,3300.0,10400.0,6800.0,1000.0,300.0,40500.0,1200.0,11100.0,3600.0,700.0,1900.0,100.0,18600.0,2400.0,300.0,400.0,100.0,3500.0,200.0,200.0,1500.0,500.0,200.0,24700.0,600.0,28000.0,200.0,1100.0,800.0,2000.0,1200.0,171900.0,213.0,171.0,158.0,33.0,200.0,775.0,9724.0,9735.0,5555.0,3619.0,28633.0,10868.0,1221.0,1155.0,1430.0,14674.0,2475.0,660.0,176.0,517.0,3828.0,264.0,22.0,33.0,341.0,154.0,187.0,13761.0,1925.0,1353.0,1991.0,19030.0,10890.0,143.0,638.0,726.0,12397.0,1903.0,99.0,66.0,154.0,2222.0,891.0,220.0,330.0,1617.0,440.0,44.0,66.0,66.0,616.0,33.0,22.0,275.0,0.0,330.0,14179.0,528.0,1375.0,1133.0,17215.0,2123.0,99.0,154.0,121.0,2497.0,1100.0,209.0,88.0,110.0,1507.0,319.0,33.0,11.0,44.0,407.0,154.0,33.0,319.0,22.0,88.0,0.0,22.0,132.0,99.0,66.0,55.0,99.0,319.0,3817.0,528.0,341.0,495.0,5181.0,17996.0,1056.0,1716.0,1628.0,22396.0,4279.0,3905.0,605.0,616.0,9405.0,1287.0,165.0,198.0,198.0,1848.0,99.0,66.0,187.0,5665.0,4136.0,803.0,836.0,11440.0,4653.0,297.0,242.0,363.0,5555.0,440.0,605.0,1221.0,1397.0,187.0,44.0,1727.0,1375.0,253.0,198.0,231.0,2057.0,22.0,66.0,0.0,55.0,143.0,7887.0,1408.0,616.0,792.0,10703.0,13552.0,5544.0,1419.0,1628.0,22143.0,33.0,132.0,11.0,11.0,187.0,693.0,1045.0,220.0,1056.0,3014.0,1045.0,737.0,231.0,1540.0,3553.0,1771.0,1914.0,462.0,2607.0,6754.0,56804.0,20174.0,10505.0,11473.0,98956.0,11553.0,7994.0,16688.0,2455.0,11068.0,398.0,4924.0,1826.0,1745.0,6772.0,9377.0,4226.0
1991-12-31,2338.51,87472.69,56233.0,19123.0,23596.0,23152.0,12234.0,123522.0,14963.0,20662.0,35749.0,31917.0,113515.0,84235.0,6868.0,11267.0,5247.0,866.0,34560.0,57710.0,6970.0,19291.0,4206.0,6406.0,4577.0,2676.0,2499.0,1921.0,4398.0,19045.0,5148.0,38335.0,11055.0,29235.0,18713.0,266745.0,12711.0,53252.0,4059.0,16021.0,2201.0,4886.0,3434.0,1730.0,1300.0,573.0,1388.0,9924.0,2798.0,14430.0,8448.0,17376.0,8183.0,162714.0,16568.0,1193.0,1863.0,2349.0,1256.0,792.0,689.0,371.0,703.0,499.0,2150.0,4919.0,1919.0,21572.0,2073.0,9399.0,6761.0,75076.0,3226.0,2523.0,705.0,527.0,523.0,271.0,135.0,295.0,230.0,620.0,335.0,2866.0,295.0,969.0,187.0,1095.0,823.0,15625.0,2055.0,742.0,343.0,394.0,226.0,457.0,319.0,280.0,266.0,229.0,525.0,1336.0,136.0,1364.0,347.0,1365.0,2946.0,13330.0,300.0,8700.0,300.0,1900.0,41900.0,1800.0,3200.0,400.0,500.0,1400.0,1100.0,61500.0,600.0,2100.0,2500.0,900.0,900.0,400.0,800.0,19100.0,500.0,28000.0,1900.0,3000.0,500.0,400.0,600.0,1600.0,8000.0,1000.0,1200.0,1100.0,500.0,200.0,800.0,4800.0,400.0,,16000.0,11400.0,6700.0,11000.0,8300.0,3600.0,400.0,57700.0,1600.0,17800.0,5900.0,1000.0,4100.0,100.0,30400.0,4700.0,400.0,2400.0,200.0,8400.0,400.0,400.0,3800.0,1300.0,200.0,30700.0,1000.0,38000.0,1100.0,1900.0,900.0,3900.0,600.0,241300.0,417.0,240.0,226.0,85.0,172.0,1140.0,13284.0,23976.0,3540.0,3228.0,44028.0,5280.0,2412.0,816.0,1224.0,9732.0,1560.0,1416.0,72.0,216.0,3264.0,300.0,48.0,96.0,468.0,48.0,180.0,7188.0,3984.0,924.0,1548.0,13644.0,12156.0,540.0,528.0,864.0,14088.0,1656.0,252.0,24.0,156.0,2088.0,1356.0,732.0,84.0,2448.0,504.0,72.0,60.0,60.0,696.0,24.0,60.0,168.0,12.0,264.0,15708.0,1668.0,864.0,1368.0,19608.0,3612.0,348.0,108.0,192.0,4260.0,588.0,348.0,12.0,60.0,1008.0,456.0,108.0,72.0,48.0,684.0,1668.0,108.0,1860.0,60.0,48.0,0.0,12.0,120.0,84.0,216.0,36.0,84.0,420.0,6468.0,1176.0,240.0,468.0,8352.0,22176.0,2844.0,1104.0,1836.0,27960.0,3876.0,9288.0,300.0,804.0,14268.0,1680.0,636.0,84.0,240.0,2640.0,36.0,108.0,168.0,5592.0,10032.0,396.0,1056.0,17076.0,4584.0,720.0,96.0,204.0,5604.0,516.0,876.0,1488.0,1320.0,528.0,36.0,1968.0,828.0,468.0,144.0,300.0,1740.0,72.0,156.0,96.0,0.0,324.0,7320.0,2748.0,384.0,672.0,11124.0,12912.0,12780.0,780.0,1728.0,28200.0,108.0,192.0,12.0,0.0,312.0,2520.0,3132.0,156.0,948.0,6756.0,1452.0,1572.0,156.0,2064.0,5244.0,4080.0,4896.0,324.0,3012.0,12312.0,59640.0,48480.0,6672.0,11352.0,126144.0,9549.0,5900.0,14478.0,1405.0,12293.0,314.0,3145.0,1726.0,624.0,9493.0,8778.0,3876.0
1992-01-31,1787.1651,98428.95,51071.0,16667.0,22429.0,20082.0,10802.0,120967.0,23963.0,12971.0,12098.0,21146.0,104099.0,85901.0,7452.0,10556.0,4715.0,790.0,20052.0,58742.0,6336.0,4377.0,3681.0,3140.0,4456.0,1755.0,4469.0,1168.0,2846.0,17145.0,3736.0,22691.0,7554.0,18269.0,15667.0,196084.0,7981.0,54021.0,2740.0,2394.0,1140.0,1287.0,3236.0,842.0,2724.0,238.0,621.0,11057.0,2298.0,10234.0,5665.0,11086.0,6902.0,124466.0,6642.0,545.0,1647.0,521.0,827.0,375.0,510.0,208.0,756.0,234.0,1022.0,2010.0,684.0,8875.0,1040.0,3558.0,3168.0,32622.0,2636.0,2396.0,658.0,712.0,358.0,294.0,190.0,188.0,251.0,311.0,254.0,2472.0,116.0,1618.0,352.0,1243.0,1223.0,15272.0,2793.0,1780.0,1291.0,750.0,1356.0,1184.0,520.0,517.0,738.0,385.0,949.0,1606.0,638.0,1964.0,497.0,2382.0,4374.0,23724.0,200.0,6200.0,400.0,1300.0,26400.0,1100.0,3200.0,300.0,100.0,1100.0,600.0,41000.0,400.0,1200.0,1700.0,500.0,300.0,200.0,600.0,8800.0,500.0,14300.0,1000.0,1700.0,200.0,200.0,200.0,700.0,4200.0,400.0,500.0,500.0,200.0,200.0,700.0,2500.0,100.0,,13400.0,5600.0,2300.0,7000.0,5300.0,2100.0,400.0,36100.0,1400.0,8200.0,3800.0,600.0,1700.0,100.0,15600.0,1700.0,200.0,600.0,300.0,3100.0,400.0,100.0,1300.0,400.0,100.0,20200.0,300.0,22800.0,300.0,500.0,400.0,1200.0,600.0,141400.0,558.0,365.0,146.0,36.0,91.0,1196.0,10543.0,11427.0,3276.0,3159.0,28405.0,6201.0,1547.0,949.0,1196.0,9893.0,1495.0,572.0,91.0,286.0,2444.0,572.0,65.0,117.0,754.0,39.0,52.0,8307.0,2184.0,1040.0,1612.0,13143.0,10348.0,234.0,325.0,910.0,11817.0,1079.0,208.0,52.0,143.0,1482.0,754.0,247.0,91.0,1339.0,1222.0,65.0,65.0,65.0,1417.0,65.0,91.0,26.0,52.0,234.0,13468.0,858.0,559.0,1417.0,16302.0,598.0,52.0,104.0,91.0,845.0,221.0,208.0,26.0,39.0,494.0,299.0,78.0,26.0,52.0,455.0,117.0,0.0,221.0,26.0,13.0,0.0,0.0,39.0,91.0,104.0,26.0,104.0,325.0,1352.0,455.0,208.0,364.0,2379.0,14820.0,1313.0,767.0,1781.0,18681.0,4576.0,5993.0,520.0,598.0,11687.0,1482.0,416.0,78.0,416.0,2392.0,39.0,91.0,130.0,6097.0,6500.0,598.0,1014.0,14209.0,4056.0,468.0,13.0,234.0,4771.0,416.0,871.0,1404.0,1794.0,208.0,52.0,2158.0,975.0,286.0,65.0,195.0,1521.0,52.0,26.0,468.0,234.0,780.0,7293.0,1859.0,676.0,806.0,10634.0,13390.0,8359.0,1274.0,1820.0,24843.0,65.0,39.0,26.0,13.0,143.0,1677.0,1417.0,143.0,702.0,3939.0,1066.0,767.0,247.0,1378.0,3458.0,2808.0,2223.0,416.0,2093.0,7540.0,49868.0,25506.0,6773.0,10465.0,92612.0,5140.0,3963.0,5715.0,517.0,3794.0,375.0,2045.0,783.0,287.0,8791.0,9099.0,3202.0
1992-02-29,1699.6451,80790.9,40195.0,13534.0,15023.0,22220.0,11322.0,107845.0,15386.0,10892.0,17872.0,16890.0,120879.0,63654.0,6377.0,9749.0,4227.0,723.0,24052.0,53991.0,12027.0,9933.0,7789.0,3462.0,11120.0,2658.0,3095.0,2108.0,3612.0,25089.0,5711.0,34267.0,9331.0,16693.0,13308.0,238246.0,9982.0,49644.0,6875.0,6642.0,3336.0,1143.0,9364.0,1737.0,2044.0,695.0,741.0,14943.0,3574.0,15756.0,6891.0,9504.0,5768.0,148639.0,6364.0,573.0,1968.0,498.0,1053.0,471.0,863.0,164.0,299.0,345.0,1130.0,2619.0,1484.0,13691.0,1124.0,3924.0,2932.0,39502.0,5407.0,2480.0,861.0,1114.0,498.0,345.0,339.0,288.0,296.0,532.0,467.0,4933.0,322.0,3135.0,556.0,1743.0,1324.0,24640.0,2299.0,1294.0,2323.0,1679.0,2902.0,1503.0,554.0,469.0,456.0,536.0,1274.0,2594.0,331.0,1685.0,760.0,1522.0,3284.0,25465.0,200.0,3900.0,200.0,800.0,28600.0,1400.0,2700.0,100.0,200.0,1200.0,600.0,39900.0,500.0,900.0,1800.0,400.0,900.0,100.0,500.0,12300.0,300.0,17800.0,900.0,2000.0,100.0,100.0,500.0,1000.0,4700.0,200.0,300.0,400.0,400.0,100.0,400.0,1800.0,200.0,,8200.0,5700.0,3300.0,9100.0,5400.0,900.0,400.0,33300.0,1200.0,10800.0,2900.0,600.0,1800.0,0.0,17200.0,900.0,100.0,800.0,100.0,2100.0,200.0,100.0,1500.0,300.0,300.0,19100.0,400.0,21900.0,200.0,800.0,500.0,1500.0,400.0,140600.0,264.0,154.0,127.0,30.0,134.0,709.0,11580.0,10840.0,5610.0,2830.0,30860.0,10790.0,2050.0,1390.0,1390.0,15620.0,2140.0,1170.0,230.0,310.0,3850.0,210.0,20.0,130.0,370.0,100.0,140.0,13240.0,3250.0,1630.0,1860.0,19980.0,12250.0,360.0,610.0,810.0,14030.0,3700.0,250.0,20.0,360.0,4330.0,2210.0,510.0,140.0,3140.0,1030.0,30.0,60.0,110.0,1230.0,70.0,50.0,80.0,30.0,230.0,19260.0,1210.0,910.0,1590.0,22970.0,900.0,100.0,170.0,250.0,1420.0,510.0,230.0,60.0,240.0,1040.0,360.0,80.0,20.0,60.0,520.0,280.0,90.0,540.0,30.0,50.0,10.0,20.0,110.0,140.0,120.0,10.0,180.0,450.0,2220.0,670.0,320.0,870.0,4080.0,21480.0,1880.0,1230.0,2460.0,27050.0,6060.0,7720.0,910.0,540.0,15230.0,1330.0,150.0,160.0,200.0,1840.0,40.0,100.0,180.0,7430.0,7970.0,1100.0,750.0,17250.0,5500.0,580.0,180.0,450.0,6710.0,430.0,780.0,1370.0,1320.0,210.0,50.0,1680.0,1060.0,200.0,250.0,200.0,1710.0,60.0,60.0,450.0,110.0,680.0,8370.0,1830.0,1010.0,940.0,12150.0,15800.0,9800.0,2110.0,1690.0,29400.0,270.0,120.0,10.0,80.0,480.0,1310.0,1070.0,340.0,1000.0,3720.0,1210.0,900.0,380.0,1810.0,4300.0,2790.0,2090.0,730.0,2890.0,8500.0,64890.0,27860.0,11310.0,11730.0,115790.0,5674.0,5688.0,6285.0,779.0,4978.0,335.0,973.0,956.0,269.0,19487.0,9227.0,2237.0
1992-03-31,1979.1052,90682.21,56263.0,16584.0,18782.0,27497.0,16930.0,122690.0,14153.0,15061.0,21893.0,21438.0,122448.0,88729.0,7545.0,11115.0,5489.0,808.0,31272.0,53999.0,4088.0,6134.0,3640.0,2509.0,6194.0,2476.0,2347.0,1575.0,4254.0,27627.0,5329.0,30892.0,7967.0,16159.0,11291.0,217753.0,14333.0,49694.0,2052.0,3781.0,1664.0,1393.0,4895.0,1399.0,1247.0,507.0,1354.0,18219.0,3291.0,13395.0,5927.0,8446.0,4152.0,135749.0,7677.0,775.0,1045.0,930.0,1143.0,370.0,701.0,262.0,215.0,181.0,1314.0,2769.0,1332.0,12880.0,1051.0,3597.0,2816.0,39058.0,6661.0,2060.0,737.0,1147.0,324.0,414.0,323.0,450.0,531.0,653.0,665.0,4959.0,495.0,3080.0,679.0,2463.0,1810.0,27451.0,2601.0,1470.0,254.0,276.0,509.0,332.0,275.0,365.0,354.0,234.0,921.0,1680.0,211.0,1537.0,310.0,1653.0,2513.0,15495.0,200.0,6000.0,200.0,1000.0,30900.0,1800.0,3100.0,200.0,0.0,1600.0,600.0,45500.0,400.0,1700.0,2800.0,600.0,1000.0,400.0,800.0,19500.0,500.0,27700.0,2400.0,3000.0,500.0,300.0,700.0,2200.0,9200.0,500.0,700.0,700.0,600.0,200.0,500.0,3100.0,100.0,,11700.0,4600.0,3100.0,7700.0,4400.0,900.0,400.0,32800.0,1000.0,11400.0,3900.0,800.0,1400.0,0.0,18600.0,2000.0,200.0,600.0,200.0,3300.0,200.0,100.0,1700.0,300.0,0.0,27400.0,100.0,29700.0,200.0,700.0,600.0,1500.0,800.0,172200.0,335.0,189.0,100.0,58.0,296.0,978.0,11924.0,10384.0,6468.0,3102.0,31878.0,11550.0,1771.0,1573.0,1419.0,16313.0,2156.0,825.0,132.0,616.0,3729.0,154.0,22.0,110.0,286.0,187.0,275.0,14047.0,2629.0,1727.0,2200.0,20603.0,11286.0,330.0,484.0,869.0,12969.0,2387.0,143.0,110.0,154.0,2794.0,440.0,231.0,209.0,1012.0,737.0,44.0,66.0,55.0,902.0,44.0,66.0,110.0,55.0,275.0,14894.0,825.0,979.0,1265.0,17963.0,924.0,187.0,330.0,165.0,1606.0,286.0,176.0,88.0,99.0,649.0,407.0,77.0,44.0,209.0,737.0,176.0,33.0,308.0,132.0,55.0,33.0,11.0,231.0,132.0,110.0,33.0,209.0,484.0,2057.0,638.0,539.0,781.0,4015.0,16951.0,1463.0,1518.0,2046.0,21978.0,3817.0,3982.0,825.0,605.0,9229.0,935.0,88.0,253.0,374.0,1650.0,55.0,55.0,187.0,4807.0,4125.0,1122.0,1012.0,11066.0,3388.0,319.0,110.0,308.0,4125.0,286.0,352.0,858.0,781.0,121.0,44.0,1001.0,473.0,154.0,264.0,154.0,1045.0,33.0,55.0,11.0,99.0,198.0,4961.0,1001.0,583.0,682.0,7227.0,9768.0,5126.0,1705.0,1694.0,18293.0,33.0,99.0,33.0,11.0,176.0,737.0,891.0,429.0,693.0,2750.0,957.0,759.0,209.0,1243.0,3168.0,1727.0,1749.0,671.0,1947.0,6094.0,54417.0,21351.0,12089.0,10989.0,98846.0,26191.0,15361.0,25473.0,6638.0,20646.0,471.0,2575.0,1594.0,1440.0,13076.0,12704.0,3981.0
1992-04-30,2824.26,97428.01,58795.0,14493.0,22971.0,30539.0,20766.0,98445.0,15587.0,30209.0,23743.0,38321.0,143138.0,80746.0,7979.0,12143.0,6349.0,926.0,33048.0,47773.0,6381.0,5934.0,4931.0,4469.0,4559.0,4451.0,2325.0,1317.0,4243.0,22601.0,3707.0,27184.0,7189.0,10775.0,12914.0,203801.0,13798.0,43817.0,3275.0,3757.0,2867.0,2935.0,3290.0,3228.0,1314.0,226.0,1644.0,13091.0,1888.0,10910.0,5646.0,5668.0,4981.0,122335.0,9214.0,582.0,1729.0,887.0,1216.0,544.0,646.0,423.0,289.0,247.0,1545.0,3496.0,1107.0,13625.0,883.0,2696.0,3403.0,42532.0,5998.0,1668.0,749.0,867.0,438.0,404.0,262.0,314.0,393.0,578.0,431.0,3997.0,462.0,1754.0,348.0,1282.0,1463.0,21408.0,4038.0,1706.0,628.0,423.0,410.0,586.0,361.0,486.0,329.0,266.0,623.0,2017.0,250.0,895.0,312.0,1129.0,3067.0,17526.0,700.0,5600.0,400.0,1300.0,28200.0,1300.0,4700.0,300.0,200.0,1800.0,900.0,45400.0,500.0,2500.0,2900.0,1000.0,2200.0,300.0,600.0,23700.0,600.0,34200.0,3100.0,3400.0,700.0,700.0,700.0,2100.0,10800.0,600.0,900.0,1300.0,700.0,100.0,500.0,4100.0,400.0,,13200.0,6000.0,4200.0,8800.0,6500.0,1300.0,200.0,40400.0,1800.0,13300.0,3500.0,1000.0,2100.0,100.0,21600.0,800.0,200.0,700.0,200.0,2200.0,300.0,200.0,2000.0,400.0,100.0,28000.0,400.0,31400.0,400.0,200.0,1300.0,1900.0,900.0,192900.0,196.0,111.0,76.0,27.0,210.0,620.0,10450.0,11590.0,4720.0,2910.0,29670.0,6830.0,1270.0,950.0,910.0,9960.0,860.0,520.0,100.0,310.0,1790.0,100.0,20.0,100.0,240.0,170.0,200.0,7960.0,1830.0,1070.0,1330.0,12190.0,7010.0,210.0,300.0,500.0,8020.0,1470.0,110.0,50.0,120.0,1750.0,940.0,440.0,100.0,1670.0,600.0,0.0,140.0,50.0,790.0,30.0,50.0,130.0,50.0,260.0,10070.0,810.0,720.0,910.0,12510.0,890.0,130.0,140.0,60.0,1220.0,540.0,160.0,60.0,40.0,800.0,1450.0,80.0,10.0,70.0,1610.0,490.0,30.0,640.0,30.0,20.0,60.0,10.0,120.0,220.0,60.0,10.0,70.0,360.0,3620.0,480.0,320.0,330.0,4750.0,13690.0,1290.0,1040.0,1240.0,17260.0,3320.0,3340.0,530.0,520.0,7710.0,650.0,70.0,50.0,140.0,910.0,20.0,40.0,100.0,3990.0,3450.0,600.0,680.0,8720.0,2490.0,310.0,50.0,130.0,2980.0,140.0,160.0,400.0,490.0,110.0,30.0,690.0,480.0,150.0,90.0,110.0,830.0,40.0,20.0,20.0,10.0,90.0,3640.0,750.0,250.0,350.0,4990.0,7630.0,4200.0,850.0,1030.0,13710.0,70.0,90.0,20.0,40.0,220.0,1230.0,1100.0,200.0,690.0,3220.0,980.0,990.0,190.0,1090.0,3250.0,2280.0,2180.0,410.0,1820.0,6690.0,42010.0,21090.0,8090.0,8330.0,79520.0,75202.0,48499.0,123577.0,9544.0,24967.0,3665.0,39535.0,19983.0,19920.0,7199.0,17756.0,5562.0
1992-05-31,3076.505,115606.6,59050.0,13732.0,19245.0,23982.0,13196.0,101493.0,13245.0,24575.0,23752.0,27474.0,138529.0,87386.0,7528.0,11019.0,6100.0,862.0,40664.0,45938.0,3866.0,6445.0,4672.0,2266.0,2619.0,2510.0,1972.0,1501.0,3791.0,20002.0,2619.0,14158.0,4342.0,8549.0,9242.0,175156.0,18756.0,41657.0,1695.0,4373.0,2538.0,708.0,1776.0,1751.0,1003.0,327.0,1182.0,11122.0,1381.0,6028.0,3220.0,4335.0,3287.0,105139.0,10654.0,371.0,918.0,923.0,1261.0,464.0,402.0,199.0,311.0,145.0,1321.0,2965.0,798.0,5135.0,265.0,1657.0,2300.0,30089.0,6793.0,2299.0,1027.0,882.0,441.0,443.0,284.0,308.0,417.0,743.0,621.0,4406.0,333.0,2138.0,545.0,1799.0,1288.0,24767.0,4461.0,1611.0,226.0,267.0,432.0,651.0,157.0,252.0,241.0,286.0,667.0,1509.0,107.0,857.0,312.0,758.0,2367.0,15161.0,600.0,5100.0,200.0,1100.0,20600.0,1500.0,2600.0,200.0,300.0,1500.0,600.0,34300.0,900.0,2500.0,3100.0,1100.0,2000.0,400.0,1100.0,23900.0,900.0,35900.0,3600.0,6300.0,700.0,400.0,1000.0,3500.0,15900.0,300.0,700.0,1300.0,1100.0,100.0,1200.0,4700.0,400.0,,11700.0,5400.0,3000.0,7200.0,3700.0,700.0,200.0,32300.0,1300.0,8100.0,4000.0,800.0,1500.0,0.0,15700.0,700.0,200.0,500.0,100.0,1600.0,100.0,200.0,4100.0,200.0,200.0,30600.0,200.0,35600.0,300.0,300.0,1200.0,1800.0,1000.0,178700.0,101.0,215.0,101.0,10.0,86.0,513.0,5750.0,8800.0,5130.0,2560.0,22240.0,4340.0,1130.0,1130.0,820.0,7420.0,490.0,300.0,90.0,180.0,1060.0,160.0,50.0,40.0,260.0,70.0,130.0,5060.0,1510.0,1260.0,1040.0,8870.0,8170.0,120.0,310.0,580.0,9180.0,1080.0,100.0,100.0,130.0,1410.0,310.0,290.0,130.0,910.0,680.0,40.0,40.0,40.0,800.0,30.0,50.0,140.0,70.0,290.0,10270.0,600.0,720.0,1010.0,12600.0,500.0,90.0,110.0,50.0,750.0,560.0,170.0,50.0,130.0,910.0,750.0,60.0,70.0,60.0,940.0,100.0,30.0,240.0,150.0,40.0,10.0,40.0,240.0,140.0,70.0,30.0,80.0,320.0,2200.0,460.0,340.0,400.0,3400.0,12470.0,1060.0,1060.0,1410.0,16000.0,1980.0,1670.0,530.0,500.0,4680.0,400.0,80.0,120.0,160.0,760.0,70.0,30.0,140.0,2450.0,1780.0,650.0,700.0,5580.0,1900.0,130.0,120.0,220.0,2370.0,60.0,100.0,280.0,290.0,100.0,30.0,510.0,250.0,60.0,120.0,130.0,560.0,20.0,20.0,40.0,200.0,280.0,2520.0,410.0,390.0,680.0,4000.0,4970.0,2190.0,1040.0,1380.0,9580.0,70.0,30.0,0.0,10.0,110.0,640.0,1070.0,300.0,940.0,2950.0,640.0,490.0,170.0,830.0,2130.0,1350.0,1590.0,470.0,1780.0,5190.0,29600.0,15150.0,8960.0,8170.0,61880.0,295600.0,70171.0,274383.0,8116.0,46068.0,9633.0,77246.0,46355.0,28614.0,7050.0,29789.0,7905.0
1992-06-30,3402.585,130511.8,59092.0,11641.0,19903.0,19210.0,10148.0,113977.0,14441.0,19276.0,38934.0,18372.0,115527.0,86865.0,7206.0,11189.0,6455.0,895.0,33657.0,48175.0,5088.0,11657.0,3722.0,4060.0,2067.0,1462.0,1652.0,1305.0,3260.0,18898.0,2453.0,15919.0,5100.0,9586.0,8861.0,176922.0,14649.0,44908.0,2879.0,9728.0,2381.0,2455.0,1392.0,685.0,781.0,217.0,853.0,9462.0,1105.0,8011.0,3738.0,4996.0,3105.0,111345.0,9671.0,605.0,1400.0,795.0,572.0,710.0,327.0,174.0,299.0,141.0,1152.0,3534.0,746.0,5835.0,655.0,2461.0,1934.0,31011.0,5449.0,1425.0,535.0,743.0,557.0,224.0,153.0,261.0,288.0,684.0,736.0,3500.0,405.0,1083.0,428.0,1341.0,1408.0,19220.0,3888.0,1237.0,274.0,391.0,212.0,671.0,195.0,342.0,284.0,263.0,519.0,2402.0,197.0,990.0,279.0,788.0,2414.0,15346.0,500.0,7600.0,600.0,1400.0,21200.0,1300.0,3400.0,200.0,200.0,2100.0,700.0,39200.0,500.0,3600.0,2800.0,1700.0,2300.0,800.0,1300.0,27100.0,1600.0,41800.0,4500.0,5900.0,900.0,100.0,1100.0,4800.0,17600.0,200.0,600.0,2500.0,1300.0,100.0,900.0,5600.0,400.0,,17700.0,6000.0,2800.0,7500.0,4700.0,1100.0,300.0,40500.0,1400.0,9800.0,3700.0,600.0,2000.0,100.0,17600.0,900.0,100.0,700.0,100.0,1900.0,300.0,200.0,5000.0,200.0,100.0,30900.0,500.0,37200.0,200.0,200.0,1300.0,1800.0,1400.0,204600.0,162.0,83.0,40.0,33.0,128.0,446.0,7220.0,8910.0,5550.0,2350.0,24030.0,4140.0,1050.0,780.0,1280.0,7250.0,460.0,240.0,130.0,90.0,920.0,140.0,20.0,10.0,180.0,50.0,100.0,4790.0,1330.0,940.0,1390.0,8450.0,6380.0,120.0,540.0,420.0,7460.0,280.0,90.0,30.0,70.0,470.0,470.0,190.0,210.0,990.0,460.0,40.0,60.0,70.0,630.0,10.0,30.0,130.0,30.0,200.0,7600.0,480.0,970.0,720.0,9770.0,980.0,100.0,120.0,100.0,1300.0,290.0,120.0,80.0,110.0,600.0,250.0,50.0,40.0,70.0,410.0,610.0,100.0,800.0,100.0,40.0,20.0,30.0,190.0,70.0,60.0,40.0,110.0,280.0,2300.0,470.0,320.0,490.0,3580.0,9900.0,950.0,1290.0,1210.0,13350.0,1520.0,1530.0,590.0,440.0,4080.0,360.0,110.0,60.0,110.0,640.0,60.0,50.0,110.0,1940.0,1690.0,650.0,550.0,4830.0,1100.0,80.0,40.0,170.0,1390.0,140.0,70.0,360.0,160.0,90.0,40.0,360.0,240.0,60.0,170.0,100.0,570.0,10.0,60.0,360.0,260.0,690.0,1650.0,360.0,710.0,650.0,3370.0,3590.0,2050.0,1360.0,1200.0,8200.0,20.0,50.0,10.0,10.0,90.0,450.0,590.0,250.0,810.0,2100.0,440.0,600.0,180.0,740.0,1960.0,910.0,1240.0,440.0,1560.0,4150.0,26410.0,14480.0,9580.0,7710.0,58180.0,372827.0,62498.0,281859.0,12037.0,77721.0,18017.0,67723.0,57457.0,28264.0,6718.0,40531.0,8133.0
1992-07-31,5985.83,175490.2,61821.0,14468.0,21852.0,22829.0,10431.0,106152.0,15383.0,14586.0,15106.0,21701.0,151806.0,95029.0,6368.0,10871.0,6449.0,940.0,42686.0,58600.0,9349.0,5515.0,4129.0,4502.0,5388.0,2300.0,3427.0,1301.0,2907.0,22144.0,4387.0,17921.0,6346.0,15815.0,12551.0,219268.0,19448.0,53569.0,4529.0,2696.0,1668.0,2137.0,3789.0,1224.0,1976.0,317.0,743.0,11543.0,2038.0,7816.0,4624.0,9190.0,4184.0,131491.0,11711.0,1044.0,2862.0,610.0,829.0,585.0,737.0,339.0,612.0,139.0,876.0,3829.0,1613.0,7032.0,671.0,3710.0,2667.0,39866.0,6999.0,1717.0,706.0,822.0,549.0,413.0,121.0,196.0,336.0,590.0,343.0,3672.0,352.0,1551.0,485.0,1274.0,1522.0,21648.0,4528.0,2270.0,1252.0,1387.0,1083.0,1367.0,741.0,541.0,503.0,255.0,945.0,3100.0,384.0,1522.0,566.0,1641.0,4178.0,26263.0,700.0,8800.0,500.0,1700.0,32100.0,1100.0,3100.0,300.0,300.0,2100.0,1300.0,51900.0,700.0,1800.0,2900.0,2000.0,2300.0,600.0,1100.0,28400.0,900.0,40600.0,5300.0,6100.0,900.0,100.0,3200.0,4700.0,20700.0,400.0,400.0,1700.0,1000.0,100.0,800.0,4300.0,300.0,,20700.0,7600.0,2900.0,9100.0,6600.0,1200.0,400.0,48800.0,1800.0,9700.0,3800.0,800.0,1600.0,100.0,17800.0,700.0,200.0,900.0,100.0,1900.0,100.0,100.0,3600.0,200.0,100.0,28700.0,400.0,33100.0,200.0,300.0,1600.0,2100.0,1600.0,222900.0,167.0,155.0,71.0,22.0,200.0,615.0,14212.0,11506.0,5082.0,3443.0,34243.0,5566.0,1397.0,968.0,1573.0,9504.0,693.0,451.0,132.0,264.0,1540.0,253.0,33.0,220.0,517.0,209.0,253.0,6721.0,1892.0,1122.0,2079.0,11814.0,9581.0,286.0,440.0,594.0,10901.0,836.0,220.0,66.0,176.0,1298.0,1265.0,462.0,121.0,2123.0,902.0,66.0,77.0,176.0,1221.0,22.0,55.0,187.0,121.0,385.0,12617.0,1100.0,891.0,1342.0,15950.0,407.0,88.0,198.0,22.0,715.0,132.0,176.0,55.0,121.0,484.0,484.0,88.0,110.0,33.0,715.0,308.0,44.0,473.0,33.0,11.0,66.0,0.0,110.0,66.0,88.0,44.0,110.0,308.0,1430.0,495.0,484.0,396.0,2805.0,14047.0,1595.0,1375.0,1738.0,18755.0,2145.0,1584.0,363.0,594.0,4686.0,275.0,66.0,110.0,55.0,506.0,33.0,77.0,143.0,2453.0,1727.0,495.0,660.0,5335.0,1254.0,198.0,88.0,242.0,1782.0,110.0,220.0,396.0,242.0,99.0,33.0,440.0,605.0,187.0,132.0,99.0,1023.0,44.0,33.0,110.0,352.0,539.0,2255.0,737.0,418.0,770.0,4180.0,4708.0,2464.0,913.0,1430.0,9515.0,132.0,198.0,55.0,0.0,385.0,891.0,748.0,264.0,880.0,2783.0,891.0,594.0,176.0,1045.0,2706.0,1914.0,1540.0,495.0,1925.0,5874.0,41602.0,18997.0,8987.0,10615.0,80201.0,403853.0,100389.0,411548.0,24549.0,121067.0,21828.0,109689.0,60012.0,23737.0,4385.0,42620.0,9521.0
1992-08-31,6611.115,176215.2,49444.0,11760.0,19391.0,25709.0,10286.0,107511.0,18338.0,21329.0,16879.0,22276.0,160747.0,93311.0,6255.0,10948.0,6741.0,988.0,44384.0,54479.0,5643.0,5657.0,4994.0,3275.0,3447.0,1756.0,3333.0,1252.0,2982.0,18788.0,2586.0,14819.0,5732.0,15065.0,10832.0,199024.0,22087.0,50002.0,3526.0,3830.0,3495.0,1434.0,2486.0,1011.0,2176.0,215.0,985.0,9173.0,1414.0,7029.0,4378.0,9071.0,3521.0,125833.0,10979.0,916.0,1446.0,735.0,778.0,472.0,441.0,183.0,375.0,129.0,915.0,2848.0,488.0,4812.0,490.0,2721.0,2662.0,31390.0,7087.0,1914.0,342.0,642.0,495.0,414.0,196.0,299.0,386.0,683.0,394.0,4647.0,499.0,1499.0,529.0,1438.0,1375.0,22839.0,4231.0,1647.0,329.0,450.0,226.0,955.0,324.0,263.0,396.0,225.0,688.0,2120.0,185.0,1479.0,335.0,1835.0,3274.0,18962.0,500.0,8300.0,200.0,1100.0,23900.0,1500.0,2300.0,100.0,300.0,2200.0,800.0,41200.0,800.0,3000.0,2600.0,1600.0,1200.0,600.0,600.0,20900.0,900.0,32200.0,2600.0,2900.0,500.0,400.0,900.0,2400.0,9900.0,200.0,300.0,1200.0,600.0,200.0,700.0,3200.0,200.0,,18100.0,5500.0,2100.0,6800.0,5000.0,900.0,300.0,38900.0,1600.0,11400.0,3600.0,1000.0,1600.0,0.0,19200.0,600.0,200.0,800.0,100.0,1800.0,200.0,100.0,2900.0,300.0,200.0,26000.0,200.0,29700.0,300.0,200.0,2000.0,2500.0,1200.0,179900.0,177.0,180.0,49.0,28.0,140.0,574.0,10054.0,7007.0,5456.0,3212.0,25729.0,4136.0,792.0,1199.0,1067.0,7194.0,528.0,264.0,121.0,231.0,1144.0,176.0,11.0,121.0,352.0,22.0,99.0,4862.0,1111.0,1386.0,1430.0,8789.0,11044.0,352.0,319.0,737.0,12452.0,803.0,165.0,55.0,132.0,1155.0,990.0,506.0,110.0,1881.0,1155.0,66.0,66.0,121.0,1408.0,11.0,33.0,110.0,55.0,209.0,14025.0,1122.0,660.0,1320.0,17127.0,539.0,132.0,154.0,187.0,1012.0,275.0,88.0,66.0,55.0,484.0,374.0,66.0,99.0,99.0,638.0,176.0,55.0,341.0,11.0,44.0,11.0,22.0,88.0,33.0,55.0,11.0,44.0,143.0,1408.0,440.0,396.0,462.0,2706.0,15433.0,1562.0,1056.0,1782.0,19833.0,1826.0,1738.0,418.0,462.0,4444.0,231.0,66.0,77.0,242.0,616.0,55.0,33.0,99.0,2112.0,1837.0,506.0,704.0,5159.0,1166.0,154.0,88.0,231.0,1639.0,88.0,143.0,297.0,242.0,33.0,11.0,330.0,1012.0,143.0,143.0,407.0,1705.0,22.0,55.0,121.0,110.0,308.0,2530.0,528.0,418.0,803.0,4279.0,4642.0,2365.0,924.0,1507.0,9438.0,110.0,66.0,22.0,99.0,297.0,1078.0,891.0,286.0,1122.0,3377.0,759.0,704.0,253.0,858.0,2574.0,1947.0,1661.0,561.0,2079.0,6248.0,36938.0,13706.0,9383.0,10010.0,70037.0,415375.0,144565.0,346143.0,35533.0,205287.0,19116.0,112252.0,54912.0,24156.0,8806.0,32245.0,8477.0
1992-09-30,4150.2395,160025.7,54483.0,11576.0,30440.0,25799.0,13144.0,116172.0,13655.0,18032.0,28732.0,29491.0,150338.0,101869.0,7325.0,11792.0,7472.0,1043.0,41480.0,47376.0,3909.0,7812.0,4476.0,2707.0,3352.0,3979.0,1517.0,1772.0,2862.0,16937.0,2882.0,18318.0,5997.0,13387.0,11238.0,190001.0,20327.0,43960.0,1956.0,6116.0,2610.0,1090.0,2508.0,1818.0,826.0,286.0,662.0,9550.0,1457.0,7637.0,4613.0,7172.0,3757.0,116345.0,10704.0,455.0,978.0,682.0,1031.0,516.0,310.0,348.0,163.0,193.0,1114.0,2593.0,754.0,8124.0,691.0,2845.0,3031.0,34532.0,6277.0,1809.0,683.0,722.0,578.0,272.0,218.0,1524.0,298.0,965.0,448.0,3595.0,413.0,1600.0,408.0,1626.0,1750.0,23186.0,4172.0,1152.0,292.0,292.0,257.0,829.0,316.0,289.0,230.0,328.0,638.0,1199.0,258.0,957.0,285.0,1744.0,2700.0,15938.0,500.0,9400.0,500.0,1800.0,32200.0,1600.0,3600.0,300.0,200.0,2500.0,1200.0,53800.0,400.0,3100.0,4000.0,1100.0,1400.0,300.0,1100.0,25700.0,1000.0,38100.0,2400.0,4600.0,400.0,300.0,1000.0,1700.0,10600.0,900.0,600.0,700.0,500.0,100.0,700.0,3500.0,200.0,,20500.0,7400.0,3100.0,10700.0,7800.0,1200.0,200.0,51100.0,2900.0,15600.0,6200.0,1100.0,2100.0,0.0,27900.0,1100.0,300.0,700.0,100.0,2700.0,300.0,100.0,2900.0,500.0,200.0,34400.0,500.0,38800.0,400.0,300.0,1400.0,2100.0,1200.0,229900.0,209.0,351.0,118.0,36.0,142.0,856.0,14760.0,9768.0,5052.0,2964.0,32544.0,4176.0,888.0,864.0,912.0,6840.0,624.0,276.0,144.0,204.0,1248.0,348.0,12.0,108.0,480.0,84.0,120.0,5232.0,1188.0,1044.0,1224.0,8688.0,8148.0,252.0,396.0,576.0,9372.0,936.0,96.0,48.0,84.0,1164.0,480.0,156.0,108.0,888.0,372.0,24.0,60.0,108.0,564.0,36.0,36.0,204.0,36.0,312.0,9984.0,588.0,816.0,948.0,12336.0,1008.0,84.0,120.0,96.0,1308.0,336.0,84.0,108.0,48.0,576.0,516.0,84.0,24.0,120.0,744.0,144.0,24.0,240.0,0.0,36.0,36.0,24.0,96.0,24.0,132.0,36.0,156.0,348.0,2028.0,444.0,348.0,492.0,3312.0,12012.0,1032.0,1164.0,1440.0,15648.0,1620.0,1356.0,348.0,408.0,3732.0,336.0,84.0,24.0,84.0,528.0,60.0,24.0,120.0,2016.0,1464.0,384.0,516.0,4380.0,1596.0,60.0,108.0,180.0,1944.0,156.0,48.0,240.0,456.0,60.0,24.0,636.0,432.0,120.0,108.0,204.0,864.0,24.0,36.0,156.0,0.0,216.0,2664.0,324.0,408.0,504.0,3900.0,4680.0,1788.0,792.0,1020.0,8280.0,48.0,48.0,12.0,72.0,180.0,660.0,876.0,348.0,948.0,2832.0,708.0,564.0,264.0,996.0,2532.0,1416.0,1488.0,624.0,2016.0,5544.0,38100.0,15264.0,8676.0,8664.0,70704.0,393182.0,50875.0,290762.0,11757.0,62525.0,15741.0,82657.0,46307.0,23809.0,7608.0,33592.0,7719.0
1992-10-31,2841.0,150995.5,78968.0,18495.0,25762.0,36094.0,21600.0,105045.0,16834.0,19646.0,22888.0,42828.0,149447.0,107436.0,8434.0,11997.0,7622.0,1203.0,47275.0,47304.0,4143.0,9077.0,5730.0,3317.0,6852.0,4628.0,2381.0,1513.0,3266.0,24753.0,4500.0,23751.0,9360.0,19213.0,12220.0,229283.0,24557.0,43146.0,1883.0,6455.0,3078.0,1490.0,5398.0,3591.0,1399.0,279.0,642.0,15949.0,2739.0,10913.0,7382.0,11362.0,4500.0,144763.0,12151.0,500.0,1105.0,939.0,1660.0,427.0,612.0,405.0,287.0,140.0,1387.0,2515.0,1010.0,9106.0,1090.0,4431.0,2852.0,40617.0,6829.0,1959.0,475.0,1110.0,390.0,530.0,332.0,300.0,341.0,738.0,581.0,4526.0,553.0,2482.0,463.0,2051.0,1530.0,25190.0,3738.0,1699.0,680.0,573.0,602.0,870.0,510.0,332.0,354.0,356.0,656.0,1763.0,198.0,1250.0,425.0,1369.0,3338.0,18713.0,600.0,9300.0,400.0,1300.0,25300.0,2100.0,2700.0,300.0,300.0,2400.0,600.0,45500.0,300.0,1400.0,1800.0,600.0,1100.0,200.0,600.0,14300.0,400.0,20700.0,1100.0,2200.0,200.0,200.0,600.0,1000.0,5500.0,700.0,500.0,300.0,200.0,300.0,600.0,2600.0,300.0,,18600.0,6300.0,3100.0,7700.0,7000.0,900.0,400.0,44200.0,2100.0,10200.0,3700.0,1300.0,1900.0,0.0,19200.0,900.0,100.0,600.0,300.0,2500.0,200.0,200.0,1700.0,100.0,300.0,28000.0,200.0,30700.0,300.0,200.0,900.0,1400.0,800.0,173100.0,241.0,272.0,148.0,55.0,162.0,878.0,8591.0,9372.0,5588.0,3608.0,27159.0,9438.0,1100.0,1243.0,1430.0,13211.0,1386.0,374.0,99.0,253.0,2112.0,176.0,55.0,22.0,253.0,121.0,143.0,11121.0,1540.0,1353.0,1705.0,15719.0,7425.0,176.0,704.0,396.0,8701.0,2354.0,121.0,0.0,132.0,2607.0,495.0,374.0,165.0,1210.0,715.0,55.0,121.0,132.0,1023.0,11.0,44.0,220.0,66.0,341.0,11022.0,770.0,1210.0,913.0,13915.0,1243.0,77.0,154.0,110.0,1584.0,704.0,198.0,22.0,77.0,1001.0,1331.0,88.0,44.0,77.0,1540.0,242.0,11.0,341.0,44.0,88.0,0.0,22.0,154.0,55.0,77.0,22.0,66.0,220.0,3619.0,539.0,275.0,407.0,4840.0,14641.0,1309.0,1485.0,1320.0,18755.0,3333.0,2387.0,561.0,440.0,6721.0,605.0,187.0,132.0,77.0,1001.0,66.0,33.0,143.0,4004.0,2607.0,726.0,528.0,7865.0,3608.0,253.0,132.0,297.0,4290.0,506.0,319.0,913.0,704.0,143.0,44.0,968.0,858.0,132.0,132.0,253.0,1375.0,55.0,44.0,77.0,0.0,176.0,5731.0,891.0,429.0,671.0,7722.0,9735.0,3498.0,1155.0,1199.0,15587.0,110.0,154.0,44.0,33.0,341.0,913.0,946.0,308.0,1089.0,3256.0,836.0,539.0,198.0,1309.0,2882.0,1859.0,1639.0,550.0,2431.0,6479.0,45947.0,17358.0,10131.0,10263.0,83699.0,141454.0,23774.0,146613.0,6267.0,32172.0,5813.0,40861.0,22432.0,19730.0,8053.0,28182.0,5447.0
1992-11-30,1813.44,112002.6,65684.0,18417.0,21876.0,35057.0,19634.0,107331.0,17114.0,18532.0,25291.0,23422.0,130532.0,121564.0,8499.0,12107.0,8155.0,1211.0,44311.0,52961.0,5082.0,15993.0,7608.0,2930.0,7038.0,2550.0,2955.0,1956.0,3291.0,26510.0,5487.0,32300.0,8857.0,20947.0,14233.0,255009.0,21260.0,48758.0,2905.0,13061.0,5054.0,1554.0,5846.0,1720.0,1868.0,391.0,904.0,16612.0,2934.0,13469.0,6986.0,11829.0,5156.0,160307.0,11901.0,525.0,1077.0,1412.0,1437.0,359.0,444.0,302.0,278.0,121.0,1111.0,3345.0,1751.0,14822.0,690.0,5182.0,4021.0,48778.0,7521.0,2359.0,834.0,1019.0,541.0,517.0,303.0,339.0,478.0,1113.0,600.0,4410.0,563.0,2846.0,802.0,2408.0,1928.0,28581.0,3629.0,1319.0,266.0,501.0,576.0,500.0,445.0,189.0,331.0,331.0,676.0,2143.0,239.0,1163.0,379.0,1528.0,3128.0,17343.0,500.0,7000.0,400.0,1100.0,25500.0,1900.0,2900.0,300.0,200.0,2000.0,700.0,42600.0,500.0,1400.0,2000.0,900.0,900.0,500.0,400.0,13700.0,400.0,20700.0,1300.0,2500.0,500.0,300.0,500.0,1200.0,6300.0,800.0,700.0,1000.0,400.0,100.0,600.0,3600.0,400.0,,14200.0,7200.0,3600.0,9000.0,6700.0,1600.0,300.0,43000.0,1600.0,13500.0,4100.0,1300.0,1600.0,100.0,22100.0,2900.0,600.0,900.0,200.0,4900.0,200.0,200.0,2000.0,500.0,200.0,24300.0,700.0,28000.0,400.0,1200.0,1200.0,2800.0,600.0,174600.0,216.0,150.0,106.0,31.0,119.0,622.0,8904.0,10008.0,6504.0,3156.0,28572.0,11184.0,1464.0,1524.0,1524.0,15696.0,2028.0,624.0,132.0,264.0,3048.0,228.0,24.0,60.0,396.0,60.0,72.0,13500.0,2124.0,1740.0,1848.0,19212.0,9972.0,264.0,420.0,432.0,11088.0,3120.0,144.0,60.0,144.0,3468.0,1044.0,204.0,192.0,1656.0,1176.0,48.0,48.0,132.0,1404.0,48.0,24.0,144.0,120.0,336.0,15360.0,684.0,864.0,1056.0,17964.0,2112.0,156.0,216.0,108.0,2592.0,1356.0,300.0,84.0,324.0,2064.0,468.0,96.0,36.0,96.0,696.0,240.0,60.0,456.0,36.0,84.0,72.0,60.0,252.0,72.0,60.0,24.0,168.0,324.0,4284.0,756.0,468.0,876.0,6384.0,19644.0,1440.0,1332.0,1932.0,24348.0,4476.0,4272.0,612.0,456.0,9816.0,1152.0,156.0,228.0,120.0,1656.0,72.0,72.0,180.0,5700.0,4500.0,876.0,576.0,11652.0,6096.0,324.0,132.0,360.0,6912.0,672.0,552.0,1320.0,1488.0,96.0,60.0,1704.0,1344.0,168.0,336.0,240.0,2088.0,48.0,48.0,48.0,264.0,408.0,9648.0,1188.0,600.0,996.0,12432.0,15348.0,5688.0,1476.0,1572.0,24084.0,204.0,216.0,72.0,12.0,504.0,900.0,1020.0,276.0,1008.0,3204.0,1020.0,732.0,228.0,1452.0,3432.0,2124.0,1968.0,576.0,2472.0,7140.0,59520.0,21228.0,11628.0,10980.0,103356.0,10135.0,9728.0,18391.0,2463.0,10666.0,645.0,6385.0,1759.0,1269.0,9363.0,13098.0,3500.0
1992-12-31,2261.08,85668.59,59424.0,18864.0,23508.0,25213.0,13941.0,116771.0,18183.0,24458.0,36041.0,36304.0,152542.0,136512.0,7295.0,11727.0,8258.0,1157.0,44664.0,60542.0,8833.0,28277.0,5002.0,9226.0,6374.0,3035.0,4045.0,1859.0,4775.0,22369.0,5551.0,37685.0,12061.0,27658.0,20332.0,302288.0,18602.0,55852.0,5378.0,24278.0,2886.0,6960.0,5110.0,2133.0,2330.0,795.0,1771.0,11652.0,2518.0,14862.0,8821.0,15896.0,9072.0,188916.0,18664.0,1282.0,2726.0,2526.0,1263.0,883.0,611.0,597.0,864.0,201.0,1847.0,6789.0,2534.0,20133.0,2290.0,9103.0,7149.0,79462.0,3361.0,1573.0,400.0,693.0,416.0,376.0,173.0,151.0,312.0,567.0,424.0,2323.0,198.0,874.0,246.0,1041.0,1274.0,14402.0,4037.0,1835.0,329.0,780.0,437.0,1007.0,480.0,154.0,539.0,296.0,733.0,1605.0,301.0,1816.0,704.0,1618.0,2837.0,19508.0,400.0,9500.0,400.0,1500.0,45800.0,1400.0,3600.0,500.0,900.0,1800.0,500.0,66300.0,1300.0,2200.0,3500.0,1800.0,1100.0,200.0,1300.0,22000.0,700.0,34200.0,1800.0,4200.0,700.0,300.0,900.0,1700.0,9900.0,900.0,1400.0,1000.0,400.0,100.0,1000.0,4900.0,600.0,,17200.0,11200.0,7400.0,10500.0,7300.0,5600.0,700.0,60500.0,1800.0,18200.0,4500.0,1600.0,4800.0,100.0,30900.0,4800.0,300.0,2700.0,500.0,9100.0,800.0,200.0,3600.0,1000.0,500.0,37000.0,1200.0,44300.0,900.0,1400.0,1900.0,4200.0,1100.0,265400.0,454.0,270.0,327.0,99.0,227.0,1377.0,16272.0,24792.0,3636.0,3612.0,48312.0,7200.0,3132.0,780.0,1344.0,12456.0,1284.0,1296.0,48.0,336.0,2964.0,324.0,120.0,12.0,456.0,240.0,336.0,9048.0,4596.0,828.0,1740.0,16212.0,11184.0,756.0,300.0,732.0,12972.0,2820.0,144.0,72.0,96.0,3132.0,1404.0,660.0,228.0,2508.0,1092.0,96.0,48.0,132.0,1368.0,84.0,96.0,204.0,156.0,540.0,16596.0,1752.0,852.0,1332.0,20532.0,4104.0,384.0,48.0,156.0,4692.0,648.0,288.0,36.0,36.0,1008.0,696.0,120.0,12.0,72.0,900.0,2280.0,144.0,2604.0,48.0,96.0,12.0,24.0,180.0,288.0,192.0,48.0,120.0,648.0,8064.0,1224.0,240.0,504.0,10032.0,24660.0,2976.0,1092.0,1836.0,30564.0,4464.0,9048.0,276.0,720.0,14508.0,1212.0,492.0,48.0,132.0,1884.0,84.0,108.0,192.0,5760.0,9648.0,324.0,852.0,16584.0,5760.0,648.0,60.0,324.0,6792.0,828.0,888.0,1896.0,1584.0,324.0,12.0,1980.0,1380.0,552.0,144.0,252.0,2328.0,180.0,72.0,48.0,228.0,528.0,9732.0,2484.0,312.0,996.0,13524.0,15492.0,12132.0,636.0,1848.0,30108.0,228.0,372.0,24.0,36.0,660.0,3204.0,3432.0,324.0,1728.0,8688.0,1452.0,1608.0,228.0,3024.0,6312.0,4884.0,5412.0,576.0,4788.0,15660.0,70356.0,49908.0,6768.0,13824.0,140856.0,10217.0,6711.0,13955.0,1764.0,12728.0,259.0,4246.0,1701.0,604.0,9144.0,10098.0,3974.0
1993-01-31,1873.605,107283.1,48734.0,15338.0,20270.0,20973.0,14228.0,97613.0,22733.0,13089.0,16002.0,21467.0,134869.0,97520.0,6558.0,10089.0,6598.0,960.0,26948.0,62522.0,11165.0,10920.0,6938.0,4202.0,13297.0,2780.0,6984.0,1354.0,3249.0,20168.0,4230.0,25708.0,8292.0,18250.0,15687.0,242694.0,12028.0,58343.0,7155.0,8094.0,4169.0,1666.0,10699.0,1589.0,5191.0,451.0,931.0,11912.0,2439.0,12092.0,5975.0,10582.0,7204.0,160520.0,7265.0,885.0,1952.0,705.0,1059.0,525.0,1334.0,237.0,668.0,184.0,1083.0,1941.0,880.0,10143.0,1167.0,3854.0,2834.0,36716.0,4505.0,1113.0,532.0,1006.0,427.0,218.0,186.0,229.0,192.0,272.0,274.0,3492.0,299.0,1514.0,465.0,1457.0,951.0,17132.0,3150.0,2181.0,1526.0,1115.0,1283.0,1793.0,1078.0,725.0,933.0,447.0,961.0,2823.0,612.0,1959.0,685.0,2357.0,4698.0,28326.0,100.0,5800.0,200.0,1400.0,27600.0,1400.0,2600.0,400.0,100.0,2000.0,800.0,42400.0,500.0,1600.0,1600.0,200.0,500.0,300.0,600.0,8300.0,400.0,14200.0,600.0,1200.0,200.0,200.0,100.0,800.0,3100.0,500.0,200.0,400.0,200.0,200.0,400.0,1900.0,200.0,,15600.0,7000.0,3000.0,6700.0,5300.0,3000.0,300.0,41100.0,1200.0,8400.0,3300.0,700.0,1400.0,0.0,15100.0,1600.0,400.0,600.0,100.0,2800.0,400.0,100.0,1200.0,500.0,100.0,21800.0,100.0,24200.0,300.0,1100.0,800.0,2200.0,600.0,147600.0,472.0,263.0,197.0,27.0,76.0,1035.0,12000.0,10404.0,3696.0,3324.0,29424.0,7752.0,1380.0,1068.0,1176.0,11376.0,1968.0,552.0,24.0,336.0,2880.0,324.0,12.0,156.0,492.0,60.0,120.0,10104.0,1956.0,1104.0,1704.0,14868.0,11844.0,324.0,408.0,648.0,13224.0,4596.0,240.0,48.0,240.0,5124.0,2268.0,528.0,180.0,3480.0,2868.0,84.0,60.0,216.0,3228.0,72.0,84.0,60.0,12.0,228.0,21672.0,1272.0,768.0,1632.0,25344.0,1512.0,132.0,84.0,60.0,1788.0,828.0,156.0,120.0,108.0,1212.0,528.0,96.0,36.0,36.0,696.0,384.0,96.0,600.0,24.0,12.0,0.0,24.0,60.0,204.0,60.0,12.0,156.0,432.0,3480.0,552.0,252.0,504.0,4788.0,25152.0,1824.0,1020.0,2136.0,30132.0,5916.0,5628.0,492.0,636.0,12672.0,1356.0,216.0,168.0,240.0,1980.0,132.0,108.0,252.0,7404.0,5952.0,672.0,876.0,14904.0,5352.0,312.0,48.0,312.0,6024.0,948.0,684.0,1764.0,1656.0,120.0,24.0,1896.0,1404.0,216.0,156.0,204.0,1980.0,36.0,12.0,708.0,420.0,1176.0,9396.0,1344.0,1020.0,1080.0,12840.0,16800.0,7296.0,1692.0,1956.0,27744.0,132.0,96.0,12.0,12.0,252.0,2400.0,1152.0,264.0,1008.0,4824.0,1560.0,828.0,168.0,2304.0,4860.0,4092.0,2076.0,444.0,3324.0,9936.0,68148.0,23556.0,7956.0,12444.0,112104.0,7383.0,4886.0,8379.0,983.0,5178.0,348.0,3037.0,898.0,326.0,8488.0,8545.0,2530.0
1993-02-28,1772.84,86953.77,51548.0,15066.0,16919.0,24715.0,15626.0,99870.0,19906.0,15264.0,15297.0,15934.0,125562.0,116634.0,7424.0,10979.0,7448.0,1017.0,28437.0,58054.0,7297.0,7753.0,5210.0,4312.0,12569.0,1977.0,6323.0,1736.0,3812.0,27617.0,5919.0,31287.0,10078.0,18212.0,14828.0,245421.0,10743.0,52877.0,3186.0,3396.0,1197.0,1283.0,9925.0,1073.0,4411.0,322.0,817.0,16650.0,3622.0,14416.0,6819.0,10419.0,5663.0,146819.0,6996.0,799.0,919.0,765.0,711.0,688.0,1037.0,181.0,476.0,222.0,1102.0,2983.0,1401.0,12481.0,1323.0,3859.0,3451.0,39394.0,6904.0,2323.0,663.0,1452.0,497.0,398.0,331.0,190.0,392.0,677.0,611.0,5172.0,555.0,2212.0,726.0,1988.0,1600.0,26691.0,3794.0,2055.0,2529.0,2140.0,2805.0,1943.0,1276.0,533.0,1044.0,515.0,1282.0,2812.0,341.0,2178.0,1210.0,1946.0,4114.0,32517.0,200.0,4200.0,300.0,900.0,28700.0,1100.0,2200.0,300.0,100.0,1100.0,600.0,39500.0,200.0,900.0,1900.0,400.0,800.0,200.0,600.0,10300.0,500.0,16000.0,1000.0,1400.0,200.0,100.0,400.0,800.0,3900.0,400.0,400.0,700.0,200.0,100.0,500.0,2200.0,400.0,,11900.0,6100.0,3500.0,6500.0,5800.0,1900.0,300.0,36500.0,1400.0,9900.0,2600.0,1000.0,1800.0,100.0,16800.0,1800.0,200.0,500.0,200.0,3100.0,400.0,200.0,1200.0,300.0,100.0,17900.0,400.0,20500.0,200.0,600.0,800.0,1600.0,600.0,140800.0,407.0,274.0,70.0,61.0,119.0,931.0,10992.0,9324.0,6444.0,3024.0,29784.0,12480.0,2004.0,1488.0,1668.0,17640.0,2460.0,972.0,204.0,420.0,4056.0,240.0,120.0,288.0,684.0,72.0,156.0,15252.0,3132.0,1752.0,2400.0,22536.0,12948.0,372.0,372.0,792.0,14484.0,4836.0,252.0,96.0,288.0,5472.0,672.0,252.0,204.0,1380.0,2232.0,60.0,60.0,228.0,2580.0,48.0,24.0,36.0,96.0,204.0,20736.0,972.0,768.0,1656.0,24132.0,504.0,60.0,144.0,144.0,852.0,384.0,156.0,60.0,120.0,720.0,480.0,12.0,84.0,72.0,648.0,180.0,24.0,348.0,36.0,60.0,48.0,60.0,204.0,144.0,60.0,24.0,168.0,396.0,1728.0,372.0,384.0,684.0,3168.0,22464.0,1344.0,1152.0,2340.0,27300.0,6984.0,5436.0,732.0,588.0,13740.0,1260.0,216.0,192.0,252.0,1920.0,144.0,132.0,312.0,8388.0,5784.0,936.0,864.0,15972.0,7536.0,312.0,132.0,780.0,8760.0,792.0,480.0,1428.0,1476.0,192.0,48.0,1836.0,1248.0,276.0,216.0,252.0,1992.0,60.0,48.0,636.0,120.0,864.0,11112.0,1308.0,1140.0,1320.0,14880.0,19500.0,7092.0,2076.0,2184.0,30852.0,144.0,132.0,60.0,12.0,348.0,1404.0,900.0,204.0,948.0,3456.0,1536.0,840.0,288.0,1908.0,4572.0,3084.0,1872.0,552.0,2868.0,8376.0,71292.0,22764.0,11976.0,12816.0,118848.0,5566.0,6263.0,7505.0,752.0,5119.0,419.0,1313.0,1278.0,375.0,14094.0,8140.0,2337.0
1993-03-31,2049.565,95141.96,65090.0,16743.0,20864.0,33102.0,19533.0,98318.0,16330.0,15898.0,24439.0,23342.0,142395.0,145740.0,8103.0,11616.0,8278.0,1096.0,35373.0,57890.0,7052.0,10066.0,6697.0,7768.0,9124.0,3150.0,3488.0,1574.0,3752.0,28538.0,4908.0,38142.0,11011.0,16148.0,13260.0,257941.0,14566.0,52794.0,4566.0,7349.0,4507.0,6068.0,7329.0,1977.0,2237.0,240.0,1153.0,17827.0,2932.0,14881.0,8437.0,8618.0,4941.0,160422.0,9486.0,938.0,1130.0,946.0,1451.0,519.0,979.0,309.0,319.0,190.0,1309.0,2783.0,921.0,19214.0,1201.0,3553.0,3766.0,49014.0,7895.0,1997.0,954.0,1375.0,251.0,257.0,296.0,470.0,488.0,821.0,420.0,5344.0,695.0,2771.0,653.0,2411.0,1450.0,28548.0,3426.0,2161.0,402.0,396.0,488.0,924.0,520.0,394.0,444.0,323.0,870.0,2584.0,360.0,1276.0,720.0,1566.0,3103.0,19957.0,200.0,6200.0,400.0,800.0,30100.0,1600.0,2700.0,300.0,100.0,1800.0,600.0,44800.0,400.0,1200.0,2900.0,600.0,1000.0,300.0,800.0,18700.0,500.0,26500.0,2800.0,2600.0,300.0,200.0,600.0,1900.0,8400.0,500.0,1100.0,1200.0,900.0,100.0,600.0,4300.0,500.0,,12100.0,5500.0,2900.0,7400.0,4800.0,1600.0,200.0,34900.0,2200.0,11600.0,3700.0,1000.0,2200.0,0.0,20700.0,1600.0,300.0,400.0,100.0,2500.0,300.0,100.0,1300.0,200.0,400.0,24100.0,300.0,26800.0,300.0,700.0,900.0,1900.0,1100.0,171900.0,471.0,183.0,130.0,28.0,260.0,1072.0,11352.0,10212.0,6348.0,2376.0,30288.0,11256.0,1656.0,1356.0,1188.0,15456.0,1932.0,648.0,216.0,420.0,3216.0,276.0,24.0,504.0,816.0,84.0,120.0,13548.0,2340.0,1596.0,2124.0,19608.0,11508.0,552.0,516.0,648.0,13224.0,4176.0,144.0,48.0,204.0,4572.0,924.0,372.0,192.0,1620.0,1152.0,48.0,120.0,72.0,1392.0,60.0,48.0,156.0,48.0,312.0,17820.0,1164.0,1032.0,1104.0,21120.0,1092.0,144.0,192.0,36.0,1464.0,732.0,252.0,72.0,96.0,1152.0,1152.0,96.0,60.0,408.0,1716.0,1512.0,60.0,1704.0,60.0,0.0,36.0,12.0,108.0,120.0,156.0,84.0,72.0,432.0,4668.0,708.0,516.0,684.0,6576.0,22488.0,1872.0,1548.0,1788.0,27696.0,4428.0,4224.0,816.0,552.0,10020.0,924.0,132.0,276.0,144.0,1476.0,156.0,48.0,228.0,5508.0,4404.0,1104.0,708.0,11724.0,5508.0,288.0,228.0,372.0,6396.0,396.0,312.0,840.0,864.0,120.0,84.0,1164.0,852.0,168.0,156.0,180.0,1356.0,24.0,36.0,96.0,48.0,204.0,7644.0,924.0,636.0,756.0,9960.0,13152.0,5328.0,1740.0,1464.0,21684.0,204.0,264.0,72.0,60.0,600.0,1116.0,888.0,468.0,852.0,3324.0,1632.0,744.0,276.0,1320.0,3972.0,2952.0,1896.0,816.0,2232.0,7896.0,63492.0,21648.0,12048.0,9984.0,107172.0,25674.0,13327.0,31531.0,6123.0,21612.0,417.0,3880.0,1821.0,851.0,8272.0,8947.0,2093.0
1993-04-30,2932.265,104902.6,64375.0,15040.0,20579.0,29677.0,21763.0,86891.0,16913.0,32086.0,23956.0,39428.0,165889.0,141311.0,7878.0,11996.0,8489.0,1148.0,39997.0,49058.0,8722.0,9140.0,6269.0,3885.0,9167.0,8761.0,3181.0,1721.0,4721.0,20515.0,3440.0,23962.0,8091.0,11786.0,13892.0,226308.0,16546.0,44686.0,5598.0,6523.0,3720.0,1871.0,7275.0,7104.0,1965.0,242.0,1607.0,11059.0,1639.0,10836.0,6271.0,6343.0,5453.0,138738.0,11944.0,498.0,1707.0,1175.0,1354.0,577.0,682.0,603.0,346.0,250.0,1575.0,3670.0,1091.0,10227.0,872.0,2410.0,3375.0,42356.0,6903.0,2017.0,797.0,803.0,623.0,536.0,330.0,467.0,369.0,841.0,602.0,4458.0,483.0,1783.0,522.0,1957.0,1781.0,25272.0,4604.0,1857.0,620.0,639.0,572.0,901.0,880.0,587.0,501.0,388.0,937.0,1328.0,227.0,1116.0,426.0,1076.0,3283.0,19942.0,200.0,6000.0,500.0,1500.0,31700.0,1500.0,3400.0,200.0,100.0,1700.0,600.0,47300.0,300.0,2400.0,2800.0,600.0,1600.0,100.0,600.0,21800.0,800.0,31000.0,2900.0,4200.0,700.0,200.0,400.0,1900.0,10500.0,500.0,700.0,1000.0,900.0,100.0,800.0,4100.0,400.0,,16300.0,6000.0,4400.0,8400.0,6700.0,1800.0,500.0,44600.0,2200.0,11700.0,4600.0,1100.0,2100.0,0.0,21800.0,1000.0,300.0,500.0,0.0,2400.0,200.0,100.0,2000.0,200.0,100.0,22300.0,300.0,25300.0,300.0,900.0,1000.0,2200.0,900.0,189900.0,324.0,86.0,88.0,20.0,162.0,680.0,11374.0,12870.0,5214.0,2453.0,31911.0,6875.0,1177.0,1144.0,1133.0,10329.0,869.0,374.0,165.0,506.0,1914.0,187.0,22.0,143.0,363.0,132.0,220.0,8063.0,1595.0,1364.0,1804.0,12826.0,8239.0,187.0,385.0,484.0,9295.0,3949.0,110.0,55.0,88.0,4202.0,1452.0,473.0,99.0,2244.0,1023.0,66.0,33.0,33.0,1155.0,0.0,33.0,220.0,33.0,286.0,14696.0,869.0,803.0,869.0,17237.0,1386.0,132.0,143.0,143.0,1804.0,517.0,176.0,132.0,99.0,924.0,2948.0,121.0,22.0,176.0,3267.0,275.0,77.0,429.0,88.0,22.0,0.0,44.0,154.0,330.0,77.0,0.0,77.0,484.0,5544.0,605.0,308.0,605.0,7062.0,20240.0,1474.0,1111.0,1474.0,24299.0,2453.0,2343.0,363.0,462.0,5621.0,649.0,110.0,121.0,176.0,1056.0,121.0,33.0,209.0,3223.0,2486.0,528.0,649.0,6886.0,2651.0,220.0,66.0,308.0,3245.0,209.0,165.0,495.0,396.0,143.0,33.0,660.0,583.0,198.0,165.0,198.0,1144.0,55.0,66.0,0.0,33.0,154.0,3894.0,792.0,330.0,682.0,5698.0,7117.0,3278.0,858.0,1331.0,12584.0,154.0,143.0,33.0,44.0,374.0,891.0,1177.0,341.0,737.0,3146.0,1353.0,935.0,231.0,649.0,3168.0,2398.0,2255.0,605.0,1430.0,6688.0,49192.0,21472.0,9152.0,8492.0,88308.0,71018.0,52240.0,128160.0,8270.0,26168.0,5443.0,32940.0,17762.0,12933.0,4837.0,16749.0,4040.0
1993-05-31,3113.255,117794.5,66516.0,14920.0,22562.0,25975.0,16528.0,93242.0,17182.0,28078.0,26053.0,28040.0,142535.0,167417.0,7580.0,11472.0,8335.0,1093.0,46753.0,52049.0,5596.0,9405.0,6299.0,3428.0,4954.0,3972.0,3976.0,1712.0,4793.0,22071.0,2992.0,17530.0,5605.0,10290.0,11899.0,213324.0,20879.0,48093.0,3113.0,7342.0,4410.0,1753.0,3598.0,2728.0,2289.0,260.0,1364.0,10046.0,1520.0,8121.0,4324.0,5447.0,3976.0,129263.0,13259.0,396.0,1097.0,791.0,1046.0,419.0,510.0,240.0,298.0,251.0,1348.0,1841.0,730.0,6268.0,450.0,1823.0,2862.0,33629.0,7861.0,1940.0,1073.0,939.0,549.0,584.0,315.0,532.0,863.0,955.0,1135.0,8771.0,575.0,2286.0,562.0,2119.0,2404.0,33463.0,4754.0,1620.0,313.0,333.0,294.0,672.0,531.0,472.0,526.0,246.0,946.0,1413.0,167.0,855.0,269.0,901.0,2657.0,16969.0,200.0,5400.0,300.0,1100.0,19700.0,1100.0,3100.0,600.0,200.0,1600.0,900.0,34200.0,700.0,3200.0,3900.0,1200.0,1800.0,500.0,400.0,27400.0,1100.0,40300.0,2900.0,4600.0,1000.0,400.0,600.0,3400.0,13200.0,500.0,800.0,1500.0,2000.0,100.0,1300.0,6200.0,100.0,,13000.0,4900.0,2600.0,9200.0,4300.0,1200.0,300.0,35500.0,2900.0,9800.0,3700.0,800.0,1800.0,100.0,19200.0,1000.0,200.0,400.0,100.0,1600.0,100.0,100.0,3000.0,200.0,200.0,27900.0,200.0,31700.0,300.0,700.0,800.0,1800.0,1400.0,185100.0,205.0,336.0,89.0,10.0,253.0,893.0,5049.0,7161.0,5599.0,2387.0,20196.0,6215.0,836.0,1122.0,1287.0,9460.0,737.0,319.0,143.0,275.0,1474.0,440.0,22.0,44.0,561.0,154.0,242.0,7546.0,1199.0,1353.0,1639.0,11737.0,7909.0,220.0,550.0,363.0,9042.0,1650.0,154.0,33.0,44.0,1881.0,473.0,407.0,231.0,1232.0,1749.0,99.0,110.0,99.0,2057.0,22.0,66.0,154.0,77.0,319.0,11836.0,946.0,1089.0,704.0,14575.0,1342.0,110.0,121.0,572.0,2145.0,429.0,231.0,44.0,99.0,803.0,1056.0,154.0,33.0,187.0,1430.0,198.0,44.0,341.0,154.0,44.0,11.0,33.0,242.0,209.0,44.0,22.0,88.0,363.0,3388.0,627.0,286.0,1023.0,5324.0,15224.0,1573.0,1375.0,1727.0,19899.0,2024.0,1397.0,495.0,319.0,4235.0,319.0,33.0,99.0,110.0,561.0,11.0,77.0,132.0,2354.0,1507.0,616.0,451.0,4928.0,1694.0,55.0,110.0,286.0,2145.0,176.0,77.0,352.0,341.0,66.0,11.0,495.0,627.0,132.0,132.0,264.0,1155.0,11.0,11.0,99.0,286.0,407.0,2849.0,341.0,440.0,924.0,4554.0,5203.0,1848.0,1056.0,1375.0,9482.0,66.0,176.0,22.0,22.0,286.0,968.0,1012.0,275.0,1034.0,3289.0,715.0,495.0,253.0,1287.0,2750.0,1749.0,1683.0,550.0,2343.0,6325.0,34771.0,13464.0,9933.0,9471.0,67639.0,323397.0,71082.0,270780.0,5567.0,46635.0,10692.0,64091.0,43632.0,20268.0,5106.0,31641.0,6838.0
1993-06-30,3461.505,139187.5,61060.0,12256.0,22044.0,21074.0,12675.0,106278.0,15651.0,17261.0,38590.0,18352.0,139250.0,160927.0,7179.0,11553.0,8357.0,1072.0,38222.0,50797.0,6586.0,18804.0,6475.0,6757.0,3356.0,1557.0,2922.0,1713.0,3220.0,20132.0,2448.0,14169.0,5368.0,10200.0,11899.0,204625.0,17630.0,47255.0,4087.0,15855.0,4573.0,4610.0,2284.0,955.0,1842.0,342.0,820.0,10573.0,916.0,6572.0,4031.0,4865.0,4600.0,131810.0,10217.0,558.0,1389.0,1367.0,851.0,537.0,595.0,155.0,332.0,257.0,914.0,3461.0,936.0,4954.0,683.0,2701.0,3049.0,32956.0,6901.0,1801.0,740.0,1058.0,662.0,470.0,191.0,215.0,347.0,746.0,655.0,3055.0,345.0,1667.0,319.0,1225.0,1531.0,21928.0,3474.0,1183.0,370.0,524.0,389.0,1140.0,286.0,232.0,401.0,368.0,831.0,3043.0,251.0,976.0,335.0,1409.0,2719.0,17931.0,400.0,8200.0,500.0,1300.0,23000.0,1300.0,3300.0,300.0,300.0,1600.0,900.0,41100.0,900.0,3100.0,4100.0,1400.0,1500.0,900.0,1000.0,28800.0,1300.0,42900.0,5300.0,5900.0,1100.0,600.0,800.0,4000.0,18200.0,500.0,1100.0,2200.0,1100.0,200.0,600.0,5600.0,300.0,,19300.0,7100.0,2900.0,10200.0,5900.0,1800.0,300.0,47800.0,2200.0,11300.0,3200.0,800.0,2700.0,100.0,20200.0,1000.0,100.0,400.0,100.0,1700.0,100.0,300.0,4600.0,200.0,100.0,31900.0,400.0,37400.0,200.0,1000.0,900.0,2200.0,1400.0,218400.0,141.0,180.0,103.0,31.0,110.0,565.0,7830.0,8235.0,5922.0,2637.0,24624.0,4626.0,1026.0,792.0,1323.0,7767.0,387.0,234.0,126.0,207.0,954.0,126.0,36.0,81.0,279.0,81.0,180.0,5220.0,1341.0,972.0,1647.0,9180.0,5220.0,216.0,423.0,333.0,6192.0,630.0,99.0,72.0,72.0,873.0,531.0,279.0,162.0,1170.0,810.0,63.0,45.0,108.0,1026.0,0.0,54.0,279.0,45.0,378.0,7200.0,720.0,981.0,756.0,9657.0,1683.0,144.0,171.0,225.0,2223.0,702.0,90.0,27.0,81.0,900.0,315.0,63.0,27.0,90.0,495.0,738.0,63.0,873.0,45.0,72.0,0.0,18.0,135.0,54.0,45.0,18.0,126.0,243.0,3537.0,477.0,270.0,585.0,4869.0,10737.0,1197.0,1251.0,1341.0,14526.0,2970.0,1557.0,432.0,486.0,5445.0,180.0,117.0,108.0,99.0,504.0,72.0,18.0,117.0,3222.0,1692.0,558.0,594.0,6066.0,792.0,126.0,99.0,270.0,1287.0,99.0,72.0,243.0,99.0,81.0,63.0,270.0,288.0,135.0,108.0,135.0,666.0,9.0,36.0,207.0,171.0,423.0,1287.0,450.0,504.0,648.0,2889.0,4509.0,2142.0,1062.0,1242.0,8955.0,153.0,117.0,18.0,36.0,324.0,648.0,801.0,315.0,666.0,2430.0,603.0,495.0,198.0,1026.0,2322.0,1404.0,1413.0,531.0,1728.0,5076.0,29700.0,14328.0,9738.0,8595.0,62361.0,361747.0,57740.0,252930.0,12323.0,80467.0,17482.0,57534.0,52491.0,16177.0,5360.0,34401.0,5829.0
1993-07-31,6265.74,183571.9,66226.0,16268.0,22853.0,24891.0,13714.0,99296.0,18937.0,15304.0,18199.0,19621.0,169844.0,152089.0,6728.0,10990.0,8290.0,1117.0,45813.0,56826.0,10830.0,7183.0,4491.0,6758.0,8186.0,2713.0,5283.0,1874.0,3145.0,25214.0,3827.0,19561.0,8721.0,19596.0,14698.0,244719.0,21808.0,51744.0,5756.0,4051.0,1836.0,3919.0,5847.0,1582.0,2999.0,285.0,869.0,12786.0,1892.0,9699.0,6643.0,11898.0,5334.0,148948.0,11696.0,1036.0,2688.0,658.0,795.0,564.0,856.0,213.0,814.0,256.0,826.0,4546.0,1105.0,6605.0,1143.0,4351.0,3158.0,41310.0,7405.0,1855.0,963.0,909.0,571.0,372.0,247.0,287.0,595.0,884.0,579.0,3882.0,544.0,1985.0,396.0,1658.0,1571.0,24703.0,4904.0,2191.0,1423.0,1565.0,1289.0,1903.0,1236.0,631.0,875.0,449.0,871.0,4000.0,286.0,1272.0,539.0,1689.0,4635.0,29758.0,300.0,7400.0,400.0,1400.0,27900.0,800.0,3200.0,300.0,200.0,1900.0,1000.0,44900.0,400.0,2900.0,3000.0,1400.0,1700.0,500.0,1000.0,27700.0,600.0,39300.0,5600.0,6400.0,700.0,1100.0,600.0,4000.0,18700.0,200.0,200.0,2300.0,1200.0,100.0,1000.0,5000.0,200.0,,21300.0,7500.0,2600.0,7300.0,7100.0,1100.0,300.0,47400.0,1900.0,8900.0,3100.0,1000.0,2100.0,0.0,17000.0,800.0,200.0,900.0,200.0,2100.0,200.0,100.0,4200.0,200.0,300.0,23700.0,200.0,29000.0,500.0,1100.0,700.0,2300.0,1400.0,207100.0,190.0,223.0,122.0,0.0,213.0,748.0,11044.0,7568.0,5929.0,3289.0,27830.0,6193.0,1232.0,891.0,1628.0,9944.0,726.0,495.0,165.0,198.0,1584.0,341.0,33.0,242.0,638.0,187.0,286.0,7447.0,1804.0,1078.0,2123.0,12452.0,10549.0,319.0,473.0,572.0,11913.0,1496.0,407.0,55.0,242.0,2200.0,1342.0,539.0,77.0,2255.0,1441.0,110.0,77.0,143.0,1771.0,11.0,55.0,297.0,88.0,451.0,14850.0,1441.0,979.0,1364.0,18634.0,660.0,99.0,165.0,66.0,990.0,165.0,121.0,121.0,88.0,495.0,517.0,143.0,33.0,44.0,737.0,550.0,55.0,638.0,22.0,0.0,11.0,22.0,55.0,99.0,44.0,11.0,77.0,231.0,2013.0,462.0,363.0,308.0,3146.0,16863.0,1903.0,1342.0,1672.0,21780.0,2145.0,1804.0,451.0,440.0,4840.0,484.0,77.0,44.0,132.0,737.0,55.0,88.0,165.0,2684.0,1969.0,517.0,572.0,5742.0,1683.0,198.0,110.0,319.0,2310.0,209.0,143.0,418.0,253.0,88.0,33.0,440.0,858.0,220.0,132.0,253.0,1463.0,33.0,11.0,407.0,121.0,572.0,3036.0,660.0,726.0,781.0,5203.0,5720.0,2629.0,1243.0,1353.0,10945.0,286.0,143.0,22.0,44.0,495.0,1353.0,990.0,297.0,792.0,3432.0,869.0,671.0,198.0,693.0,2431.0,2508.0,1804.0,517.0,1529.0,6358.0,43582.0,15708.0,10109.0,9966.0,79365.0,389941.0,101951.0,445915.0,25047.0,119144.0,23971.0,109513.0,60913.0,15433.0,5622.0,34487.0,8141.0
1993-08-31,6857.8,185953.0,54776.0,13082.0,19182.0,27276.0,13622.0,115090.0,20471.0,21762.0,21150.0,19006.0,184030.0,156460.0,7335.0,11304.0,8415.0,1138.0,54725.0,62900.0,6961.0,7247.0,6900.0,4489.0,7948.0,2740.0,5943.0,2228.0,3373.0,19081.0,3015.0,17447.0,5832.0,15553.0,13525.0,239907.0,27789.0,57997.0,4734.0,5139.0,4900.0,2083.0,6414.0,1810.0,4346.0,445.0,965.0,9657.0,1270.0,7857.0,4367.0,9718.0,5360.0,154851.0,14429.0,839.0,1127.0,867.0,964.0,686.0,725.0,214.0,321.0,302.0,1261.0,2955.0,965.0,6801.0,633.0,2485.0,3376.0,38950.0,7595.0,2005.0,684.0,818.0,589.0,475.0,343.0,329.0,581.0,1036.0,519.0,4619.0,380.0,1578.0,409.0,1360.0,1826.0,25146.0,4912.0,2059.0,416.0,423.0,447.0,1245.0,466.0,387.0,695.0,445.0,628.0,1850.0,400.0,1211.0,423.0,1990.0,2963.0,20960.0,700.0,6700.0,600.0,1200.0,25000.0,1100.0,2700.0,300.0,300.0,1700.0,1000.0,41200.0,600.0,2500.0,2800.0,1100.0,1400.0,300.0,900.0,21800.0,600.0,31900.0,2500.0,3400.0,500.0,600.0,600.0,2200.0,9900.0,300.0,500.0,1000.0,900.0,100.0,700.0,3500.0,300.0,,16400.0,6100.0,2100.0,6400.0,5100.0,1400.0,500.0,38400.0,1700.0,10300.0,3500.0,1500.0,1800.0,100.0,19000.0,1200.0,100.0,600.0,300.0,2300.0,200.0,100.0,3900.0,300.0,200.0,24500.0,100.0,29300.0,400.0,1000.0,900.0,2300.0,1000.0,178800.0,206.0,280.0,80.0,13.0,119.0,698.0,9658.0,6875.0,6369.0,3916.0,26818.0,4829.0,957.0,1122.0,1001.0,7909.0,583.0,253.0,143.0,198.0,1177.0,165.0,33.0,77.0,341.0,55.0,66.0,5632.0,1254.0,1331.0,1276.0,9493.0,10725.0,429.0,297.0,319.0,11770.0,1628.0,198.0,44.0,99.0,1969.0,1265.0,341.0,242.0,2167.0,1980.0,143.0,165.0,55.0,2343.0,66.0,55.0,374.0,77.0,572.0,15686.0,1166.0,1122.0,869.0,18843.0,462.0,154.0,154.0,88.0,858.0,451.0,99.0,44.0,132.0,726.0,649.0,88.0,22.0,132.0,891.0,231.0,66.0,341.0,22.0,22.0,11.0,33.0,88.0,110.0,99.0,22.0,77.0,308.0,1925.0,528.0,264.0,495.0,3212.0,17611.0,1694.0,1386.0,1364.0,22055.0,2002.0,1705.0,440.0,528.0,4675.0,253.0,77.0,88.0,110.0,528.0,66.0,11.0,88.0,2321.0,1793.0,528.0,649.0,5291.0,1243.0,110.0,132.0,330.0,1815.0,209.0,121.0,451.0,209.0,66.0,44.0,374.0,1188.0,264.0,143.0,341.0,1936.0,44.0,11.0,33.0,22.0,110.0,2893.0,572.0,407.0,814.0,4686.0,5214.0,2365.0,935.0,1463.0,9977.0,231.0,132.0,11.0,33.0,407.0,1474.0,869.0,264.0,715.0,3322.0,1034.0,605.0,165.0,704.0,2508.0,2739.0,1606.0,440.0,1452.0,6237.0,40854.0,13794.0,10461.0,9471.0,74580.0,419367.0,140900.0,379329.0,35987.0,197926.0,18716.0,96999.0,54197.0,15111.0,7965.0,29412.0,6870.0
1993-09-30,4346.09,171384.6,60665.0,12236.0,28883.0,28739.0,17479.0,115149.0,16493.0,18261.0,22718.0,18441.0,141434.0,151842.0,8095.0,11505.0,8271.0,1146.0,52615.0,48405.0,4381.0,10110.0,5154.0,4305.0,7191.0,2726.0,3295.0,1509.0,2856.0,20436.0,3032.0,19392.0,7711.0,17731.0,13183.0,224032.0,25792.0,44098.0,2353.0,7179.0,3194.0,2013.0,5758.0,1586.0,1842.0,174.0,545.0,10967.0,1307.0,8053.0,5995.0,9325.0,4560.0,134741.0,13567.0,379.0,1053.0,1214.0,1085.0,562.0,390.0,183.0,396.0,227.0,1139.0,2513.0,832.0,7512.0,758.0,3251.0,3820.0,38881.0,7592.0,1895.0,673.0,1255.0,650.0,716.0,358.0,560.0,576.0,755.0,697.0,5307.0,549.0,2563.0,677.0,2769.0,1938.0,29530.0,5664.0,2033.0,302.0,462.0,225.0,1014.0,685.0,397.0,481.0,353.0,475.0,1649.0,344.0,1264.0,281.0,2386.0,2865.0,20880.0,500.0,7700.0,600.0,1900.0,32900.0,1500.0,3100.0,200.0,300.0,2000.0,800.0,51600.0,700.0,4200.0,4000.0,1900.0,1100.0,200.0,600.0,26700.0,800.0,40200.0,2000.0,5000.0,300.0,600.0,1100.0,1700.0,10900.0,400.0,1000.0,900.0,600.0,200.0,1000.0,4000.0,200.0,,21700.0,8400.0,2900.0,9300.0,6700.0,2000.0,400.0,51400.0,3600.0,12800.0,5900.0,1400.0,2100.0,100.0,25900.0,1600.0,300.0,800.0,200.0,3300.0,400.0,100.0,2700.0,200.0,100.0,33200.0,200.0,37000.0,700.0,1300.0,1300.0,3400.0,1000.0,228800.0,235.0,175.0,90.0,30.0,195.0,725.0,17556.0,8904.0,5520.0,2868.0,34848.0,5616.0,816.0,1020.0,1032.0,8484.0,564.0,264.0,108.0,216.0,1152.0,264.0,12.0,96.0,384.0,60.0,96.0,6504.0,1104.0,1152.0,1356.0,10116.0,8760.0,300.0,492.0,600.0,10152.0,1944.0,156.0,72.0,96.0,2268.0,456.0,228.0,240.0,1140.0,1044.0,108.0,48.0,120.0,1320.0,36.0,72.0,132.0,48.0,288.0,12264.0,864.0,996.0,1092.0,15216.0,1200.0,108.0,84.0,48.0,1440.0,540.0,156.0,60.0,132.0,888.0,672.0,36.0,24.0,72.0,804.0,204.0,72.0,444.0,12.0,60.0,24.0,72.0,168.0,84.0,84.0,60.0,72.0,300.0,2712.0,516.0,300.0,516.0,4044.0,14976.0,1380.0,1296.0,1608.0,19260.0,1728.0,1452.0,360.0,408.0,3948.0,324.0,96.0,132.0,72.0,624.0,60.0,48.0,168.0,2112.0,1596.0,528.0,504.0,4740.0,1692.0,108.0,84.0,132.0,2016.0,156.0,120.0,312.0,456.0,72.0,12.0,744.0,444.0,108.0,156.0,144.0,852.0,24.0,36.0,156.0,72.0,288.0,2772.0,444.0,420.0,576.0,4212.0,4884.0,2040.0,948.0,1080.0,8952.0,324.0,204.0,24.0,48.0,600.0,828.0,924.0,156.0,948.0,2856.0,720.0,528.0,204.0,708.0,2160.0,1872.0,1656.0,384.0,1704.0,5616.0,45792.0,15084.0,9300.0,8616.0,78792.0,376068.0,59620.0,320074.0,12726.0,68877.0,17826.0,83525.0,51113.0,17236.0,6844.0,33323.0,6799.0
1993-10-31,3154.73,169834.5,84066.0,20325.0,26664.0,40729.0,29875.0,111461.0,18426.0,18827.0,24598.0,35387.0,152348.0,150471.0,9396.0,11784.0,8281.0,1197.0,47962.0,50477.0,6474.0,10594.0,7179.0,4683.0,10583.0,8122.0,5657.0,2190.0,3172.0,27477.0,5058.0,27938.0,12947.0,22018.0,14713.0,267244.0,24548.0,46601.0,3233.0,7720.0,4092.0,2272.0,9012.0,6402.0,4009.0,524.0,817.0,17966.0,3109.0,13412.0,10645.0,13831.0,6144.0,174337.0,11768.0,516.0,1542.0,1003.0,1643.0,720.0,475.0,627.0,380.0,178.0,970.0,2647.0,1151.0,10649.0,1285.0,4573.0,3143.0,43270.0,7438.0,2313.0,1012.0,1407.0,1033.0,835.0,402.0,660.0,571.0,1094.0,784.0,5569.0,621.0,2906.0,751.0,2555.0,2316.0,32267.0,4208.0,1047.0,687.0,464.0,411.0,856.0,694.0,433.0,697.0,394.0,601.0,1295.0,177.0,971.0,266.0,1059.0,3110.0,17370.0,700.0,6900.0,600.0,2000.0,26700.0,1500.0,2900.0,100.0,200.0,2200.0,900.0,44700.0,200.0,1900.0,2500.0,700.0,900.0,100.0,600.0,14800.0,500.0,22300.0,1100.0,2400.0,300.0,300.0,400.0,1200.0,6000.0,400.0,700.0,400.0,400.0,200.0,600.0,2700.0,200.0,,17300.0,6900.0,3000.0,8500.0,8200.0,2000.0,200.0,46300.0,2700.0,10400.0,4300.0,1100.0,2200.0,100.0,20800.0,2100.0,200.0,400.0,300.0,3600.0,100.0,300.0,1600.0,200.0,200.0,25000.0,400.0,27800.0,300.0,800.0,800.0,1900.0,700.0,176900.0,510.0,226.0,138.0,18.0,184.0,1076.0,9888.0,9348.0,5748.0,2688.0,27672.0,12396.0,900.0,1632.0,1236.0,16164.0,1584.0,408.0,168.0,204.0,2364.0,372.0,36.0,60.0,492.0,132.0,192.0,14484.0,1356.0,1848.0,1524.0,19212.0,8808.0,216.0,444.0,528.0,9996.0,4848.0,96.0,36.0,120.0,5100.0,1128.0,324.0,144.0,1776.0,2040.0,36.0,228.0,156.0,2460.0,60.0,60.0,192.0,96.0,408.0,16932.0,732.0,1044.0,1080.0,19788.0,2676.0,120.0,216.0,96.0,3108.0,444.0,216.0,36.0,180.0,876.0,2652.0,120.0,60.0,168.0,3000.0,240.0,48.0,408.0,48.0,12.0,48.0,48.0,156.0,84.0,144.0,36.0,108.0,372.0,6144.0,660.0,432.0,684.0,7920.0,23076.0,1392.0,1476.0,1764.0,27708.0,4200.0,2568.0,540.0,492.0,7800.0,768.0,96.0,180.0,120.0,1164.0,108.0,36.0,144.0,5076.0,2700.0,720.0,612.0,9108.0,5544.0,276.0,216.0,264.0,6300.0,348.0,360.0,816.0,876.0,144.0,36.0,1140.0,1116.0,120.0,132.0,204.0,1572.0,84.0,60.0,60.0,84.0,288.0,7968.0,960.0,504.0,684.0,10116.0,13044.0,3660.0,1224.0,1296.0,19224.0,324.0,264.0,36.0,36.0,660.0,1008.0,1260.0,408.0,780.0,3456.0,636.0,552.0,156.0,504.0,1848.0,1968.0,2076.0,600.0,1320.0,5964.0,62460.0,17832.0,10896.0,8592.0,99780.0,183977.0,30865.0,181641.0,6095.0,32848.0,6406.0,47470.0,29807.0,17018.0,7533.0,29409.0,5016.0
1993-11-30,2142.21,125275.4,70214.0,19836.0,20034.0,35777.0,27672.0,110877.0,19906.0,17489.0,24898.0,19310.0,131952.0,143454.0,9131.0,11674.0,8061.0,1195.0,38263.0,54778.0,7329.0,20321.0,13203.0,5106.0,11000.0,2984.0,6986.0,2698.0,3658.0,26577.0,5470.0,34615.0,10222.0,25721.0,17023.0,285954.0,17909.0,50866.0,4704.0,16009.0,9734.0,2959.0,9741.0,2106.0,5245.0,629.0,1066.0,16539.0,3026.0,14526.0,8221.0,15252.0,6855.0,185387.0,8880.0,301.0,1123.0,1745.0,2130.0,500.0,700.0,249.0,380.0,231.0,1193.0,3059.0,1438.0,15182.0,856.0,5821.0,5423.0,49211.0,8269.0,2794.0,1113.0,1586.0,869.0,850.0,335.0,436.0,885.0,1559.0,846.0,5404.0,741.0,3451.0,726.0,3209.0,2369.0,35442.0,3205.0,817.0,389.0,981.0,470.0,797.0,224.0,193.0,476.0,279.0,553.0,1575.0,265.0,1456.0,419.0,1439.0,2376.0,15914.0,300.0,5600.0,200.0,1300.0,25900.0,1300.0,3200.0,400.0,300.0,1600.0,600.0,40800.0,300.0,1300.0,1700.0,600.0,800.0,200.0,300.0,13000.0,800.0,18900.0,1300.0,1800.0,600.0,400.0,500.0,1300.0,6200.0,600.0,800.0,900.0,400.0,100.0,700.0,3400.0,400.0,,16100.0,7600.0,4600.0,8800.0,6300.0,2300.0,400.0,46500.0,2300.0,11000.0,3800.0,1000.0,2400.0,200.0,20600.0,4000.0,200.0,700.0,300.0,5700.0,400.0,200.0,2000.0,700.0,200.0,19300.0,1100.0,23800.0,200.0,1800.0,1100.0,3200.0,1300.0,170300.0,197.0,169.0,128.0,63.0,132.0,689.0,8710.0,9477.0,6513.0,2496.0,27196.0,13091.0,1534.0,1300.0,962.0,16887.0,2431.0,611.0,91.0,351.0,3484.0,143.0,78.0,65.0,312.0,91.0,156.0,15756.0,2262.0,1417.0,1404.0,20839.0,10868.0,247.0,585.0,494.0,12194.0,5746.0,169.0,65.0,78.0,6058.0,1391.0,390.0,130.0,2054.0,3029.0,78.0,143.0,208.0,3458.0,65.0,52.0,182.0,52.0,351.0,21177.0,936.0,1105.0,988.0,24206.0,2015.0,169.0,221.0,130.0,2535.0,2067.0,468.0,130.0,143.0,2808.0,819.0,65.0,13.0,26.0,923.0,468.0,39.0,598.0,65.0,39.0,39.0,26.0,169.0,143.0,143.0,117.0,195.0,598.0,5577.0,923.0,559.0,572.0,7631.0,26754.0,1859.0,1664.0,1560.0,31837.0,6318.0,5668.0,689.0,650.0,13325.0,1352.0,234.0,117.0,156.0,1859.0,91.0,117.0,260.0,7761.0,6019.0,832.0,832.0,15444.0,7852.0,325.0,182.0,351.0,8710.0,884.0,572.0,1573.0,1599.0,221.0,78.0,1976.0,1612.0,312.0,221.0,325.0,2470.0,130.0,78.0,156.0,78.0,442.0,12077.0,1508.0,702.0,884.0,15171.0,19838.0,7527.0,1534.0,1716.0,30615.0,468.0,403.0,52.0,91.0,1014.0,1066.0,1456.0,312.0,923.0,3757.0,611.0,377.0,169.0,442.0,1599.0,2145.0,2236.0,533.0,1456.0,6370.0,73203.0,23361.0,11661.0,8632.0,116857.0,15152.0,7749.0,25631.0,3461.0,10431.0,420.0,5595.0,1767.0,347.0,7978.0,12526.0,2476.0
1993-12-31,2375.725,90986.6,62396.0,18322.0,23868.0,26234.0,16991.0,146820.0,22130.0,23044.0,33817.0,35167.0,147202.0,149113.0,7950.0,11204.0,7841.0,1119.0,44168.0,67103.0,9600.0,33317.0,5589.0,15849.0,11302.0,5008.0,7975.0,1935.0,4771.0,23441.0,6224.0,40536.0,11678.0,30713.0,24856.0,344065.0,16379.0,63277.0,6229.0,29426.0,3512.0,13435.0,9425.0,4097.0,5745.0,594.0,1947.0,13143.0,3204.0,15829.0,8651.0,17696.0,11771.0,224360.0,19378.0,1377.0,2410.0,2612.0,1305.0,1256.0,1127.0,466.0,1111.0,269.0,1835.0,6128.0,2305.0,22056.0,2166.0,10220.0,8886.0,84907.0,4773.0,1708.0,549.0,713.0,366.0,402.0,279.0,222.0,703.0,802.0,289.0,2815.0,430.0,1164.0,414.0,1339.0,1491.0,18459.0,3638.0,741.0,412.0,566.0,406.0,756.0,471.0,223.0,416.0,270.0,700.0,1355.0,285.0,1487.0,447.0,1458.0,2708.0,16339.0,700.0,8300.0,400.0,1500.0,48200.0,1300.0,3200.0,900.0,900.0,2600.0,600.0,68700.0,1100.0,2200.0,2600.0,1500.0,700.0,400.0,1000.0,21800.0,1200.0,32400.0,1800.0,3400.0,500.0,300.0,400.0,1900.0,8600.0,700.0,1300.0,500.0,400.0,400.0,1100.0,4300.0,500.0,,17800.0,10500.0,7400.0,9200.0,6100.0,6100.0,600.0,58100.0,2100.0,15800.0,3600.0,1600.0,4100.0,200.0,27400.0,5700.0,500.0,2600.0,300.0,9400.0,600.0,300.0,4000.0,1000.0,300.0,28600.0,1300.0,36000.0,1000.0,1900.0,1000.0,4000.0,2700.0,251500.0,515.0,295.0,326.0,119.0,238.0,1493.0,15526.0,26110.0,3878.0,2870.0,48384.0,7056.0,3542.0,714.0,868.0,12180.0,1484.0,1512.0,126.0,378.0,3500.0,252.0,126.0,56.0,434.0,294.0,406.0,9086.0,5250.0,868.0,1316.0,16520.0,12964.0,728.0,266.0,490.0,14448.0,4830.0,168.0,28.0,70.0,5096.0,1750.0,826.0,126.0,2870.0,3780.0,364.0,140.0,266.0,4550.0,84.0,70.0,266.0,84.0,504.0,23422.0,2156.0,826.0,1092.0,27496.0,4004.0,448.0,84.0,140.0,4676.0,644.0,364.0,14.0,112.0,1134.0,1540.0,154.0,56.0,70.0,1820.0,2618.0,308.0,2996.0,42.0,56.0,14.0,14.0,126.0,266.0,210.0,0.0,56.0,532.0,9114.0,1540.0,168.0,462.0,11284.0,32536.0,3696.0,994.0,1554.0,38780.0,5726.0,10318.0,308.0,714.0,17066.0,1162.0,518.0,0.0,70.0,1750.0,70.0,140.0,210.0,6958.0,10976.0,308.0,784.0,19026.0,5796.0,1022.0,84.0,252.0,7154.0,840.0,1120.0,2058.0,1568.0,448.0,14.0,2114.0,1316.0,546.0,210.0,196.0,2268.0,154.0,140.0,14.0,280.0,588.0,9674.0,3276.0,378.0,854.0,14182.0,16632.0,14252.0,686.0,1638.0,33208.0,490.0,658.0,42.0,98.0,1288.0,3234.0,5180.0,294.0,1078.0,9786.0,1148.0,1372.0,112.0,574.0,3206.0,4872.0,7210.0,448.0,1750.0,14280.0,78652.0,56518.0,6874.0,9128.0,151172.0,12057.0,8021.0,17504.0,1633.0,11104.0,312.0,4975.0,1351.0,443.0,7808.0,9139.0,3095.0
1994-01-31,1981.11,100422.4502,63438.0,17151.0,22414.0,25642.0,16541.0,125310.0,32459.0,14770.0,15369.0,21947.0,131167.0,142924.0,8907.0,10524.0,7297.0,1048.0,27831.0,61226.0,5707.0,5865.0,3544.0,6075.0,9070.0,3386.0,14463.0,1658.0,3508.0,21675.0,5284.0,28591.0,11839.0,21824.0,18996.0,250542.0,11794.0,55546.0,2589.0,3265.0,1215.0,2931.0,6866.0,2165.0,12003.0,346.0,1021.0,12647.0,2696.0,11780.0,8987.0,13131.0,9445.0,158427.0,8945.0,737.0,1132.0,633.0,764.0,474.0,823.0,239.0,911.0,289.0,971.0,2848.0,1392.0,12100.0,1590.0,4525.0,3851.0,42224.0,3202.0,2571.0,687.0,917.0,375.0,361.0,389.0,365.0,495.0,632.0,565.0,4210.0,607.0,2230.0,474.0,1842.0,1526.0,21448.0,3890.0,2372.0,1299.0,1050.0,1190.0,2309.0,992.0,617.0,1054.0,391.0,951.0,1970.0,589.0,2481.0,788.0,2326.0,4174.0,28443.0,100.0,4800.0,500.0,1200.0,29200.0,1600.0,3000.0,200.0,100.0,2100.0,800.0,43600.0,300.0,1100.0,1900.0,400.0,600.0,200.0,600.0,9600.0,500.0,15200.0,800.0,1900.0,200.0,100.0,200.0,600.0,3900.0,600.0,500.0,600.0,300.0,200.0,800.0,3000.0,500.0,,17700.0,5700.0,2600.0,5900.0,4300.0,3100.0,400.0,40200.0,2300.0,7000.0,3100.0,800.0,2100.0,0.0,15400.0,2100.0,500.0,400.0,300.0,3600.0,400.0,100.0,2000.0,300.0,100.0,18400.0,300.0,21600.0,200.0,1100.0,900.0,2200.0,1100.0,149900.0,571.0,410.0,184.0,74.0,110.0,1349.0,13258.0,11872.0,4116.0,3192.0,32438.0,9674.0,2002.0,966.0,1190.0,13832.0,2114.0,882.0,154.0,588.0,3738.0,588.0,42.0,84.0,784.0,168.0,238.0,12544.0,2940.0,1218.0,1890.0,18592.0,13412.0,364.0,336.0,952.0,15064.0,3024.0,266.0,56.0,294.0,3640.0,630.0,364.0,112.0,1372.0,6300.0,392.0,210.0,434.0,7336.0,56.0,56.0,140.0,42.0,294.0,23422.0,1456.0,854.0,1988.0,27720.0,770.0,140.0,154.0,224.0,1288.0,280.0,154.0,70.0,154.0,658.0,588.0,70.0,14.0,98.0,770.0,350.0,98.0,630.0,56.0,70.0,56.0,14.0,196.0,196.0,126.0,14.0,210.0,546.0,2240.0,658.0,336.0,854.0,4088.0,25662.0,2114.0,1190.0,2842.0,31808.0,5866.0,6762.0,518.0,700.0,13846.0,1498.0,462.0,210.0,196.0,2366.0,70.0,56.0,154.0,7434.0,7280.0,742.0,910.0,16366.0,6762.0,616.0,112.0,574.0,8064.0,1092.0,756.0,2030.0,1722.0,322.0,28.0,2240.0,1274.0,364.0,168.0,350.0,2156.0,140.0,84.0,966.0,168.0,1358.0,10990.0,2142.0,1372.0,1344.0,15848.0,18424.0,9422.0,2114.0,2254.0,32214.0,252.0,168.0,42.0,42.0,504.0,2786.0,1736.0,280.0,952.0,5754.0,1190.0,854.0,168.0,924.0,3136.0,4228.0,2758.0,490.0,1918.0,9394.0,74116.0,29106.0,9128.0,12096.0,124446.0,8906.0,5533.0,10186.0,1143.0,6813.0,358.0,2906.0,855.0,442.0,7254.0,8358.0,2510.0
1994-02-28,1959.865,94333.93611,46261.0,13018.0,15128.0,27178.0,17269.0,100892.0,18661.0,13215.0,15303.0,16660.0,134578.0,92633.0,7323.0,8994.0,6021.0,888.0,24571.0,65767.0,14780.0,16193.0,10788.0,5785.0,20595.0,5022.0,10079.0,1970.0,4321.0,28648.0,5403.0,35847.0,13121.0,23734.0,17591.0,304215.0,8878.0,60700.0,9495.0,11522.0,6038.0,2131.0,17385.0,3735.0,8161.0,443.0,1245.0,17499.0,3269.0,16133.0,9605.0,13677.0,7218.0,197134.0,6085.0,413.0,1780.0,777.0,1124.0,501.0,1704.0,310.0,454.0,265.0,1130.0,2236.0,1144.0,15178.0,1618.0,4923.0,3945.0,43587.0,7018.0,3157.0,930.0,1282.0,514.0,953.0,254.0,419.0,704.0,861.0,745.0,6180.0,603.0,2854.0,892.0,3358.0,2326.0,33050.0,2590.0,1497.0,2575.0,2612.0,3112.0,2200.0,1252.0,558.0,760.0,401.0,1201.0,2733.0,387.0,1682.0,1006.0,1776.0,4102.0,30444.0,100.0,3900.0,100.0,1000.0,29800.0,1500.0,2200.0,200.0,100.0,1300.0,500.0,40900.0,400.0,1200.0,1500.0,600.0,500.0,200.0,600.0,11800.0,500.0,17400.0,1300.0,1600.0,100.0,100.0,300.0,900.0,4400.0,400.0,400.0,400.0,200.0,100.0,600.0,2100.0,300.0,,15800.0,5800.0,3700.0,6600.0,4800.0,2800.0,400.0,40400.0,1800.0,9200.0,2800.0,800.0,2400.0,100.0,17200.0,3100.0,300.0,400.0,200.0,4300.0,200.0,200.0,1700.0,200.0,200.0,17400.0,400.0,20200.0,200.0,1400.0,600.0,2100.0,1300.0,150300.0,473.0,302.0,202.0,69.0,209.0,1255.0,12960.0,9984.0,6432.0,2868.0,32244.0,13488.0,1680.0,1320.0,1956.0,18444.0,2388.0,624.0,240.0,360.0,3612.0,516.0,48.0,156.0,756.0,216.0,276.0,16608.0,2364.0,1608.0,2508.0,23088.0,13980.0,516.0,576.0,876.0,15948.0,6540.0,240.0,84.0,384.0,7248.0,2940.0,876.0,216.0,4416.0,4656.0,348.0,180.0,180.0,5364.0,108.0,48.0,156.0,60.0,372.0,28272.0,2076.0,1212.0,1896.0,33456.0,1500.0,168.0,240.0,120.0,2028.0,1584.0,216.0,36.0,168.0,2004.0,1332.0,36.0,72.0,72.0,1512.0,672.0,108.0,876.0,48.0,72.0,36.0,36.0,192.0,156.0,180.0,24.0,288.0,648.0,5292.0,780.0,432.0,756.0,7260.0,33564.0,2856.0,1644.0,2652.0,40716.0,8700.0,6744.0,1068.0,732.0,17244.0,1308.0,300.0,252.0,216.0,2076.0,96.0,84.0,204.0,10104.0,7128.0,1320.0,972.0,19524.0,8628.0,360.0,144.0,528.0,9660.0,900.0,516.0,1632.0,1788.0,252.0,60.0,2244.0,1560.0,276.0,228.0,144.0,2208.0,84.0,60.0,360.0,36.0,540.0,12960.0,1464.0,876.0,984.0,16284.0,23064.0,8592.0,2196.0,1956.0,35808.0,444.0,288.0,60.0,144.0,936.0,2064.0,1248.0,240.0,1164.0,4716.0,1488.0,612.0,156.0,852.0,3108.0,3996.0,2148.0,456.0,2160.0,8760.0,90192.0,25944.0,12336.0,12144.0,140616.0,6806.0,7308.0,9087.0,844.0,6776.0,325.0,1475.0,1052.0,370.0,13728.0,7365.0,2258.0
1994-03-31,2466.31,109861.6957,72942.0,18585.0,23733.0,39073.0,25780.0,132055.0,23213.0,21879.0,22706.0,23134.0,130958.0,145359.0,9608.0,10899.0,8394.0,1126.0,37693.0,64374.0,9063.0,12376.0,8622.0,14283.0,15477.0,4527.0,7835.0,2070.0,5261.0,31105.0,6043.0,35812.0,13798.0,23318.0,15744.0,307401.0,14696.0,59597.0,5794.0,9282.0,6054.0,11898.0,13101.0,2709.0,6046.0,541.0,2057.0,18878.0,3485.0,14822.0,10643.0,12020.0,6513.0,198136.0,11228.0,688.0,1909.0,1396.0,1220.0,883.0,1022.0,480.0,459.0,312.0,1460.0,4201.0,1638.0,16535.0,1372.0,4687.0,4317.0,53807.0,8271.0,2808.0,1003.0,1067.0,846.0,695.0,594.0,442.0,788.0,916.0,814.0,6085.0,613.0,3150.0,893.0,5300.0,2621.0,36906.0,3498.0,1281.0,357.0,631.0,502.0,807.0,760.0,896.0,542.0,301.0,930.0,1941.0,307.0,1305.0,890.0,1311.0,2293.0,18552.0,400.0,6600.0,500.0,1300.0,34200.0,1600.0,3300.0,300.0,100.0,2000.0,600.0,51000.0,500.0,2000.0,2100.0,900.0,1300.0,300.0,1000.0,17800.0,600.0,26500.0,1900.0,3100.0,300.0,100.0,600.0,2000.0,8200.0,300.0,1100.0,1000.0,1000.0,300.0,1200.0,4900.0,800.0,,13200.0,7900.0,4200.0,8100.0,5400.0,2400.0,200.0,42100.0,2600.0,13600.0,3700.0,900.0,2100.0,100.0,22900.0,2100.0,300.0,1000.0,500.0,4300.0,200.0,100.0,2300.0,300.0,200.0,24500.0,600.0,28200.0,200.0,1200.0,800.0,2200.0,1700.0,192000.0,634.0,264.0,143.0,75.0,192.0,1308.0,14014.0,12337.0,6149.0,2821.0,35321.0,14521.0,1898.0,1508.0,1339.0,19266.0,2093.0,715.0,182.0,455.0,3445.0,338.0,39.0,234.0,676.0,182.0,247.0,17134.0,2691.0,1755.0,2054.0,23634.0,12649.0,377.0,702.0,663.0,14391.0,6760.0,455.0,273.0,117.0,7605.0,1157.0,468.0,195.0,1963.0,4251.0,221.0,247.0,143.0,4862.0,104.0,65.0,247.0,78.0,494.0,24921.0,1599.0,1664.0,1144.0,29328.0,1274.0,130.0,195.0,52.0,1651.0,754.0,299.0,91.0,117.0,1261.0,1378.0,195.0,104.0,533.0,2210.0,1950.0,91.0,2210.0,52.0,39.0,13.0,78.0,182.0,156.0,91.0,78.0,143.0,468.0,5564.0,845.0,520.0,1053.0,7982.0,30485.0,2444.0,2184.0,2197.0,37310.0,6123.0,5057.0,767.0,728.0,12675.0,988.0,117.0,169.0,286.0,1560.0,39.0,65.0,156.0,7150.0,5239.0,988.0,1014.0,14391.0,5785.0,390.0,156.0,403.0,6734.0,546.0,208.0,1027.0,780.0,117.0,52.0,1053.0,910.0,234.0,260.0,208.0,1612.0,130.0,39.0,65.0,247.0,481.0,8151.0,988.0,637.0,1131.0,10907.0,15301.0,6227.0,1625.0,2145.0,25298.0,624.0,286.0,91.0,39.0,1040.0,1534.0,1144.0,325.0,767.0,3770.0,1339.0,767.0,208.0,715.0,3029.0,3497.0,2197.0,624.0,1521.0,7839.0,80431.0,25896.0,12337.0,10738.0,129402.0,29193.0,15906.0,35013.0,7024.0,21382.0,542.0,5284.0,1388.0,711.0,11424.0,14023.0,3000.0
1994-04-30,2851.715,116636.7445,69784.0,16094.0,22186.0,33835.0,23468.0,105430.0,23491.0,24668.0,21675.0,39703.0,157296.0,145128.0,9286.0,10561.0,8076.0,1160.0,36055.0,51709.0,7962.0,10811.0,6809.0,4975.0,15162.0,12546.0,6320.0,2136.0,6011.0,24632.0,3784.0,26078.0,8743.0,15160.0,16252.0,255145.0,14436.0,46871.0,4478.0,7928.0,4153.0,2613.0,12959.0,10275.0,4635.0,400.0,2052.0,13678.0,1857.0,11705.0,6927.0,8532.0,6166.0,159665.0,10446.0,623.0,1922.0,997.0,1318.0,556.0,1031.0,887.0,461.0,364.0,1631.0,2600.0,949.0,10318.0,805.0,2670.0,4427.0,42005.0,7463.0,2092.0,933.0,1440.0,697.0,852.0,330.0,381.0,584.0,1089.0,1174.0,6728.0,534.0,2731.0,622.0,2973.0,2662.0,33285.0,3710.0,2123.0,629.0,446.0,641.0,954.0,842.0,1003.0,640.0,283.0,1154.0,1626.0,444.0,1324.0,389.0,985.0,2997.0,20190.0,300.0,5800.0,500.0,1200.0,25800.0,1700.0,2700.0,200.0,200.0,1900.0,600.0,40800.0,400.0,3000.0,3200.0,700.0,1400.0,400.0,800.0,25800.0,1000.0,36800.0,4000.0,4400.0,400.0,200.0,800.0,2100.0,12200.0,400.0,900.0,700.0,800.0,100.0,700.0,3700.0,400.0,,14600.0,5800.0,3900.0,8400.0,6500.0,2100.0,500.0,42200.0,2600.0,11100.0,4000.0,1300.0,2200.0,200.0,21500.0,1400.0,200.0,300.0,200.0,2300.0,300.0,100.0,1800.0,200.0,100.0,19000.0,700.0,22200.0,200.0,800.0,800.0,1900.0,1400.0,185100.0,270.0,283.0,76.0,36.0,258.0,923.0,9840.0,9612.0,5760.0,2820.0,28032.0,9060.0,1248.0,1212.0,1032.0,12552.0,984.0,456.0,120.0,468.0,2028.0,216.0,0.0,144.0,384.0,84.0,156.0,10344.0,1716.0,1380.0,1680.0,15120.0,9252.0,324.0,468.0,492.0,10536.0,5808.0,468.0,168.0,456.0,6900.0,900.0,468.0,180.0,1716.0,2940.0,132.0,108.0,240.0,3420.0,60.0,72.0,228.0,60.0,420.0,18960.0,1464.0,1152.0,1428.0,23004.0,1260.0,72.0,216.0,144.0,1692.0,648.0,204.0,60.0,72.0,984.0,4368.0,96.0,36.0,444.0,4944.0,204.0,36.0,420.0,120.0,12.0,36.0,60.0,228.0,348.0,108.0,36.0,144.0,636.0,6948.0,528.0,444.0,984.0,8904.0,25908.0,1992.0,1596.0,2412.0,31908.0,3432.0,2448.0,492.0,780.0,7152.0,516.0,108.0,144.0,96.0,864.0,96.0,36.0,168.0,4044.0,2592.0,672.0,876.0,8184.0,3276.0,108.0,108.0,288.0,3780.0,312.0,108.0,480.0,552.0,108.0,72.0,804.0,516.0,72.0,192.0,132.0,912.0,96.0,48.0,96.0,48.0,288.0,4752.0,444.0,480.0,588.0,6264.0,8796.0,3036.0,1152.0,1464.0,14448.0,684.0,324.0,48.0,96.0,1152.0,1152.0,1380.0,312.0,852.0,3696.0,972.0,612.0,252.0,768.0,2604.0,2808.0,2316.0,612.0,1716.0,7452.0,57696.0,18672.0,10500.0,10092.0,96960.0,80301.0,61626.0,137345.0,8302.0,29495.0,5935.0,38529.0,20028.0,12822.0,7476.0,22329.0,5711.0
1994-05-31,3671.805,139426.5233,65471.0,15018.0,20691.0,27378.0,18187.0,104200.0,20814.0,29634.0,23879.0,25893.0,120164.0,167863.0,8574.0,9746.0,7339.0,1079.0,37027.0,54631.0,5174.0,14471.0,7413.0,5510.0,9114.0,5399.0,5383.0,2629.0,4645.0,16762.0,2716.0,16358.0,5865.0,10388.0,11507.0,214992.0,16578.0,50444.0,2913.0,10766.0,4908.0,3087.0,7833.0,4243.0,3971.0,349.0,1600.0,8101.0,1388.0,6440.0,4679.0,5433.0,4182.0,136915.0,9909.0,447.0,1001.0,1511.0,1384.0,409.0,668.0,341.0,401.0,316.0,1265.0,2069.0,709.0,6316.0,421.0,1946.0,2752.0,31865.0,7170.0,2839.0,945.0,1564.0,785.0,1050.0,245.0,411.0,601.0,1694.0,954.0,5289.0,464.0,2567.0,520.0,2064.0,2466.0,31628.0,3370.0,901.0,315.0,630.0,336.0,964.0,368.0,404.0,410.0,270.0,826.0,1303.0,155.0,1035.0,245.0,945.0,2107.0,14584.0,300.0,7500.0,100.0,900.0,20900.0,2000.0,2200.0,400.0,400.0,1700.0,400.0,36700.0,500.0,2800.0,3200.0,1200.0,1500.0,600.0,900.0,25600.0,900.0,37200.0,3700.0,4700.0,1100.0,500.0,900.0,3700.0,15400.0,200.0,600.0,1900.0,1400.0,100.0,1000.0,5200.0,300.0,,13400.0,5700.0,4500.0,6200.0,5400.0,1700.0,200.0,37500.0,2300.0,8200.0,3100.0,700.0,1700.0,100.0,15900.0,1100.0,100.0,300.0,200.0,1800.0,200.0,100.0,3700.0,300.0,200.0,27000.0,400.0,31900.0,300.0,700.0,600.0,1500.0,1300.0,184500.0,372.0,226.0,100.0,36.0,179.0,913.0,5232.0,7596.0,6744.0,2544.0,22116.0,4116.0,1056.0,1248.0,852.0,7272.0,492.0,276.0,120.0,408.0,1296.0,252.0,72.0,108.0,456.0,84.0,120.0,4944.0,1440.0,1392.0,1368.0,9144.0,8796.0,228.0,480.0,456.0,9960.0,2868.0,480.0,72.0,276.0,3696.0,744.0,420.0,144.0,1440.0,2508.0,108.0,156.0,216.0,2988.0,60.0,24.0,360.0,96.0,540.0,15012.0,1260.0,1212.0,1188.0,18672.0,1260.0,156.0,180.0,120.0,1716.0,420.0,252.0,72.0,132.0,876.0,2028.0,156.0,72.0,288.0,2544.0,240.0,48.0,396.0,108.0,84.0,36.0,60.0,288.0,300.0,72.0,24.0,144.0,540.0,4356.0,768.0,420.0,816.0,6360.0,19368.0,2028.0,1632.0,2004.0,25032.0,2352.0,1668.0,516.0,648.0,5184.0,408.0,36.0,156.0,132.0,732.0,48.0,36.0,132.0,2808.0,1740.0,696.0,804.0,6048.0,1788.0,96.0,84.0,300.0,2268.0,180.0,84.0,336.0,384.0,36.0,72.0,552.0,396.0,72.0,180.0,252.0,900.0,72.0,12.0,444.0,240.0,768.0,2820.0,300.0,816.0,888.0,4824.0,5628.0,2040.0,1512.0,1692.0,10872.0,264.0,132.0,36.0,48.0,480.0,1104.0,1380.0,336.0,804.0,3624.0,540.0,636.0,180.0,672.0,2028.0,1908.0,2148.0,552.0,1524.0,6132.0,37080.0,15252.0,11832.0,9132.0,73296.0,377697.0,86269.0,324526.0,6427.0,64963.0,15049.0,73276.0,58177.0,24000.0,7228.0,29472.0,6959.0
1994-06-30,3806.78,161014.9254,65964.0,12455.0,21272.0,24726.0,13124.0,119151.0,21271.0,17982.0,29516.0,17974.0,122106.0,154626.0,8257.0,9686.0,7328.0,1035.0,40717.0,51867.0,8648.0,20882.0,7619.0,10335.0,5837.0,3037.0,4915.0,2104.0,4033.0,22160.0,2486.0,15028.0,5464.0,12426.0,13362.0,230920.0,17761.0,48300.0,5325.0,17325.0,5515.0,7664.0,4337.0,2096.0,3491.0,470.0,1300.0,11467.0,1102.0,6561.0,3961.0,6148.0,5186.0,148009.0,11349.0,646.0,1876.0,1413.0,1037.0,886.0,848.0,199.0,552.0,362.0,1290.0,3791.0,850.0,5670.0,719.0,3561.0,3413.0,38462.0,7930.0,2084.0,1162.0,1524.0,716.0,779.0,411.0,440.0,552.0,1012.0,795.0,4433.0,302.0,2016.0,491.0,1822.0,2456.0,28925.0,3677.0,837.0,285.0,620.0,351.0,1006.0,241.0,302.0,320.0,260.0,648.0,2469.0,232.0,781.0,293.0,895.0,2307.0,15524.0,400.0,8400.0,400.0,1400.0,24400.0,1900.0,3700.0,300.0,300.0,1600.0,1000.0,43800.0,600.0,3700.0,3800.0,2000.0,1800.0,700.0,700.0,31600.0,1700.0,46600.0,6100.0,6100.0,1500.0,400.0,600.0,6100.0,21900.0,300.0,600.0,1700.0,1600.0,100.0,1000.0,5300.0,300.0,,20900.0,7600.0,3700.0,7600.0,5900.0,1900.0,400.0,48300.0,3200.0,9800.0,3000.0,900.0,2100.0,200.0,19100.0,1100.0,100.0,700.0,200.0,2100.0,200.0,100.0,6300.0,100.0,100.0,30700.0,300.0,37800.0,600.0,1100.0,1000.0,2800.0,1200.0,228800.0,170.0,173.0,91.0,33.0,230.0,697.0,8600.0,9110.0,6080.0,2740.0,26530.0,5490.0,1220.0,1060.0,1720.0,9490.0,230.0,290.0,210.0,210.0,940.0,210.0,20.0,0.0,280.0,110.0,130.0,6040.0,1540.0,1320.0,1940.0,10840.0,4980.0,170.0,390.0,230.0,5770.0,1040.0,260.0,70.0,190.0,1560.0,970.0,410.0,190.0,1780.0,2190.0,220.0,160.0,190.0,2760.0,130.0,40.0,270.0,80.0,520.0,9330.0,1110.0,1090.0,920.0,12450.0,1510.0,140.0,140.0,80.0,1870.0,910.0,170.0,90.0,470.0,1640.0,750.0,90.0,40.0,140.0,1020.0,850.0,130.0,1170.0,90.0,0.0,40.0,50.0,180.0,70.0,120.0,20.0,120.0,330.0,4180.0,650.0,370.0,1010.0,6210.0,13510.0,1760.0,1460.0,1930.0,18660.0,1960.0,1200.0,670.0,540.0,4370.0,280.0,100.0,120.0,40.0,540.0,50.0,50.0,130.0,2290.0,1350.0,800.0,600.0,5040.0,970.0,90.0,110.0,260.0,1430.0,160.0,110.0,360.0,120.0,40.0,50.0,310.0,320.0,110.0,170.0,220.0,820.0,90.0,50.0,220.0,140.0,500.0,1660.0,400.0,620.0,740.0,3420.0,3950.0,1750.0,1420.0,1340.0,8460.0,310.0,170.0,30.0,140.0,650.0,770.0,1250.0,360.0,650.0,3030.0,430.0,660.0,220.0,510.0,1820.0,1510.0,2080.0,610.0,1300.0,5500.0,33610.0,16240.0,10890.0,9250.0,69990.0,385288.0,68352.0,340376.0,11466.0,89133.0,26217.0,68723.0,68960.0,17688.0,8339.0,35956.0,9164.0
1994-07-31,6995.05,199405.116,63810.0,15644.0,21859.0,28469.0,15483.0,111564.0,23018.0,16223.0,16964.0,19834.0,155541.0,161966.0,7796.0,9733.0,7159.0,1086.0,45319.0,62056.0,12624.0,9169.0,5810.0,10142.0,12868.0,4916.0,9752.0,2591.0,4450.0,26744.0,4288.0,21666.0,10118.0,23551.0,16465.0,282529.0,20805.0,56747.0,7135.0,4600.0,2522.0,6333.0,9796.0,3261.0,7070.0,765.0,1468.0,14647.0,2239.0,10513.0,7581.0,14440.0,6121.0,176043.0,11460.0,1040.0,3208.0,989.0,1078.0,853.0,1341.0,339.0,843.0,416.0,1027.0,3382.0,1013.0,7545.0,1420.0,4905.0,3592.0,44451.0,9074.0,2596.0,1090.0,1420.0,639.0,551.0,479.0,436.0,762.0,1087.0,1091.0,5237.0,560.0,2304.0,607.0,2198.0,2287.0,32418.0,3980.0,1673.0,1191.0,2160.0,1571.0,2405.0,1252.0,880.0,1077.0,323.0,864.0,3478.0,476.0,1304.0,510.0,2008.0,4465.0,29617.0,400.0,7900.0,700.0,1300.0,24800.0,1200.0,2900.0,300.0,300.0,1800.0,800.0,42300.0,600.0,1900.0,2800.0,1800.0,1800.0,400.0,900.0,29900.0,1200.0,41300.0,5900.0,6000.0,600.0,600.0,600.0,5000.0,19500.0,200.0,500.0,2900.0,1100.0,100.0,1000.0,5700.0,200.0,,24500.0,7800.0,2500.0,10200.0,6700.0,2100.0,500.0,54500.0,2600.0,8700.0,3000.0,700.0,1700.0,100.0,16800.0,1300.0,200.0,800.0,200.0,2400.0,200.0,100.0,5100.0,100.0,100.0,27100.0,200.0,33000.0,400.0,1000.0,1000.0,2400.0,1100.0,219000.0,453.0,308.0,76.0,34.0,211.0,1082.0,10824.0,8217.0,6545.0,3575.0,29161.0,7304.0,1309.0,1265.0,2189.0,12067.0,693.0,517.0,143.0,418.0,1771.0,308.0,33.0,143.0,506.0,176.0,231.0,8481.0,1881.0,1452.0,2761.0,14575.0,11121.0,297.0,616.0,737.0,12771.0,2167.0,484.0,55.0,462.0,3168.0,1705.0,759.0,187.0,3014.0,4202.0,275.0,143.0,286.0,4906.0,99.0,88.0,209.0,77.0,473.0,19360.0,1903.0,1210.0,1936.0,24409.0,418.0,165.0,187.0,110.0,880.0,297.0,132.0,88.0,121.0,638.0,957.0,110.0,66.0,286.0,1419.0,671.0,66.0,814.0,22.0,22.0,88.0,33.0,165.0,110.0,55.0,33.0,165.0,363.0,2475.0,550.0,484.0,770.0,4279.0,21835.0,2453.0,1694.0,2706.0,28688.0,2079.0,1991.0,671.0,660.0,5401.0,418.0,99.0,44.0,165.0,726.0,77.0,33.0,132.0,2574.0,2123.0,737.0,825.0,6259.0,1342.0,198.0,154.0,341.0,2035.0,253.0,242.0,594.0,330.0,66.0,11.0,440.0,902.0,264.0,264.0,275.0,1705.0,33.0,33.0,693.0,44.0,803.0,2860.0,803.0,1177.0,737.0,5577.0,5434.0,2926.0,1914.0,1562.0,11836.0,1595.0,319.0,121.0,154.0,2189.0,1584.0,880.0,297.0,1243.0,4004.0,1067.0,682.0,220.0,979.0,2948.0,4246.0,1881.0,638.0,2376.0,9141.0,50820.0,17358.0,12243.0,12980.0,93401.0,421874.0,116212.0,491228.0,20932.0,129578.0,32389.0,117131.0,76030.0,19823.0,7475.0,35093.0,9308.0
1994-08-31,,,55093.0,12648.0,19026.0,30372.0,14466.0,122802.0,28053.0,25230.0,19909.0,20283.0,160173.0,174830.0,8058.0,9991.0,7533.0,1111.0,53648.0,65857.0,9068.0,10350.0,7948.0,6808.0,10027.0,4163.0,11534.0,2238.0,4256.0,19850.0,2980.0,17766.0,6660.0,19279.0,13083.0,265515.0,28102.0,61979.0,5706.0,7640.0,5415.0,4464.0,8372.0,2629.0,9596.0,519.0,1890.0,11062.0,1343.0,8698.0,5397.0,12600.0,5494.0,180906.0,12260.0,694.0,1779.0,855.0,1053.0,598.0,590.0,361.0,734.0,324.0,1034.0,3021.0,875.0,5784.0,542.0,3135.0,2959.0,36598.0,8671.0,2349.0,1343.0,1165.0,1185.0,874.0,511.0,784.0,763.0,1122.0,575.0,4245.0,480.0,2184.0,373.0,1756.0,1672.0,30052.0,4615.0,835.0,240.0,690.0,295.0,872.0,554.0,389.0,441.0,273.0,757.0,1522.0,282.0,1100.0,348.0,1788.0,2958.0,17959.0,100.0,7200.0,300.0,900.0,25700.0,2000.0,2600.0,400.0,200.0,1900.0,600.0,41900.0,600.0,1700.0,2600.0,1600.0,1300.0,600.0,900.0,22900.0,900.0,32900.0,3500.0,3600.0,400.0,200.0,300.0,2800.0,11200.0,200.0,400.0,1300.0,600.0,100.0,900.0,3500.0,100.0,,16300.0,5700.0,2600.0,7000.0,5300.0,1600.0,400.0,39000.0,3100.0,9200.0,2400.0,1000.0,2000.0,200.0,17900.0,1300.0,200.0,700.0,200.0,2500.0,200.0,300.0,4600.0,400.0,200.0,21300.0,500.0,27500.0,100.0,1200.0,1000.0,2300.0,1300.0,180000.0,315.0,238.0,129.0,33.0,150.0,865.0,10790.0,7345.0,7007.0,3744.0,28886.0,4953.0,1261.0,1339.0,1508.0,9061.0,585.0,429.0,117.0,377.0,1508.0,130.0,39.0,130.0,364.0,78.0,143.0,5746.0,1781.0,1521.0,2028.0,11076.0,11596.0,455.0,312.0,936.0,13299.0,2015.0,390.0,104.0,338.0,2847.0,1729.0,624.0,208.0,2886.0,5694.0,247.0,182.0,312.0,6435.0,169.0,104.0,104.0,91.0,468.0,21268.0,1833.0,910.0,2002.0,26013.0,403.0,143.0,247.0,156.0,949.0,598.0,156.0,78.0,65.0,897.0,858.0,117.0,65.0,143.0,1183.0,286.0,91.0,442.0,13.0,52.0,39.0,52.0,156.0,65.0,156.0,0.0,130.0,351.0,2223.0,715.0,442.0,598.0,3978.0,23491.0,2548.0,1352.0,2600.0,29991.0,2340.0,1911.0,546.0,845.0,5642.0,286.0,52.0,78.0,143.0,559.0,91.0,26.0,143.0,2717.0,1989.0,624.0,1014.0,6344.0,1105.0,260.0,104.0,247.0,1716.0,169.0,169.0,390.0,260.0,26.0,39.0,390.0,1339.0,234.0,156.0,260.0,1989.0,65.0,52.0,65.0,39.0,221.0,2938.0,741.0,390.0,637.0,4706.0,5655.0,2730.0,1014.0,1651.0,11050.0,351.0,182.0,65.0,78.0,676.0,1547.0,1118.0,273.0,1235.0,4173.0,754.0,585.0,169.0,936.0,2444.0,2652.0,1885.0,507.0,2249.0,7293.0,48334.0,16289.0,11401.0,12272.0,88296.0,449669.0,133368.0,405351.0,35445.0,232205.0,26452.0,100540.0,59185.0,17377.0,8099.0,31009.0,6972.0
1994-09-30,,,59064.0,11248.0,27849.0,31527.0,19027.0,125434.0,20561.0,20625.0,23698.0,18036.0,134314.0,168436.0,8665.0,10000.0,7566.0,1119.0,49638.0,55376.0,6735.0,13334.0,6162.0,6257.0,7538.0,4091.0,6540.0,2262.0,4201.0,19911.0,3826.0,22399.0,8854.0,20798.0,16065.0,253987.0,22698.0,49157.0,3362.0,9358.0,3039.0,3204.0,6062.0,2669.0,4606.0,422.0,874.0,9735.0,1975.0,8233.0,6043.0,10478.0,5724.0,147639.0,14744.0,1119.0,1523.0,1640.0,1276.0,744.0,475.0,376.0,573.0,310.0,1268.0,3807.0,717.0,9917.0,1489.0,3921.0,4021.0,47920.0,8739.0,2988.0,1343.0,1636.0,1311.0,822.0,563.0,602.0,694.0,1121.0,969.0,4682.0,638.0,2815.0,661.0,4074.0,2914.0,36572.0,3457.0,2112.0,507.0,700.0,536.0,1487.0,438.0,444.0,667.0,409.0,1090.0,1687.0,496.0,1434.0,661.0,2325.0,3406.0,21856.0,200.0,9000.0,600.0,2000.0,38300.0,1900.0,3400.0,600.0,500.0,1500.0,900.0,58900.0,500.0,3800.0,3400.0,1300.0,1700.0,100.0,1300.0,27200.0,900.0,40200.0,2600.0,5900.0,400.0,200.0,900.0,2500.0,12900.0,800.0,1200.0,1500.0,700.0,100.0,900.0,5200.0,200.0,,21500.0,8300.0,2900.0,8600.0,6800.0,2200.0,500.0,50900.0,6000.0,13800.0,6300.0,1500.0,2700.0,0.0,30400.0,1900.0,200.0,500.0,200.0,3000.0,500.0,200.0,4000.0,400.0,200.0,29300.0,600.0,35100.0,400.0,1200.0,1200.0,2800.0,1900.0,241500.0,567.0,369.0,223.0,88.0,142.0,1389.0,18577.0,10270.0,6227.0,4888.0,39962.0,5629.0,858.0,1183.0,1105.0,8775.0,624.0,221.0,130.0,403.0,1378.0,416.0,78.0,52.0,572.0,143.0,182.0,6812.0,1170.0,1339.0,1586.0,10907.0,8151.0,195.0,390.0,663.0,9399.0,2379.0,273.0,78.0,247.0,2977.0,845.0,364.0,143.0,1547.0,3185.0,234.0,273.0,195.0,3887.0,143.0,78.0,247.0,26.0,494.0,14742.0,1157.0,1131.0,1326.0,18356.0,1144.0,156.0,234.0,169.0,1703.0,533.0,208.0,78.0,156.0,975.0,1079.0,130.0,91.0,312.0,1612.0,312.0,39.0,455.0,117.0,39.0,0.0,13.0,169.0,130.0,130.0,13.0,182.0,455.0,3315.0,702.0,442.0,910.0,5369.0,18057.0,1859.0,1573.0,2236.0,23725.0,2431.0,1469.0,598.0,559.0,5057.0,403.0,26.0,130.0,208.0,767.0,117.0,26.0,182.0,2951.0,1521.0,767.0,767.0,6006.0,1794.0,169.0,91.0,286.0,2340.0,208.0,130.0,416.0,494.0,65.0,39.0,767.0,728.0,52.0,143.0,182.0,1105.0,78.0,26.0,52.0,78.0,234.0,3302.0,442.0,351.0,767.0,4862.0,6253.0,1963.0,1118.0,1534.0,10868.0,364.0,208.0,104.0,78.0,754.0,858.0,1170.0,273.0,1248.0,3549.0,650.0,585.0,143.0,1040.0,2418.0,1872.0,1963.0,520.0,2366.0,6721.0,51571.0,17225.0,10777.0,12610.0,92183.0,404983.0,62180.0,383725.0,14805.0,75283.0,23438.0,89493.0,62514.0,21666.0,5164.0,33840.0,6718.0
1994-10-31,,,83154.0,17809.0,27357.0,44039.0,29643.0,120067.0,21351.0,21578.0,22126.0,29250.0,143517.0,184289.0,10214.0,11001.0,8146.0,1207.0,45704.0,56939.0,7753.0,13277.0,9244.0,7928.0,14239.0,9930.0,8867.0,3437.0,4232.0,27126.0,5249.0,31591.0,13474.0,26856.0,15811.0,301657.0,19601.0,50083.0,4020.0,8009.0,5280.0,4227.0,12033.0,7606.0,6685.0,505.0,1070.0,14880.0,2617.0,12898.0,10444.0,14964.0,5679.0,180601.0,13866.0,718.0,1683.0,1125.0,2386.0,1224.0,450.0,713.0,684.0,518.0,1184.0,3950.0,1538.0,14022.0,1457.0,6129.0,4026.0,55673.0,9392.0,3014.0,1108.0,2101.0,883.0,758.0,761.0,716.0,712.0,1601.0,968.0,6854.0,827.0,2938.0,1092.0,4045.0,2815.0,40585.0,2845.0,3124.0,942.0,2042.0,695.0,1719.0,995.0,895.0,786.0,813.0,1010.0,1442.0,267.0,1733.0,481.0,1718.0,3291.0,24798.0,400.0,7100.0,400.0,1600.0,27300.0,1200.0,3100.0,100.0,200.0,2000.0,600.0,43800.0,200.0,2000.0,2100.0,800.0,500.0,200.0,800.0,18800.0,500.0,26000.0,1100.0,2800.0,300.0,200.0,300.0,1500.0,6600.0,600.0,500.0,500.0,800.0,300.0,600.0,3300.0,400.0,,20800.0,7000.0,4000.0,7400.0,6900.0,1700.0,400.0,48500.0,4600.0,10500.0,4000.0,900.0,1800.0,100.0,21800.0,2000.0,300.0,600.0,200.0,3500.0,400.0,200.0,1900.0,300.0,300.0,24200.0,500.0,27600.0,500.0,1000.0,600.0,2200.0,1000.0,184300.0,357.0,448.0,116.0,60.0,265.0,1246.0,10304.0,9254.0,6048.0,4928.0,30534.0,11662.0,882.0,1596.0,1722.0,15862.0,1512.0,378.0,196.0,392.0,2478.0,630.0,42.0,224.0,910.0,168.0,280.0,13972.0,1330.0,1806.0,2422.0,19530.0,9520.0,168.0,644.0,602.0,10934.0,6076.0,266.0,112.0,224.0,6678.0,1176.0,476.0,238.0,2156.0,3920.0,210.0,266.0,210.0,4606.0,182.0,84.0,364.0,56.0,686.0,20888.0,1218.0,1624.0,1358.0,25088.0,1540.0,84.0,224.0,154.0,2002.0,1092.0,168.0,126.0,126.0,1512.0,4144.0,182.0,42.0,616.0,4984.0,322.0,84.0,490.0,84.0,14.0,84.0,0.0,182.0,98.0,140.0,56.0,112.0,406.0,7280.0,672.0,546.0,1078.0,9576.0,28168.0,1890.0,2170.0,2436.0,34664.0,4886.0,2884.0,630.0,644.0,9044.0,910.0,84.0,140.0,238.0,1372.0,84.0,84.0,224.0,5880.0,3052.0,812.0,896.0,10640.0,5628.0,112.0,154.0,322.0,6216.0,448.0,252.0,966.0,1120.0,154.0,56.0,1414.0,1386.0,224.0,308.0,252.0,2170.0,126.0,84.0,154.0,70.0,434.0,8708.0,826.0,840.0,826.0,11200.0,14588.0,3878.0,1652.0,1722.0,21840.0,210.0,224.0,84.0,168.0,686.0,1358.0,1484.0,420.0,1148.0,4410.0,1036.0,630.0,280.0,1022.0,2968.0,2604.0,2338.0,784.0,2338.0,8064.0,69636.0,18690.0,12460.0,13846.0,114632.0,220830.0,41837.0,216270.0,10682.0,39777.0,11227.0,45899.0,33688.0,21267.0,4770.0,26843.0,3898.0
1994-11-30,,,67528.0,18251.0,21328.0,38014.0,25648.0,119986.0,22162.0,18327.0,24637.0,17680.0,122406.0,196220.0,9279.0,10456.0,8023.0,1184.0,36082.0,56529.0,8706.0,23470.0,14331.0,7649.0,11008.0,5095.0,12310.0,3226.0,4567.0,26527.0,5747.0,37564.0,12282.0,27676.0,18223.0,310992.0,13230.0,50995.0,5442.0,18084.0,10470.0,4608.0,9444.0,2536.0,9607.0,566.0,1225.0,13797.0,2827.0,14606.0,8968.0,15115.0,6920.0,188440.0,10809.0,627.0,1354.0,2452.0,2564.0,1026.0,450.0,312.0,590.0,588.0,1365.0,4870.0,1814.0,18718.0,1820.0,6916.0,5676.0,61951.0,9863.0,2501.0,1417.0,1555.0,910.0,949.0,689.0,1736.0,1217.0,1609.0,1045.0,6680.0,814.0,2753.0,924.0,3663.0,2441.0,40766.0,2180.0,2406.0,493.0,1379.0,387.0,1066.0,425.0,511.0,896.0,463.0,932.0,1180.0,292.0,1487.0,570.0,1982.0,3186.0,19835.0,300.0,5800.0,300.0,700.0,26800.0,1700.0,2800.0,400.0,300.0,1200.0,400.0,40600.0,500.0,1500.0,2300.0,600.0,900.0,300.0,400.0,12600.0,500.0,19600.0,1400.0,2000.0,500.0,300.0,300.0,1600.0,6600.0,900.0,900.0,1500.0,700.0,200.0,800.0,5000.0,200.0,,15700.0,6300.0,5000.0,7000.0,7000.0,2900.0,600.0,44600.0,3100.0,11800.0,3300.0,1200.0,2700.0,200.0,22300.0,4300.0,600.0,1100.0,900.0,7200.0,700.0,400.0,2300.0,900.0,200.0,19800.0,1100.0,25400.0,300.0,1700.0,500.0,2500.0,800.0,174600.0,521.0,349.0,341.0,114.0,230.0,1555.0,9394.0,9002.0,7224.0,3962.0,29582.0,12922.0,1358.0,1484.0,1708.0,17472.0,2520.0,672.0,140.0,518.0,3850.0,392.0,0.0,210.0,686.0,294.0,420.0,16128.0,2086.0,1722.0,2492.0,22428.0,11634.0,364.0,686.0,336.0,13020.0,4970.0,308.0,140.0,238.0,5656.0,1526.0,490.0,168.0,2310.0,7042.0,266.0,168.0,238.0,7714.0,280.0,84.0,420.0,252.0,1036.0,25452.0,1526.0,1582.0,1190.0,29750.0,2450.0,224.0,322.0,224.0,3220.0,2072.0,392.0,112.0,168.0,2744.0,1092.0,98.0,70.0,168.0,1428.0,364.0,70.0,630.0,84.0,28.0,56.0,42.0,210.0,126.0,154.0,0.0,210.0,490.0,6188.0,966.0,630.0,938.0,8722.0,31640.0,2492.0,2212.0,2128.0,38472.0,6930.0,4858.0,854.0,980.0,13622.0,1470.0,210.0,252.0,154.0,2086.0,168.0,112.0,322.0,8568.0,5180.0,1134.0,1148.0,16030.0,7154.0,490.0,238.0,364.0,8246.0,980.0,518.0,1610.0,2184.0,182.0,28.0,2618.0,2072.0,266.0,350.0,238.0,2926.0,182.0,112.0,280.0,364.0,938.0,12572.0,1568.0,980.0,1218.0,16338.0,21140.0,6748.0,2114.0,2366.0,32368.0,476.0,420.0,84.0,84.0,1064.0,1176.0,1442.0,350.0,1036.0,4004.0,1428.0,658.0,252.0,1372.0,3710.0,3080.0,2520.0,686.0,2492.0,8778.0,81382.0,22848.0,13958.0,13440.0,131628.0,18801.0,10160.0,30331.0,3780.0,14246.0,807.0,7664.0,2905.0,1096.0,6144.0,14607.0,2313.0
1994-12-31,,,63530.0,17369.0,24315.0,29324.0,17748.0,153741.0,27338.0,25567.0,34803.0,34647.0,153110.0,209404.0,8816.0,10513.0,8210.0,1145.0,46093.0,74805.0,13319.0,37456.0,6791.0,19947.0,11567.0,4730.0,12264.0,3350.0,6250.0,24537.0,6462.0,46581.0,12466.0,32774.0,24550.0,383942.0,16708.0,68436.0,8268.0,31557.0,3845.0,16630.0,9735.0,3344.0,8837.0,778.0,2352.0,9630.0,2547.0,18089.0,8451.0,16095.0,11799.0,237101.0,22293.0,2733.0,3401.0,3249.0,1817.0,1803.0,604.0,637.0,1514.0,905.0,2365.0,10757.0,3474.0,25568.0,3320.0,13118.0,8923.0,106481.0,4610.0,1526.0,1070.0,1784.0,533.0,537.0,575.0,329.0,777.0,1309.0,694.0,3029.0,234.0,1354.0,292.0,1535.0,1035.0,21223.0,2482.0,2110.0,580.0,866.0,596.0,977.0,653.0,420.0,1136.0,358.0,839.0,1121.0,207.0,1570.0,403.0,2026.0,2793.0,19137.0,800.0,9000.0,300.0,1200.0,46200.0,1600.0,3200.0,900.0,1400.0,1400.0,1100.0,67100.0,1000.0,3200.0,3400.0,1600.0,1100.0,500.0,1500.0,20800.0,700.0,33800.0,1600.0,3100.0,500.0,100.0,500.0,2000.0,8200.0,900.0,1400.0,700.0,600.0,500.0,700.0,4800.0,400.0,,19700.0,11000.0,7700.0,8600.0,6900.0,8000.0,1200.0,63700.0,5000.0,17700.0,4000.0,1300.0,4900.0,200.0,33000.0,5400.0,500.0,2900.0,400.0,10000.0,700.0,300.0,4000.0,1300.0,400.0,29700.0,1100.0,37500.0,1100.0,3300.0,1000.0,5400.0,1100.0,264500.0,565.0,533.0,328.0,149.0,257.0,1832.0,16470.0,26685.0,4275.0,3825.0,51255.0,8910.0,3465.0,885.0,1140.0,14400.0,1635.0,1440.0,60.0,570.0,3705.0,420.0,225.0,120.0,765.0,210.0,315.0,11175.0,5190.0,960.0,1860.0,19185.0,15045.0,945.0,510.0,570.0,17070.0,4890.0,360.0,120.0,195.0,5565.0,2385.0,825.0,135.0,3555.0,6330.0,555.0,165.0,255.0,7305.0,255.0,90.0,255.0,90.0,690.0,28935.0,2790.0,1185.0,1320.0,34230.0,4080.0,405.0,165.0,135.0,4785.0,780.0,390.0,90.0,90.0,1350.0,1140.0,210.0,60.0,45.0,1455.0,2955.0,270.0,3345.0,120.0,75.0,15.0,15.0,225.0,405.0,255.0,30.0,150.0,840.0,9480.0,1605.0,360.0,555.0,12000.0,38415.0,4395.0,1545.0,1875.0,46230.0,6135.0,9495.0,300.0,900.0,16830.0,1575.0,675.0,75.0,225.0,2550.0,90.0,195.0,315.0,7800.0,10365.0,390.0,1140.0,19695.0,5550.0,840.0,15.0,360.0,6765.0,1110.0,1095.0,2310.0,1440.0,510.0,15.0,2070.0,1635.0,585.0,75.0,150.0,2445.0,135.0,120.0,105.0,195.0,555.0,9870.0,3150.0,240.0,885.0,14145.0,17670.0,13515.0,630.0,2025.0,33840.0,540.0,645.0,0.0,60.0,1245.0,4185.0,4680.0,315.0,1440.0,10620.0,1860.0,1395.0,120.0,1965.0,5340.0,6585.0,6720.0,435.0,3465.0,17205.0,90315.0,56505.0,7845.0,13050.0,167715.0,14280.0,9814.0,21190.0,1923.0,13001.0,518.0,5673.0,2857.0,172.0,8266.0,11882.0,2745.0
1995-01-31,,,56393.0,14968.0,22588.0,27374.0,16422.0,120952.0,39394.0,18299.0,15567.0,18252.0,137117.0,168038.0,8081.0,9324.0,6758.0,1022.0,32066.0,68182.0,12353.0,11734.0,6420.0,8855.0,13353.0,3711.0,19677.0,2660.0,4267.0,22487.0,5870.0,36220.0,11293.0,24652.0,19974.0,303774.0,13484.0,60876.0,8390.0,8080.0,3725.0,4910.0,10874.0,2267.0,15675.0,698.0,1075.0,11386.0,2706.0,14691.0,7972.0,12816.0,9582.0,189207.0,10371.0,903.0,2060.0,1025.0,923.0,857.0,722.0,327.0,1299.0,437.0,1185.0,3720.0,1846.0,16772.0,2071.0,6484.0,3813.0,54815.0,4490.0,2065.0,646.0,1239.0,573.0,616.0,380.0,225.0,523.0,860.0,576.0,4933.0,542.0,2154.0,670.0,2286.0,1434.0,24212.0,3721.0,4338.0,1257.0,1390.0,1199.0,2472.0,1377.0,892.0,2180.0,665.0,1431.0,2448.0,776.0,2603.0,580.0,3066.0,5145.0,35540.0,100.0,4900.0,200.0,1000.0,31000.0,1300.0,2400.0,200.0,300.0,1300.0,1000.0,43700.0,500.0,2200.0,1800.0,300.0,1100.0,200.0,900.0,11000.0,600.0,18600.0,1200.0,1500.0,200.0,100.0,200.0,900.0,4200.0,500.0,200.0,800.0,300.0,200.0,900.0,2800.0,200.0,,15600.0,7700.0,3200.0,6200.0,5800.0,5900.0,700.0,45400.0,4200.0,9400.0,3000.0,900.0,1600.0,0.0,19100.0,1900.0,200.0,700.0,400.0,3400.0,300.0,300.0,2000.0,400.0,300.0,21600.0,500.0,25500.0,300.0,1300.0,600.0,2200.0,1100.0,166100.0,673.0,629.0,273.0,60.0,142.0,1777.0,13456.0,12512.0,4288.0,3232.0,33488.0,9648.0,1696.0,1280.0,1536.0,14160.0,2208.0,800.0,112.0,640.0,3760.0,864.0,160.0,96.0,1120.0,48.0,128.0,12768.0,2688.0,1408.0,2304.0,19168.0,12752.0,528.0,384.0,928.0,14592.0,4400.0,592.0,128.0,368.0,5488.0,1728.0,768.0,160.0,2928.0,10560.0,720.0,176.0,448.0,11904.0,128.0,64.0,240.0,128.0,560.0,29584.0,2704.0,1088.0,2144.0,35520.0,976.0,128.0,144.0,32.0,1280.0,576.0,176.0,64.0,160.0,976.0,912.0,64.0,16.0,128.0,1120.0,432.0,80.0,672.0,80.0,32.0,16.0,64.0,192.0,240.0,160.0,80.0,208.0,688.0,3216.0,640.0,368.0,704.0,4928.0,32800.0,3344.0,1456.0,2848.0,40448.0,7456.0,7264.0,448.0,1200.0,16368.0,1840.0,352.0,176.0,288.0,2656.0,112.0,176.0,352.0,9408.0,7792.0,624.0,1552.0,19376.0,6144.0,448.0,128.0,624.0,7344.0,1024.0,704.0,1936.0,1616.0,240.0,32.0,2080.0,1728.0,336.0,144.0,384.0,2592.0,224.0,128.0,560.0,224.0,1136.0,10736.0,1856.0,912.0,1584.0,15088.0,20144.0,9648.0,1536.0,3136.0,34464.0,240.0,240.0,32.0,48.0,560.0,2512.0,1600.0,432.0,944.0,5488.0,1440.0,864.0,128.0,1744.0,4176.0,4192.0,2704.0,592.0,2736.0,10224.0,83360.0,30896.0,9280.0,14256.0,137792.0,10518.0,6388.0,11691.0,1140.0,9974.0,501.0,4006.0,1094.0,601.0,7908.0,8637.0,2423.0
1995-02-28,,,49912.0,12571.0,18379.0,27953.0,19741.0,103391.0,28731.0,15457.0,16017.0,15003.0,134249.0,139608.0,7573.0,9155.0,6681.0,929.0,25590.0,60348.0,12635.0,13039.0,11202.0,12137.0,23180.0,4960.0,14072.0,2841.0,5404.0,31676.0,5556.0,40659.0,13396.0,25733.0,16616.0,319044.0,7904.0,53037.0,6206.0,6653.0,4851.0,7140.0,19729.0,2756.0,10799.0,487.0,1317.0,16912.0,2951.0,15235.0,9410.0,13778.0,6633.0,185798.0,7001.0,1188.0,1857.0,1201.0,1301.0,1026.0,643.0,354.0,741.0,418.0,1220.0,4656.0,1388.0,19993.0,2235.0,6190.0,3548.0,54960.0,8003.0,2692.0,1503.0,1999.0,1090.0,830.0,690.0,721.0,1131.0,983.0,976.0,6981.0,641.0,3366.0,947.0,3120.0,2014.0,37687.0,2682.0,3431.0,3069.0,3186.0,3960.0,3141.0,2118.0,1129.0,1401.0,953.0,1891.0,3127.0,576.0,2065.0,804.0,2645.0,4421.0,40599.0,100.0,3300.0,0.0,600.0,26500.0,1700.0,2400.0,400.0,300.0,800.0,400.0,36400.0,400.0,900.0,1700.0,600.0,700.0,300.0,500.0,11900.0,600.0,17700.0,1500.0,1800.0,100.0,0.0,400.0,1400.0,5400.0,300.0,600.0,300.0,400.0,100.0,800.0,2600.0,200.0,,13600.0,5100.0,3800.0,7500.0,5800.0,2700.0,500.0,39300.0,2500.0,11600.0,2900.0,800.0,1800.0,100.0,19700.0,3300.0,300.0,600.0,400.0,4800.0,200.0,200.0,1800.0,300.0,100.0,18900.0,400.0,21900.0,300.0,1500.0,900.0,2700.0,1500.0,151900.0,636.0,360.0,142.0,36.0,103.0,1277.0,12105.0,10365.0,6615.0,3330.0,32415.0,13155.0,1695.0,1470.0,1260.0,17580.0,1950.0,630.0,285.0,555.0,3420.0,315.0,60.0,240.0,630.0,105.0,150.0,15525.0,2400.0,1785.0,2070.0,21780.0,13485.0,525.0,390.0,840.0,15240.0,7545.0,510.0,135.0,810.0,9000.0,2250.0,495.0,225.0,3270.0,8445.0,405.0,270.0,330.0,9450.0,225.0,150.0,225.0,150.0,750.0,31950.0,2085.0,1260.0,2445.0,37740.0,660.0,210.0,240.0,180.0,1290.0,585.0,240.0,15.0,285.0,1125.0,1065.0,90.0,75.0,255.0,1485.0,1020.0,75.0,1245.0,75.0,90.0,60.0,90.0,315.0,225.0,165.0,75.0,300.0,765.0,3630.0,870.0,510.0,1215.0,6225.0,35580.0,2955.0,1770.0,3660.0,43965.0,9960.0,7065.0,990.0,735.0,18750.0,1815.0,300.0,90.0,270.0,2475.0,210.0,75.0,300.0,11985.0,7440.0,1080.0,1020.0,21525.0,7245.0,615.0,105.0,495.0,8460.0,1125.0,585.0,1890.0,1530.0,240.0,120.0,1995.0,1530.0,255.0,300.0,150.0,2235.0,225.0,60.0,195.0,210.0,690.0,11655.0,1755.0,855.0,1005.0,15270.0,23640.0,9195.0,1935.0,2025.0,36795.0,300.0,390.0,45.0,15.0,750.0,1830.0,1500.0,300.0,1215.0,4845.0,1305.0,885.0,225.0,1575.0,3990.0,3435.0,2775.0,570.0,2805.0,9585.0,90285.0,27690.0,12675.0,13890.0,144540.0,7856.0,8196.0,9841.0,860.0,7397.0,402.0,1928.0,1271.0,495.0,13033.0,7752.0,2401.0
1995-03-31,,,70010.0,16676.0,24141.0,36459.0,23362.0,129248.0,29098.0,19045.0,21974.0,19922.0,133245.0,189606.0,9268.0,10623.0,7928.0,1123.0,37639.0,67950.0,6805.0,13343.0,9987.0,15145.0,14774.0,6819.0,13301.0,2957.0,4831.0,28884.0,5529.0,35805.0,12429.0,21959.0,15431.0,313588.0,13554.0,61314.0,3833.0,9090.0,6311.0,12019.0,12826.0,4196.0,10881.0,463.0,1537.0,14666.0,2585.0,14991.0,9211.0,10614.0,5880.0,193971.0,11713.0,1073.0,1619.0,1371.0,2008.0,867.0,375.0,540.0,574.0,488.0,1373.0,4665.0,1997.0,15947.0,1818.0,5956.0,3888.0,56272.0,9832.0,2491.0,970.0,2050.0,963.0,902.0,846.0,1050.0,946.0,1331.0,744.0,8035.0,701.0,3475.0,795.0,3633.0,2427.0,41191.0,2540.0,3072.0,383.0,832.0,705.0,1357.0,727.0,1033.0,900.0,675.0,1177.0,1518.0,246.0,1392.0,605.0,1756.0,3236.0,22154.0,200.0,4200.0,500.0,1400.0,35200.0,1300.0,2500.0,300.0,100.0,1300.0,400.0,47300.0,400.0,1700.0,3000.0,1000.0,800.0,200.0,600.0,20700.0,600.0,29000.0,2400.0,3400.0,400.0,300.0,600.0,2300.0,9600.0,400.0,1000.0,1800.0,600.0,100.0,700.0,4700.0,500.0,,16600.0,5800.0,3800.0,9100.0,4900.0,2800.0,400.0,43900.0,4500.0,12600.0,3500.0,1200.0,1900.0,100.0,23700.0,2100.0,500.0,700.0,300.0,3900.0,300.0,200.0,2600.0,300.0,200.0,24000.0,600.0,28300.0,100.0,1600.0,700.0,2500.0,1500.0,194600.0,680.0,253.0,121.0,40.0,130.0,1224.0,13740.0,11370.0,8460.0,4050.0,37620.0,12225.0,1860.0,1695.0,1260.0,17040.0,2130.0,645.0,255.0,450.0,3480.0,465.0,30.0,225.0,750.0,180.0,240.0,15000.0,2565.0,1995.0,1950.0,21510.0,11910.0,705.0,510.0,600.0,13725.0,6150.0,720.0,210.0,345.0,7425.0,1035.0,435.0,210.0,1800.0,7935.0,360.0,240.0,315.0,8850.0,150.0,75.0,300.0,60.0,585.0,27180.0,2295.0,1470.0,1440.0,32385.0,780.0,210.0,180.0,105.0,1275.0,825.0,255.0,165.0,165.0,1410.0,2190.0,180.0,30.0,570.0,2970.0,1665.0,165.0,2025.0,60.0,30.0,30.0,90.0,210.0,180.0,180.0,30.0,135.0,525.0,5700.0,1020.0,495.0,1200.0,8415.0,32880.0,3315.0,1965.0,2640.0,40800.0,5475.0,3780.0,1080.0,735.0,11070.0,1155.0,165.0,165.0,150.0,1635.0,135.0,90.0,270.0,6765.0,4035.0,1275.0,900.0,12975.0,4995.0,540.0,225.0,330.0,6090.0,585.0,240.0,990.0,990.0,180.0,30.0,1290.0,1005.0,240.0,285.0,210.0,1740.0,135.0,90.0,195.0,150.0,570.0,7710.0,1290.0,840.0,840.0,10680.0,14475.0,5325.0,2115.0,1740.0,23655.0,435.0,270.0,60.0,195.0,960.0,1290.0,1455.0,360.0,1260.0,4365.0,1470.0,600.0,405.0,1185.0,3660.0,3195.0,2325.0,825.0,2640.0,8985.0,79290.0,24900.0,15360.0,13020.0,132570.0,30427.0,16181.0,33545.0,7326.0,26046.0,686.0,5843.0,1606.0,625.0,11259.0,13295.0,2725.0
1995-04-30,,,66038.0,14378.0,22946.0,34171.0,27399.0,100084.0,25788.0,34446.0,20367.0,34318.0,159148.0,173604.0,8172.0,10131.0,7491.0,1127.0,44860.0,57093.0,11895.0,11389.0,6935.0,8074.0,14357.0,17134.0,11044.0,3222.0,7173.0,23651.0,3940.0,31783.0,9380.0,16035.0,16120.0,294085.0,18295.0,51308.0,7345.0,7245.0,4030.0,4823.0,11803.0,14001.0,8318.0,832.0,2693.0,11023.0,1726.0,10843.0,6942.0,8487.0,5722.0,175436.0,15586.0,855.0,2824.0,1739.0,1687.0,1068.0,684.0,1006.0,662.0,719.0,2395.0,4944.0,1547.0,16901.0,1416.0,4044.0,4704.0,62781.0,7633.0,1864.0,1243.0,1609.0,692.0,694.0,696.0,587.0,907.0,1200.0,778.0,6314.0,542.0,2217.0,707.0,2437.0,2287.0,32407.0,3346.0,3066.0,483.0,796.0,526.0,1489.0,1174.0,1540.0,1157.0,471.0,1307.0,1370.0,125.0,1822.0,315.0,1067.0,3407.0,23461.0,200.0,6800.0,300.0,1200.0,34100.0,1300.0,2600.0,300.0,400.0,1200.0,600.0,48900.0,400.0,3000.0,2700.0,1300.0,2000.0,300.0,600.0,25900.0,500.0,36800.0,2900.0,4300.0,500.0,400.0,600.0,2400.0,11700.0,400.0,800.0,1200.0,1700.0,100.0,1200.0,5400.0,200.0,,17500.0,7300.0,5600.0,7800.0,7600.0,2900.0,500.0,49400.0,5300.0,11800.0,4100.0,1500.0,2500.0,0.0,25300.0,1700.0,400.0,1000.0,400.0,3900.0,300.0,100.0,2900.0,200.0,100.0,24600.0,200.0,28500.0,500.0,2100.0,500.0,3100.0,1700.0,214600.0,403.0,273.0,105.0,50.0,90.0,921.0,12610.0,12766.0,6487.0,3549.0,35412.0,7462.0,1365.0,1560.0,1209.0,11596.0,845.0,429.0,169.0,429.0,1872.0,260.0,13.0,143.0,442.0,143.0,169.0,8710.0,1820.0,1755.0,1794.0,14079.0,7748.0,312.0,494.0,624.0,9178.0,5707.0,442.0,78.0,338.0,6565.0,1729.0,702.0,221.0,3016.0,5577.0,338.0,195.0,312.0,6422.0,156.0,52.0,338.0,169.0,715.0,20917.0,1846.0,1326.0,1846.0,25935.0,949.0,169.0,143.0,156.0,1417.0,572.0,286.0,117.0,117.0,1092.0,5434.0,351.0,117.0,780.0,6682.0,273.0,104.0,663.0,39.0,65.0,52.0,104.0,260.0,364.0,156.0,91.0,429.0,1040.0,7631.0,1131.0,559.0,1833.0,11154.0,28548.0,2977.0,1885.0,3679.0,37089.0,3692.0,2886.0,676.0,715.0,7969.0,650.0,65.0,117.0,104.0,936.0,91.0,39.0,182.0,4433.0,2990.0,793.0,871.0,9087.0,3172.0,182.0,104.0,338.0,3796.0,234.0,117.0,507.0,533.0,117.0,65.0,780.0,585.0,91.0,208.0,169.0,1053.0,104.0,52.0,104.0,104.0,364.0,4628.0,559.0,585.0,728.0,6500.0,9061.0,3549.0,1378.0,1599.0,15587.0,455.0,208.0,52.0,156.0,871.0,1261.0,1612.0,507.0,845.0,4225.0,832.0,923.0,169.0,910.0,2834.0,2548.0,2743.0,728.0,1911.0,7930.0,61477.0,23855.0,12233.0,12532.0,110097.0,81340.0,63466.0,158625.0,10929.0,37352.0,4628.0,42073.0,28234.0,8503.0,6574.0,21010.0,6218.0
1995-05-31,,,62639.0,13986.0,24317.0,24956.0,17991.0,116694.0,23725.0,30939.0,22589.0,23704.0,134340.0,194417.0,7777.0,9910.0,7237.0,1040.0,38226.0,60730.0,6451.0,15985.0,12202.0,7977.0,8073.0,7880.0,9300.0,2863.0,6764.0,18219.0,2768.0,17144.0,6363.0,11389.0,12595.0,244929.0,15384.0,55658.0,3090.0,12044.0,7834.0,4821.0,6823.0,5781.0,6980.0,381.0,2449.0,7210.0,1045.0,6588.0,4688.0,5453.0,4404.0,150633.0,11022.0,760.0,1471.0,1550.0,1861.0,710.0,272.0,418.0,538.0,662.0,1762.0,3245.0,739.0,7054.0,576.0,2649.0,2808.0,38097.0,9002.0,2294.0,1315.0,1577.0,1633.0,1092.0,548.0,783.0,882.0,1509.0,976.0,6541.0,718.0,2490.0,840.0,2195.0,2366.0,36761.0,2818.0,2018.0,575.0,814.0,874.0,1354.0,430.0,898.0,900.0,311.0,1577.0,1223.0,266.0,1012.0,259.0,1092.0,3017.0,19438.0,100.0,6100.0,400.0,800.0,21600.0,1400.0,3400.0,400.0,600.0,2000.0,400.0,37200.0,700.0,3500.0,5300.0,1300.0,1900.0,700.0,900.0,27300.0,1100.0,42800.0,3900.0,5400.0,1200.0,300.0,1000.0,4000.0,16400.0,300.0,600.0,1600.0,2100.0,100.0,700.0,5400.0,200.0,,13200.0,6700.0,4400.0,6100.0,4800.0,2400.0,400.0,38200.0,3200.0,11400.0,3600.0,1300.0,1700.0,100.0,21300.0,1500.0,200.0,900.0,100.0,2800.0,200.0,100.0,3700.0,200.0,200.0,28300.0,400.0,33100.0,600.0,1500.0,700.0,2800.0,1800.0,201700.0,196.0,318.0,159.0,23.0,83.0,779.0,4994.0,8173.0,7315.0,3267.0,23749.0,4301.0,880.0,1353.0,869.0,7403.0,550.0,253.0,176.0,264.0,1243.0,275.0,44.0,110.0,451.0,88.0,176.0,5214.0,1210.0,1595.0,1254.0,9273.0,8118.0,165.0,671.0,539.0,9493.0,2948.0,561.0,77.0,220.0,3806.0,781.0,528.0,187.0,1848.0,4543.0,308.0,198.0,330.0,5379.0,110.0,77.0,352.0,143.0,682.0,16500.0,1639.0,1485.0,1595.0,21219.0,1133.0,209.0,286.0,88.0,1716.0,902.0,198.0,99.0,198.0,1397.0,2530.0,198.0,44.0,385.0,3157.0,231.0,88.0,550.0,198.0,132.0,22.0,44.0,396.0,231.0,77.0,33.0,330.0,671.0,5225.0,902.0,550.0,1210.0,7887.0,21725.0,2541.0,2035.0,2805.0,29106.0,2596.0,1606.0,506.0,671.0,5379.0,418.0,55.0,143.0,121.0,737.0,99.0,33.0,165.0,3113.0,1694.0,671.0,803.0,6281.0,1826.0,88.0,176.0,253.0,2343.0,187.0,55.0,385.0,275.0,33.0,33.0,429.0,506.0,110.0,275.0,154.0,1045.0,44.0,44.0,660.0,297.0,1045.0,2838.0,330.0,1254.0,825.0,5247.0,5951.0,2024.0,1925.0,1628.0,11528.0,132.0,154.0,110.0,11.0,407.0,1089.0,1342.0,352.0,990.0,3773.0,748.0,759.0,231.0,605.0,2343.0,1969.0,2255.0,693.0,1606.0,6523.0,39853.0,16203.0,13563.0,10560.0,80179.0,346502.0,76986.0,311821.0,5181.0,39355.0,14202.0,71021.0,64889.0,10941.0,4517.0,23281.0,5022.0
1995-06-30,,,62413.0,12351.0,25118.0,24118.0,14287.0,138074.0,24831.0,21689.0,28864.0,15010.0,141853.0,169506.0,7706.0,10335.0,7366.0,1019.0,46987.0,56484.0,8176.0,23908.0,6651.0,13299.0,8127.0,4259.0,7838.0,2930.0,4406.0,25578.0,3100.0,15282.0,6114.0,13530.0,14846.0,261515.0,20076.0,50320.0,4485.0,19274.0,4317.0,10260.0,6276.0,2680.0,5656.0,278.0,1125.0,10747.0,1013.0,5472.0,3760.0,6255.0,5322.0,157316.0,14689.0,896.0,2214.0,2324.0,1250.0,955.0,519.0,362.0,653.0,751.0,1389.0,4843.0,1056.0,6779.0,1189.0,4034.0,4248.0,48151.0,8301.0,2683.0,1131.0,1346.0,690.0,682.0,355.0,434.0,572.0,1453.0,768.0,5955.0,758.0,1706.0,709.0,2076.0,2249.0,31868.0,3921.0,2585.0,346.0,964.0,394.0,1402.0,977.0,783.0,957.0,448.0,1124.0,4033.0,273.0,1325.0,456.0,1165.0,3027.0,24180.0,300.0,7200.0,600.0,1300.0,23600.0,1900.0,3800.0,400.0,300.0,2300.0,1100.0,42800.0,800.0,4200.0,4100.0,1700.0,1800.0,1000.0,1300.0,30900.0,2100.0,47900.0,5200.0,7700.0,1500.0,600.0,1000.0,5500.0,22700.0,200.0,600.0,1800.0,1400.0,100.0,700.0,4700.0,100.0,,18800.0,7100.0,4000.0,7100.0,5500.0,2900.0,1100.0,46500.0,4000.0,15500.0,2400.0,1200.0,2700.0,0.0,25800.0,1400.0,100.0,900.0,500.0,3000.0,100.0,100.0,3700.0,200.0,100.0,25000.0,600.0,29900.0,100.0,3500.0,1000.0,4600.0,1500.0,229400.0,110.0,223.0,125.0,46.0,158.0,662.0,6798.0,8679.0,7007.0,2970.0,25454.0,6017.0,1375.0,979.0,1870.0,10241.0,374.0,264.0,154.0,220.0,1012.0,209.0,55.0,66.0,385.0,33.0,132.0,6633.0,1716.0,1210.0,2211.0,11770.0,7535.0,253.0,484.0,341.0,8613.0,1474.0,352.0,33.0,187.0,2046.0,803.0,418.0,231.0,1694.0,3784.0,396.0,110.0,275.0,4565.0,77.0,99.0,429.0,132.0,737.0,13695.0,1518.0,1298.0,1177.0,17688.0,1067.0,231.0,176.0,55.0,1529.0,330.0,176.0,88.0,66.0,660.0,902.0,143.0,33.0,154.0,1232.0,792.0,132.0,1056.0,55.0,77.0,44.0,55.0,231.0,121.0,99.0,66.0,88.0,374.0,3267.0,858.0,440.0,517.0,5082.0,16962.0,2376.0,1738.0,1694.0,22770.0,1881.0,1353.0,715.0,429.0,4378.0,363.0,77.0,77.0,44.0,561.0,55.0,99.0,187.0,2299.0,1529.0,803.0,495.0,5126.0,814.0,176.0,44.0,209.0,1243.0,132.0,99.0,352.0,176.0,22.0,77.0,330.0,308.0,33.0,209.0,187.0,737.0,55.0,88.0,132.0,55.0,330.0,1485.0,418.0,517.0,572.0,2992.0,3784.0,1947.0,1320.0,1067.0,8118.0,220.0,165.0,66.0,33.0,484.0,803.0,1089.0,407.0,990.0,3289.0,407.0,726.0,187.0,726.0,2046.0,1430.0,1980.0,660.0,1749.0,5819.0,35607.0,16698.0,11935.0,9691.0,73931.0,353378.0,59072.0,334964.0,8219.0,84082.0,26662.0,67891.0,84601.0,5472.0,7321.0,31966.0,6248.0
1995-07-31,,,61698.0,15576.0,22657.0,26430.0,14681.0,144140.0,28640.0,19643.0,19329.0,23358.0,175896.0,201334.0,7262.0,10364.0,7327.0,1012.0,54530.0,73195.0,18748.0,9878.0,6358.0,13958.0,16358.0,5408.0,14322.0,3531.0,5499.0,29338.0,5216.0,20668.0,9804.0,25762.0,17169.0,329742.0,26845.0,63688.0,9893.0,4927.0,2563.0,8296.0,12462.0,3078.0,9869.0,646.0,1362.0,12084.0,2303.0,8200.0,6489.0,14364.0,6647.0,193716.0,13297.0,1297.0,4227.0,1465.0,1114.0,1245.0,995.0,275.0,1254.0,808.0,1441.0,5076.0,1613.0,7863.0,1353.0,6582.0,3464.0,53369.0,10968.0,3764.0,1625.0,1492.0,925.0,1128.0,908.0,788.0,1087.0,1667.0,1342.0,7394.0,659.0,2984.0,1204.0,2847.0,2474.0,43256.0,3420.0,4446.0,3003.0,1994.0,1756.0,3289.0,1993.0,1267.0,2112.0,410.0,1354.0,4784.0,641.0,1621.0,758.0,1969.0,4584.0,39401.0,600.0,6900.0,300.0,800.0,28000.0,700.0,3600.0,600.0,200.0,1900.0,1200.0,44800.0,500.0,2300.0,2800.0,2200.0,1500.0,500.0,1200.0,29600.0,2000.0,42600.0,6600.0,5600.0,700.0,500.0,600.0,4700.0,19800.0,300.0,300.0,2900.0,1500.0,100.0,900.0,6000.0,200.0,,24300.0,8900.0,3100.0,8400.0,7400.0,2700.0,500.0,55500.0,4000.0,11900.0,3600.0,800.0,2100.0,500.0,22800.0,1900.0,200.0,800.0,400.0,3300.0,200.0,200.0,6300.0,100.0,100.0,27800.0,200.0,34900.0,200.0,1500.0,800.0,2500.0,1500.0,233600.0,339.0,461.0,131.0,37.0,119.0,1087.0,11375.0,8281.0,7644.0,3627.0,30927.0,7865.0,1326.0,1092.0,2730.0,13013.0,1040.0,481.0,143.0,390.0,2054.0,247.0,52.0,247.0,585.0,169.0,299.0,9321.0,1937.0,1287.0,3406.0,15951.0,12220.0,455.0,650.0,546.0,13871.0,3614.0,780.0,78.0,702.0,5174.0,2158.0,871.0,247.0,3601.0,6916.0,689.0,169.0,325.0,8099.0,130.0,182.0,273.0,39.0,624.0,25038.0,2977.0,1417.0,1937.0,31369.0,390.0,156.0,169.0,143.0,858.0,585.0,143.0,91.0,143.0,962.0,1027.0,117.0,65.0,143.0,1352.0,676.0,91.0,936.0,78.0,52.0,78.0,26.0,234.0,78.0,130.0,130.0,169.0,507.0,2834.0,689.0,585.0,741.0,4849.0,27872.0,3666.0,2002.0,2678.0,36218.0,2496.0,1989.0,546.0,780.0,5811.0,416.0,182.0,104.0,143.0,845.0,130.0,39.0,182.0,3042.0,2210.0,663.0,923.0,6838.0,1170.0,195.0,273.0,234.0,1872.0,195.0,273.0,611.0,221.0,156.0,39.0,494.0,754.0,312.0,299.0,234.0,1599.0,117.0,143.0,403.0,234.0,897.0,2457.0,1079.0,1066.0,871.0,5473.0,5499.0,3289.0,1729.0,1794.0,12311.0,247.0,143.0,26.0,52.0,468.0,1560.0,1235.0,221.0,1053.0,4069.0,793.0,819.0,286.0,1066.0,2964.0,2600.0,2197.0,533.0,2171.0,7501.0,56667.0,19370.0,13195.0,13676.0,102908.0,391012.0,108782.0,417081.0,12548.0,104117.0,34840.0,99406.0,87167.0,18090.0,6094.0,26771.0,8555.0
1995-08-31,,,54603.0,12986.0,19490.0,28440.0,15063.0,164057.0,35322.0,31358.0,22463.0,20654.0,183322.0,202555.0,7650.0,10535.0,7887.0,1056.0,56293.0,83276.0,12596.0,11544.0,8780.0,8503.0,11856.0,4711.0,14579.0,3458.0,5186.0,21142.0,3604.0,17916.0,7464.0,19738.0,14318.0,304964.0,27752.0,72439.0,7712.0,7312.0,5493.0,4821.0,9344.0,3029.0,10756.0,878.0,1389.0,8454.0,1034.0,7461.0,5408.0,11598.0,5840.0,190720.0,13195.0,1459.0,2316.0,1278.0,1366.0,881.0,664.0,258.0,855.0,523.0,1503.0,4014.0,1774.0,6919.0,758.0,3750.0,3327.0,44840.0,11837.0,6695.0,1799.0,2294.0,1438.0,1315.0,1144.0,921.0,2034.0,1689.0,1386.0,6842.0,557.0,2339.0,936.0,2567.0,2434.0,48227.0,3509.0,2683.0,769.0,660.0,483.0,1486.0,704.0,503.0,934.0,368.0,908.0,1832.0,239.0,1197.0,362.0,1823.0,2717.0,21177.0,400.0,6900.0,300.0,1100.0,27300.0,1200.0,2100.0,400.0,200.0,1500.0,700.0,42100.0,600.0,1700.0,2500.0,1500.0,1800.0,500.0,600.0,23000.0,1100.0,33400.0,3700.0,4300.0,600.0,200.0,500.0,2700.0,12400.0,200.0,500.0,1500.0,700.0,200.0,800.0,4000.0,100.0,,20200.0,5800.0,3000.0,6600.0,5200.0,2300.0,600.0,43700.0,4800.0,11900.0,3100.0,1400.0,2400.0,100.0,23600.0,1800.0,100.0,600.0,200.0,2700.0,200.0,100.0,4000.0,300.0,200.0,25700.0,400.0,31000.0,100.0,1300.0,900.0,2300.0,2300.0,197500.0,149.0,223.0,88.0,65.0,260.0,785.0,9184.0,7602.0,7448.0,3556.0,27790.0,4172.0,1120.0,1260.0,1050.0,7602.0,490.0,546.0,112.0,252.0,1400.0,224.0,98.0,42.0,392.0,84.0,168.0,4970.0,1820.0,1414.0,1358.0,9562.0,13720.0,700.0,532.0,630.0,15582.0,2534.0,532.0,70.0,784.0,3920.0,1736.0,602.0,196.0,2786.0,8064.0,364.0,182.0,448.0,9058.0,168.0,126.0,336.0,84.0,714.0,26292.0,2324.0,1316.0,2212.0,32144.0,406.0,84.0,196.0,154.0,840.0,518.0,168.0,126.0,98.0,910.0,1092.0,140.0,28.0,168.0,1428.0,350.0,56.0,588.0,42.0,42.0,56.0,28.0,168.0,182.0,98.0,112.0,140.0,532.0,2590.0,588.0,574.0,714.0,4466.0,28882.0,2912.0,1890.0,2926.0,36610.0,2926.0,2058.0,448.0,560.0,5992.0,224.0,84.0,168.0,98.0,574.0,28.0,84.0,168.0,3178.0,2226.0,616.0,714.0,6734.0,1120.0,294.0,70.0,210.0,1694.0,154.0,98.0,392.0,280.0,112.0,28.0,420.0,1316.0,224.0,56.0,308.0,1904.0,84.0,28.0,0.0,84.0,196.0,2954.0,756.0,238.0,658.0,4606.0,6132.0,2982.0,854.0,1372.0,11340.0,154.0,182.0,70.0,70.0,476.0,1456.0,1190.0,196.0,1232.0,4074.0,910.0,798.0,210.0,812.0,2730.0,2520.0,2170.0,476.0,2114.0,7280.0,51688.0,17486.0,12082.0,11326.0,92582.0,412840.0,107329.0,387066.0,20077.0,180312.0,27696.0,85796.0,80077.0,17428.0,7531.0,29996.0,6759.0
1995-09-30,,,59248.0,10762.0,24542.0,29128.0,20016.0,164682.0,25773.0,22712.0,22827.0,14870.0,130314.0,183181.0,8145.0,10318.0,7493.0,1068.0,55560.0,57596.0,7070.0,14351.0,6475.0,7094.0,7681.0,4689.0,9146.0,3254.0,4783.0,18754.0,3575.0,20703.0,10781.0,21435.0,15618.0,268565.0,26167.0,50658.0,3230.0,9942.0,3400.0,3696.0,5690.0,2742.0,6422.0,609.0,1210.0,7521.0,1514.0,7263.0,8004.0,11285.0,5294.0,154647.0,16222.0,1269.0,1897.0,1783.0,1812.0,995.0,853.0,423.0,606.0,782.0,1487.0,3473.0,1131.0,9052.0,1189.0,4886.0,4759.0,52619.0,9263.0,2692.0,1267.0,1764.0,933.0,962.0,531.0,736.0,1066.0,1427.0,1118.0,6487.0,705.0,2998.0,757.0,3162.0,2417.0,38285.0,3908.0,2977.0,676.0,862.0,330.0,1441.0,607.0,788.0,1052.0,436.0,968.0,1273.0,225.0,1390.0,831.0,2102.0,3148.0,23014.0,500.0,7800.0,200.0,1400.0,39000.0,1600.0,2800.0,600.0,200.0,1600.0,1200.0,56900.0,700.0,2800.0,2900.0,2100.0,1100.0,500.0,800.0,29000.0,800.0,40600.0,3000.0,6400.0,300.0,300.0,900.0,2700.0,13800.0,1000.0,1200.0,1200.0,1000.0,400.0,900.0,5800.0,200.0,,24200.0,8900.0,3900.0,9100.0,7700.0,2300.0,400.0,56800.0,5700.0,12000.0,5500.0,1200.0,2300.0,400.0,27100.0,2900.0,300.0,700.0,500.0,4900.0,200.0,300.0,5300.0,300.0,100.0,36700.0,200.0,43100.0,200.0,1900.0,1300.0,3500.0,2100.0,254600.0,284.0,376.0,239.0,30.0,174.0,1103.0,18390.0,11055.0,6840.0,4140.0,40425.0,4440.0,645.0,1305.0,810.0,7200.0,660.0,195.0,165.0,195.0,1215.0,315.0,45.0,255.0,660.0,90.0,165.0,5505.0,945.0,1515.0,1275.0,9240.0,8775.0,225.0,450.0,780.0,10230.0,2625.0,450.0,45.0,495.0,3615.0,765.0,525.0,240.0,1725.0,4980.0,285.0,165.0,270.0,5700.0,90.0,165.0,270.0,60.0,585.0,17280.0,1650.0,1185.0,1800.0,21915.0,945.0,90.0,210.0,120.0,1365.0,600.0,135.0,60.0,150.0,945.0,855.0,180.0,90.0,150.0,1275.0,345.0,30.0,450.0,75.0,15.0,30.0,0.0,120.0,150.0,165.0,45.0,135.0,495.0,2970.0,615.0,450.0,615.0,4650.0,20250.0,2265.0,1635.0,2415.0,26565.0,2895.0,1545.0,690.0,540.0,5670.0,540.0,105.0,60.0,195.0,900.0,135.0,45.0,225.0,3570.0,1695.0,780.0,750.0,6795.0,1935.0,150.0,135.0,255.0,2475.0,270.0,180.0,510.0,480.0,45.0,45.0,660.0,675.0,105.0,180.0,210.0,1170.0,165.0,90.0,105.0,75.0,435.0,3525.0,570.0,480.0,675.0,5250.0,7095.0,2265.0,1260.0,1425.0,12045.0,270.0,225.0,90.0,105.0,690.0,720.0,1380.0,420.0,915.0,3435.0,735.0,705.0,270.0,1005.0,2715.0,1725.0,2310.0,780.0,2025.0,6840.0,52965.0,18840.0,12030.0,11280.0,95115.0,374766.0,58707.0,347260.0,14260.0,80122.0,24659.0,76758.0,67093.0,22293.0,4971.0,30830.0,5735.0
1995-10-31,,,78967.0,16629.0,26805.0,39825.0,33884.0,151870.0,27592.0,25621.0,23632.0,24560.0,143834.0,188865.0,9107.0,11432.0,8438.0,1203.0,50413.0,58206.0,9614.0,12240.0,9827.0,8808.0,12149.0,10766.0,13016.0,4252.0,6352.0,28269.0,6036.0,31012.0,14637.0,28718.0,16449.0,320764.0,22320.0,51948.0,4939.0,7434.0,6038.0,4697.0,9638.0,8359.0,9939.0,1040.0,2063.0,14453.0,3234.0,12509.0,10947.0,16433.0,5773.0,191764.0,13621.0,857.0,2158.0,1697.0,1920.0,1019.0,713.0,726.0,710.0,752.0,1855.0,4414.0,1411.0,13091.0,2238.0,6117.0,3995.0,57294.0,11553.0,2452.0,1485.0,1888.0,1039.0,1139.0,615.0,694.0,1094.0,1746.0,1192.0,8199.0,1020.0,3695.0,917.0,3989.0,3168.0,45885.0,2919.0,2949.0,1032.0,1221.0,830.0,1953.0,1183.0,987.0,1273.0,714.0,1242.0,1203.0,371.0,1717.0,535.0,2179.0,3513.0,25821.0,600.0,6200.0,100.0,1000.0,28400.0,1600.0,3700.0,0.0,300.0,1500.0,900.0,44200.0,600.0,1800.0,2000.0,600.0,700.0,300.0,500.0,20000.0,800.0,27300.0,1100.0,3600.0,400.0,100.0,700.0,1400.0,7700.0,400.0,900.0,700.0,400.0,200.0,800.0,3400.0,100.0,,24000.0,6800.0,3200.0,8100.0,6800.0,1900.0,700.0,51500.0,4200.0,11600.0,4100.0,1200.0,2000.0,0.0,23100.0,2200.0,200.0,600.0,400.0,4200.0,200.0,100.0,1900.0,200.0,200.0,25200.0,500.0,28400.0,100.0,2300.0,700.0,3200.0,1100.0,194000.0,290.0,423.0,232.0,76.0,196.0,1217.0,9915.0,9450.0,7350.0,3330.0,30045.0,10635.0,1260.0,1770.0,1455.0,15120.0,1485.0,300.0,150.0,525.0,2460.0,420.0,45.0,165.0,645.0,165.0,195.0,12705.0,1620.0,1950.0,2145.0,18420.0,8745.0,300.0,540.0,630.0,10215.0,5955.0,420.0,30.0,1335.0,7740.0,1185.0,525.0,180.0,2205.0,7905.0,315.0,285.0,480.0,8985.0,225.0,120.0,390.0,105.0,840.0,24015.0,1695.0,1425.0,2865.0,30000.0,1380.0,45.0,210.0,105.0,1740.0,825.0,195.0,120.0,285.0,1425.0,2880.0,180.0,45.0,495.0,3600.0,330.0,45.0,660.0,135.0,75.0,15.0,75.0,300.0,165.0,135.0,60.0,135.0,495.0,5715.0,675.0,525.0,1305.0,8220.0,29730.0,2370.0,1950.0,4170.0,38220.0,4635.0,3195.0,975.0,780.0,9585.0,1095.0,165.0,180.0,165.0,1605.0,120.0,45.0,300.0,5850.0,3405.0,1230.0,1005.0,11490.0,4905.0,240.0,105.0,225.0,5475.0,615.0,330.0,1080.0,1170.0,105.0,30.0,1410.0,1485.0,285.0,285.0,240.0,2295.0,105.0,75.0,135.0,75.0,390.0,8280.0,1035.0,630.0,705.0,10650.0,14130.0,4440.0,1860.0,1710.0,22140.0,330.0,225.0,60.0,60.0,675.0,1110.0,1605.0,255.0,1035.0,4005.0,900.0,705.0,240.0,1500.0,3345.0,2340.0,2535.0,555.0,2595.0,8025.0,68820.0,20415.0,13665.0,13950.0,116850.0,182575.0,27708.0,210787.0,9342.0,48646.0,6309.0,37747.0,36190.0,16726.0,6101.0,21067.0,3338.0
1995-11-30,,,66298.0,16383.0,23198.0,35935.0,26245.0,158124.0,27381.0,24665.0,27774.0,20233.0,130356.0,206740.0,8783.0,10948.0,8027.0,1148.0,44950.0,63815.0,9781.0,24377.0,15026.0,9030.0,10812.0,4941.0,18976.0,5361.0,5645.0,27426.0,5860.0,37927.0,10614.0,29765.0,18587.0,342893.0,19089.0,57144.0,6303.0,19426.0,10178.0,5476.0,8870.0,3222.0,15339.0,1643.0,1480.0,14581.0,2782.0,15458.0,7848.0,16620.0,7152.0,212611.0,12420.0,925.0,1976.0,2493.0,2982.0,832.0,671.0,482.0,831.0,1039.0,1610.0,3577.0,1802.0,17374.0,1507.0,7146.0,6135.0,63802.0,10663.0,3295.0,1066.0,1692.0,1403.0,1553.0,687.0,734.0,1495.0,2159.0,1341.0,7808.0,981.0,3384.0,910.0,3926.0,2675.0,45772.0,2778.0,2451.0,436.0,766.0,463.0,1169.0,584.0,503.0,1311.0,520.0,1214.0,1460.0,295.0,1711.0,349.0,2073.0,2625.0,20708.0,400.0,5200.0,100.0,1000.0,28200.0,1900.0,3300.0,300.0,500.0,900.0,800.0,42600.0,500.0,1200.0,3000.0,900.0,900.0,400.0,700.0,15300.0,900.0,23700.0,1100.0,2500.0,400.0,200.0,600.0,1700.0,6900.0,1000.0,600.0,1500.0,500.0,200.0,1000.0,4800.0,100.0,,16800.0,6800.0,4600.0,9000.0,6900.0,3300.0,700.0,48300.0,3800.0,16700.0,3200.0,1100.0,3600.0,0.0,28300.0,7000.0,1000.0,600.0,900.0,10500.0,400.0,400.0,2300.0,1500.0,500.0,23600.0,1400.0,30200.0,600.0,2400.0,1600.0,4500.0,1400.0,201100.0,258.0,405.0,212.0,126.0,236.0,1237.0,9615.0,10200.0,7770.0,3795.0,31380.0,10845.0,1395.0,1815.0,1305.0,15360.0,2100.0,705.0,270.0,390.0,3465.0,225.0,30.0,60.0,360.0,105.0,150.0,13275.0,2160.0,2145.0,1755.0,19335.0,11430.0,225.0,555.0,450.0,12660.0,4455.0,255.0,105.0,225.0,5040.0,1530.0,450.0,165.0,2430.0,11295.0,525.0,300.0,465.0,12585.0,240.0,120.0,570.0,60.0,990.0,28950.0,1605.0,1695.0,1500.0,33750.0,2070.0,360.0,255.0,105.0,2790.0,2190.0,435.0,135.0,225.0,2985.0,1155.0,165.0,105.0,150.0,1575.0,510.0,90.0,825.0,180.0,30.0,75.0,75.0,360.0,195.0,225.0,105.0,195.0,720.0,6300.0,1305.0,735.0,915.0,9255.0,35250.0,2910.0,2430.0,2415.0,43005.0,6315.0,5745.0,975.0,840.0,13875.0,1755.0,195.0,225.0,255.0,2430.0,165.0,195.0,390.0,8235.0,6135.0,1215.0,1110.0,16695.0,6585.0,525.0,270.0,285.0,7665.0,1230.0,705.0,2145.0,1575.0,240.0,45.0,2025.0,2070.0,195.0,150.0,150.0,2565.0,360.0,195.0,360.0,150.0,1065.0,11820.0,1860.0,930.0,855.0,15465.0,20055.0,7995.0,2145.0,1965.0,32160.0,225.0,405.0,90.0,60.0,780.0,1155.0,1620.0,330.0,900.0,4005.0,1215.0,960.0,480.0,1695.0,4350.0,2595.0,2985.0,900.0,2655.0,9135.0,80790.0,26250.0,15390.0,12585.0,135015.0,18172.0,10830.0,31241.0,3488.0,14913.0,725.0,7510.0,2709.0,1142.0,6012.0,14101.0,2319.0
1995-12-31,,,60692.0,17390.0,25899.0,25756.0,20175.0,199967.0,36706.0,31144.0,38111.0,35960.0,157437.0,225791.0,8296.0,11209.0,8473.0,1273.0,51269.0,75829.0,15583.0,40585.0,8356.0,22097.0,11287.0,6079.0,22713.0,5315.0,8420.0,29465.0,7300.0,42780.0,11893.0,35549.0,27739.0,422259.0,17030.0,68075.0,10031.0,35112.0,4784.0,18475.0,8998.0,4628.0,18334.0,1905.0,3298.0,12881.0,3095.0,15303.0,7872.0,18945.0,13021.0,261787.0,25075.0,3035.0,3855.0,3389.0,2402.0,1690.0,731.0,599.0,1760.0,1314.0,3372.0,10713.0,3683.0,25053.0,3163.0,13055.0,10305.0,113194.0,6353.0,2189.0,1151.0,1263.0,601.0,701.0,559.0,430.0,1003.0,1532.0,628.0,3948.0,212.0,980.0,520.0,1706.0,1449.0,25225.0,2811.0,2530.0,546.0,821.0,569.0,1231.0,999.0,422.0,1616.0,564.0,1122.0,1923.0,310.0,1444.0,338.0,1843.0,2964.0,22053.0,300.0,9000.0,0.0,1700.0,48500.0,1800.0,3100.0,1200.0,1000.0,2000.0,800.0,69300.0,1200.0,2500.0,2600.0,1900.0,1700.0,400.0,900.0,20800.0,1100.0,33100.0,1600.0,3800.0,1000.0,300.0,1100.0,2200.0,10700.0,1200.0,1200.0,1100.0,400.0,300.0,500.0,4700.0,400.0,,17500.0,11700.0,9000.0,9900.0,6800.0,8300.0,1400.0,65000.0,7000.0,20300.0,3700.0,1700.0,4300.0,200.0,37200.0,7700.0,400.0,1600.0,700.0,11500.0,400.0,400.0,4000.0,1400.0,400.0,32600.0,1400.0,40600.0,1300.0,3300.0,1500.0,6000.0,1300.0,279500.0,619.0,750.0,424.0,113.0,176.0,2082.0,16816.0,28896.0,5264.0,2976.0,53952.0,9904.0,3936.0,912.0,1136.0,15888.0,1552.0,1664.0,160.0,320.0,3696.0,480.0,288.0,64.0,832.0,208.0,384.0,12144.0,6032.0,1088.0,1536.0,20800.0,16192.0,1072.0,416.0,464.0,18144.0,4384.0,400.0,128.0,240.0,5152.0,2704.0,928.0,176.0,4144.0,11536.0,1104.0,224.0,528.0,13392.0,304.0,208.0,544.0,80.0,1136.0,35168.0,3712.0,1488.0,1648.0,42016.0,4352.0,608.0,224.0,48.0,5232.0,768.0,432.0,64.0,80.0,1344.0,1504.0,304.0,64.0,16.0,1888.0,2944.0,144.0,3264.0,176.0,160.0,32.0,48.0,416.0,496.0,256.0,32.0,256.0,1040.0,10240.0,1904.0,432.0,608.0,13184.0,45408.0,5616.0,1920.0,2256.0,55200.0,6320.0,9792.0,480.0,960.0,17552.0,1616.0,640.0,64.0,192.0,2512.0,224.0,208.0,432.0,8160.0,10640.0,544.0,1152.0,20496.0,4944.0,992.0,160.0,384.0,6480.0,1248.0,1120.0,2544.0,1584.0,496.0,48.0,2208.0,1456.0,704.0,176.0,224.0,2560.0,272.0,208.0,192.0,128.0,800.0,9504.0,3520.0,640.0,928.0,14592.0,17664.0,14160.0,1184.0,2080.0,35088.0,496.0,848.0,32.0,48.0,1424.0,4128.0,6032.0,208.0,1344.0,11712.0,2208.0,2512.0,224.0,4096.0,9040.0,6832.0,9392.0,464.0,5488.0,22176.0,98864.0,64096.0,9920.0,14336.0,187216.0,15499.0,8153.0,18989.0,1550.0,11157.0,703.0,5637.0,4345.0,237.0,8136.0,10978.0,2710.0
1996-01-31,,,71999.0,19643.0,34303.0,31694.0,23082.0,202166.0,55507.0,23371.0,22801.0,28149.0,128651.0,192528.0,8219.0,10487.0,7528.0,1061.0,39416.0,73303.0,10511.0,8267.0,5044.0,9565.0,12568.0,4578.0,26473.0,3607.0,5370.0,22066.0,6451.0,33172.0,10577.0,24468.0,21760.0,317196.0,16928.0,64376.0,4420.0,4149.0,1795.0,4529.0,9299.0,2216.0,20202.0,1145.0,1276.0,9371.0,2996.0,13344.0,7306.0,12973.0,10995.0,187320.0,12993.0,1164.0,1639.0,1092.0,1189.0,985.0,637.0,213.0,1691.0,702.0,1764.0,3889.0,1823.0,15229.0,1907.0,6741.0,4141.0,57799.0,5902.0,2756.0,1387.0,1631.0,615.0,619.0,687.0,702.0,1121.0,1244.0,786.0,6304.0,759.0,2498.0,639.0,2115.0,1692.0,31457.0,3593.0,5007.0,3065.0,1395.0,1445.0,3432.0,1945.0,1447.0,3459.0,516.0,1544.0,2502.0,873.0,2101.0,725.0,2639.0,4932.0,40620.0,300.0,5000.0,100.0,1200.0,32400.0,1000.0,2900.0,300.0,300.0,1700.0,600.0,45700.0,600.0,1200.0,1100.0,500.0,900.0,400.0,900.0,12300.0,500.0,18400.0,900.0,2400.0,100.0,100.0,300.0,700.0,4700.0,700.0,500.0,1100.0,200.0,200.0,700.0,3400.0,200.0,,16100.0,6800.0,3100.0,8100.0,6700.0,3800.0,800.0,45600.0,3400.0,13300.0,3300.0,1000.0,1600.0,100.0,22700.0,2800.0,200.0,800.0,200.0,4200.0,400.0,100.0,2200.0,300.0,300.0,23100.0,600.0,27100.0,100.0,1600.0,1000.0,2700.0,1300.0,175800.0,829.0,820.0,265.0,58.0,95.0,2067.0,13209.0,12835.0,5304.0,3468.0,34816.0,9248.0,1819.0,1428.0,1377.0,13872.0,2108.0,969.0,255.0,289.0,3621.0,1088.0,17.0,85.0,1241.0,102.0,187.0,12546.0,2839.0,1768.0,1768.0,18921.0,13974.0,527.0,476.0,1071.0,16048.0,3587.0,510.0,323.0,425.0,4845.0,867.0,357.0,170.0,1598.0,13481.0,816.0,204.0,680.0,15181.0,289.0,221.0,765.0,136.0,1411.0,32198.0,2431.0,1955.0,2516.0,39100.0,578.0,187.0,221.0,102.0,1088.0,289.0,204.0,34.0,204.0,731.0,969.0,153.0,34.0,340.0,1496.0,391.0,102.0,680.0,68.0,136.0,51.0,34.0,289.0,204.0,221.0,85.0,170.0,680.0,2499.0,1003.0,493.0,969.0,4964.0,34697.0,3434.0,2448.0,3485.0,44064.0,8075.0,7208.0,731.0,1003.0,17017.0,1955.0,425.0,153.0,255.0,2788.0,136.0,255.0,425.0,10166.0,7888.0,884.0,1292.0,20230.0,5338.0,765.0,136.0,255.0,6494.0,1496.0,867.0,2550.0,1649.0,289.0,34.0,2125.0,1326.0,408.0,102.0,204.0,2040.0,119.0,170.0,527.0,238.0,1054.0,9928.0,2499.0,867.0,969.0,14263.0,20094.0,10387.0,1751.0,2261.0,34493.0,391.0,221.0,34.0,85.0,731.0,2363.0,1615.0,391.0,986.0,5355.0,2091.0,1190.0,357.0,3655.0,7293.0,4845.0,3026.0,782.0,4726.0,13379.0,85391.0,32521.0,12053.0,15708.0,145673.0,10695.0,6428.0,11654.0,1288.0,10413.0,504.0,4176.0,1255.0,356.0,7787.0,8406.0,2652.0
1996-02-29,,,57392.0,14097.0,21708.0,33045.0,30276.0,181835.0,41272.0,22888.0,24482.0,24312.0,148242.0,169921.0,7318.0,9963.0,7358.0,977.0,37326.0,75341.0,23321.0,22598.0,18389.0,24647.0,24043.0,6514.0,14876.0,3922.0,6698.0,33252.0,6741.0,37971.0,12469.0,26801.0,17757.0,392666.0,13842.0,67728.0,14365.0,15481.0,11570.0,18826.0,19335.0,3954.0,10904.0,1492.0,2034.0,17258.0,3900.0,16512.0,8697.0,14466.0,7575.0,247939.0,11232.0,1496.0,3585.0,2010.0,2159.0,1248.0,983.0,515.0,1273.0,894.0,1513.0,4757.0,1414.0,16292.0,1819.0,6437.0,3932.0,61559.0,9114.0,2250.0,1594.0,1649.0,757.0,871.0,968.0,756.0,997.0,922.0,1124.0,7934.0,867.0,2995.0,1026.0,3747.0,2387.0,39958.0,3138.0,3867.0,3777.0,3458.0,3903.0,3702.0,2757.0,1289.0,1702.0,614.0,2027.0,3303.0,560.0,2172.0,927.0,2151.0,3863.0,43210.0,0.0,3600.0,200.0,500.0,35300.0,1100.0,3200.0,300.0,200.0,1600.0,700.0,46800.0,600.0,1500.0,2100.0,500.0,1000.0,200.0,600.0,10700.0,500.0,17700.0,1100.0,1600.0,200.0,0.0,300.0,1200.0,4700.0,400.0,800.0,600.0,200.0,200.0,500.0,2700.0,100.0,,12600.0,5700.0,4300.0,6800.0,5600.0,4900.0,600.0,40500.0,4200.0,11500.0,3300.0,900.0,1900.0,0.0,21800.0,3700.0,400.0,400.0,300.0,5100.0,500.0,300.0,2700.0,200.0,200.0,20400.0,500.0,25000.0,200.0,1400.0,500.0,2200.0,800.0,167200.0,647.0,456.0,190.0,75.0,157.0,1525.0,13024.0,12144.0,7792.0,2896.0,35856.0,14224.0,2112.0,1664.0,1600.0,19600.0,2288.0,672.0,320.0,352.0,3632.0,560.0,112.0,144.0,848.0,224.0,288.0,17296.0,2960.0,2016.0,2096.0,24368.0,15744.0,704.0,464.0,752.0,17664.0,6512.0,976.0,192.0,720.0,8400.0,3136.0,1040.0,304.0,4784.0,7632.0,528.0,176.0,416.0,8752.0,304.0,96.0,208.0,176.0,784.0,33376.0,3360.0,1344.0,2400.0,40480.0,1312.0,336.0,224.0,176.0,2048.0,1200.0,352.0,80.0,320.0,1952.0,1536.0,112.0,32.0,352.0,2032.0,2480.0,176.0,2816.0,48.0,64.0,112.0,64.0,288.0,192.0,192.0,32.0,160.0,576.0,6768.0,1232.0,512.0,1200.0,9712.0,40144.0,4592.0,1856.0,3600.0,50192.0,9792.0,7728.0,1120.0,736.0,19376.0,1696.0,448.0,176.0,112.0,2432.0,192.0,128.0,416.0,11680.0,8304.0,1376.0,864.0,22224.0,6848.0,736.0,256.0,480.0,8320.0,1088.0,640.0,1888.0,1408.0,288.0,16.0,1792.0,1456.0,224.0,272.0,208.0,2160.0,128.0,144.0,112.0,112.0,496.0,10928.0,2032.0,752.0,944.0,14656.0,22608.0,10336.0,2128.0,1808.0,36880.0,272.0,384.0,64.0,32.0,752.0,1744.0,1456.0,480.0,912.0,4592.0,2512.0,1056.0,352.0,4288.0,8208.0,4528.0,2896.0,896.0,5232.0,13552.0,97600.0,32928.0,14688.0,15632.0,160848.0,6947.0,6888.0,7554.0,821.0,5569.0,402.0,1956.0,1623.0,535.0,12795.0,7113.0,2400.0
1996-03-31,,,78414.0,21439.0,36374.0,49211.0,40750.0,192902.0,41145.0,30332.0,31965.0,34381.0,112487.0,196058.0,9137.0,11448.0,8339.0,1163.0,55668.0,78691.0,13025.0,14743.0,9348.0,8912.0,16713.0,7689.0,19923.0,4255.0,7230.0,29677.0,5993.0,37030.0,13279.0,24464.0,18990.0,365630.0,24388.0,70850.0,7024.0,9693.0,5579.0,5472.0,13629.0,4849.0,16351.0,976.0,2130.0,14953.0,2600.0,15062.0,9473.0,12548.0,7555.0,223132.0,17687.0,1297.0,2787.0,2111.0,1262.0,959.0,978.0,639.0,956.0,1156.0,2234.0,4383.0,2310.0,16236.0,1912.0,5908.0,5279.0,68094.0,10248.0,3058.0,1843.0,1826.0,1188.0,1068.0,775.0,916.0,841.0,1558.0,1390.0,8611.0,729.0,4229.0,1130.0,4217.0,3131.0,46758.0,3345.0,3486.0,1371.0,1113.0,1319.0,1413.0,1331.0,1285.0,1775.0,565.0,1476.0,1730.0,354.0,1503.0,764.0,1791.0,3025.0,27646.0,200.0,6200.0,100.0,800.0,38500.0,1700.0,2900.0,400.0,100.0,1600.0,700.0,53200.0,600.0,2500.0,2300.0,900.0,1300.0,200.0,1000.0,23700.0,900.0,33600.0,2800.0,4300.0,400.0,400.0,800.0,2300.0,11200.0,900.0,900.0,1500.0,700.0,200.0,900.0,5000.0,100.0,,23100.0,8500.0,5800.0,10100.0,7100.0,3100.0,500.0,58200.0,5200.0,17600.0,4300.0,1500.0,2800.0,200.0,31600.0,3200.0,300.0,600.0,500.0,5300.0,300.0,200.0,2200.0,500.0,100.0,28800.0,500.0,32500.0,600.0,2200.0,700.0,3400.0,1900.0,235900.0,397.0,520.0,172.0,71.0,174.0,1334.0,14528.0,14128.0,7584.0,3280.0,39520.0,10192.0,1792.0,1696.0,1248.0,14928.0,1856.0,784.0,192.0,416.0,3248.0,336.0,64.0,64.0,512.0,64.0,128.0,12448.0,2672.0,1968.0,1728.0,18816.0,14432.0,592.0,576.0,672.0,16272.0,5344.0,672.0,64.0,576.0,6656.0,1584.0,464.0,208.0,2496.0,11168.0,512.0,288.0,576.0,12544.0,128.0,272.0,336.0,96.0,832.0,32672.0,2512.0,1472.0,2160.0,38816.0,832.0,112.0,400.0,240.0,1584.0,656.0,224.0,224.0,288.0,1392.0,1552.0,176.0,80.0,336.0,2144.0,288.0,160.0,704.0,128.0,48.0,32.0,80.0,288.0,288.0,240.0,144.0,224.0,896.0,3744.0,960.0,976.0,1328.0,7008.0,36416.0,3472.0,2448.0,3488.0,45824.0,6464.0,5216.0,1072.0,720.0,13472.0,1056.0,224.0,208.0,160.0,1648.0,160.0,112.0,304.0,7680.0,5552.0,1312.0,880.0,15424.0,4368.0,448.0,208.0,160.0,5184.0,656.0,272.0,1104.0,928.0,160.0,192.0,1328.0,784.0,336.0,240.0,144.0,1504.0,160.0,32.0,240.0,160.0,592.0,6896.0,1248.0,992.0,576.0,9712.0,14576.0,6800.0,2304.0,1456.0,25136.0,384.0,432.0,240.0,64.0,1120.0,1264.0,1760.0,336.0,1088.0,4448.0,1856.0,1424.0,384.0,2896.0,6560.0,3504.0,3616.0,960.0,4048.0,12128.0,81472.0,30688.0,15264.0,14000.0,141424.0,27034.0,14995.0,49397.0,7414.0,21782.0,1887.0,9772.0,4896.0,503.0,10953.0,12273.0,2884.0
1996-04-30,,,72222.0,16345.0,29188.0,43454.0,33344.0,183298.0,34347.0,40496.0,30965.0,40979.0,135087.0,190506.0,8462.0,11134.0,8058.0,1257.0,58244.0,63374.0,12166.0,16375.0,11563.0,9070.0,14527.0,16106.0,14535.0,4173.0,8585.0,26035.0,4814.0,28694.0,9375.0,18776.0,16803.0,333215.0,25815.0,55416.0,6684.0,11920.0,7220.0,4809.0,11617.0,12594.0,10769.0,1039.0,3224.0,10817.0,1786.0,10737.0,6757.0,9214.0,6288.0,196706.0,17174.0,1117.0,2929.0,1675.0,2480.0,1073.0,629.0,892.0,822.0,717.0,2555.0,5848.0,1560.0,14304.0,1494.0,4240.0,4434.0,63943.0,10729.0,3160.0,1269.0,1827.0,1020.0,1223.0,909.0,984.0,1211.0,1939.0,1353.0,7939.0,1194.0,2283.0,825.0,3948.0,3203.0,45016.0,4526.0,3681.0,1284.0,953.0,843.0,1965.0,1372.0,1636.0,1733.0,478.0,1453.0,1431.0,274.0,1370.0,299.0,1374.0,2878.0,27550.0,300.0,5400.0,500.0,800.0,35700.0,2000.0,2900.0,500.0,400.0,1300.0,1000.0,50800.0,500.0,2200.0,2800.0,1100.0,1300.0,500.0,1000.0,22500.0,500.0,32300.0,2800.0,4800.0,200.0,400.0,600.0,2400.0,11500.0,400.0,600.0,1000.0,1400.0,100.0,1700.0,5200.0,100.0,,18700.0,6700.0,4100.0,7500.0,6600.0,2200.0,400.0,46300.0,4500.0,12200.0,3500.0,1300.0,2400.0,100.0,24100.0,2100.0,200.0,700.0,500.0,4000.0,200.0,200.0,2200.0,400.0,200.0,24500.0,800.0,28500.0,300.0,1900.0,900.0,3100.0,1500.0,207400.0,400.0,468.0,182.0,70.0,185.0,1305.0,13395.0,13260.0,7185.0,3495.0,37335.0,6660.0,1800.0,1410.0,1245.0,11115.0,825.0,480.0,195.0,495.0,1995.0,465.0,75.0,150.0,735.0,135.0,195.0,8085.0,2370.0,1665.0,1920.0,14040.0,10605.0,405.0,480.0,690.0,12180.0,4620.0,390.0,90.0,420.0,5520.0,1695.0,585.0,165.0,2730.0,6795.0,435.0,120.0,510.0,7860.0,315.0,135.0,405.0,165.0,1020.0,24030.0,1950.0,1260.0,2100.0,29340.0,1020.0,180.0,225.0,120.0,1545.0,885.0,270.0,60.0,165.0,1380.0,5115.0,210.0,90.0,600.0,6015.0,270.0,120.0,525.0,195.0,45.0,75.0,75.0,390.0,375.0,225.0,30.0,210.0,840.0,7860.0,1050.0,525.0,1260.0,10695.0,31890.0,3000.0,1785.0,3360.0,40035.0,4440.0,3435.0,645.0,750.0,9270.0,705.0,60.0,195.0,180.0,1140.0,165.0,60.0,255.0,5310.0,3555.0,840.0,960.0,10665.0,2775.0,180.0,180.0,180.0,3315.0,225.0,150.0,480.0,450.0,135.0,60.0,735.0,585.0,195.0,195.0,210.0,1185.0,150.0,105.0,90.0,195.0,540.0,4185.0,765.0,600.0,705.0,6255.0,9495.0,4320.0,1440.0,1665.0,16920.0,495.0,300.0,60.0,75.0,930.0,1335.0,1575.0,315.0,855.0,4080.0,1605.0,1125.0,360.0,2790.0,5880.0,3435.0,3000.0,735.0,3720.0,10890.0,66300.0,25950.0,12810.0,14160.0,119220.0,49336.0,51919.0,90092.0,8297.0,34638.0,6401.0,38096.0,24183.0,10915.0,6289.0,30054.0,9389.0
1996-05-31,,,66030.0,15189.0,28504.0,33429.0,25806.0,174065.0,30470.0,41056.0,33081.0,32583.0,143476.0,211923.0,7938.0,10289.0,7305.0,1122.0,44997.0,52896.0,8677.0,18761.0,12987.0,7372.0,10620.0,7502.0,14118.0,4424.0,7706.0,18457.0,3006.0,18025.0,6121.0,12440.0,13416.0,261525.0,17268.0,48254.0,4875.0,13901.0,9843.0,4325.0,8279.0,5113.0,10848.0,1053.0,3452.0,7008.0,1184.0,7072.0,4478.0,5586.0,5070.0,157609.0,14612.0,596.0,1861.0,2136.0,1768.0,1068.0,509.0,487.0,724.0,796.0,2097.0,3237.0,860.0,7434.0,672.0,2479.0,3224.0,44560.0,10365.0,1984.0,1465.0,1740.0,895.0,910.0,843.0,881.0,1068.0,2122.0,991.0,6531.0,738.0,2549.0,621.0,3227.0,2920.0,39850.0,2752.0,2062.0,476.0,984.0,481.0,1069.0,989.0,1021.0,1478.0,453.0,1166.0,1681.0,224.0,970.0,350.0,1148.0,2202.0,19506.0,100.0,4700.0,300.0,800.0,25400.0,1500.0,3400.0,400.0,200.0,1600.0,700.0,39100.0,700.0,2700.0,3600.0,1500.0,1600.0,700.0,800.0,34800.0,2000.0,48300.0,4900.0,6900.0,800.0,800.0,1300.0,4500.0,20400.0,600.0,700.0,2200.0,1800.0,400.0,1200.0,6800.0,100.0,,15600.0,5100.0,4300.0,6100.0,5600.0,1900.0,400.0,39200.0,4300.0,9800.0,3200.0,1100.0,1600.0,100.0,20100.0,1400.0,100.0,500.0,300.0,2400.0,100.0,200.0,4700.0,500.0,100.0,28300.0,500.0,34400.0,300.0,1600.0,1000.0,2800.0,2300.0,215900.0,234.0,486.0,117.0,44.0,165.0,1046.0,5152.0,8862.0,8358.0,3444.0,25816.0,3864.0,1134.0,1330.0,952.0,7280.0,420.0,420.0,126.0,350.0,1316.0,378.0,28.0,84.0,532.0,112.0,168.0,4774.0,1624.0,1498.0,1400.0,9296.0,8932.0,210.0,504.0,714.0,10360.0,2030.0,294.0,84.0,238.0,2646.0,728.0,280.0,196.0,1288.0,6664.0,364.0,322.0,588.0,7938.0,336.0,112.0,434.0,168.0,1050.0,18704.0,1288.0,1540.0,1792.0,23324.0,1134.0,154.0,280.0,224.0,1792.0,714.0,294.0,98.0,140.0,1246.0,2030.0,168.0,168.0,308.0,2674.0,224.0,98.0,392.0,434.0,84.0,56.0,98.0,672.0,280.0,98.0,98.0,168.0,644.0,4816.0,896.0,742.0,966.0,7420.0,23520.0,2184.0,2282.0,2758.0,30744.0,2786.0,2212.0,756.0,532.0,6286.0,392.0,112.0,84.0,266.0,854.0,126.0,56.0,224.0,3304.0,2380.0,868.0,812.0,7364.0,1554.0,140.0,182.0,196.0,2072.0,182.0,70.0,322.0,336.0,28.0,56.0,504.0,420.0,84.0,238.0,336.0,1078.0,0.0,42.0,448.0,196.0,686.0,2492.0,364.0,994.0,812.0,4662.0,5796.0,2744.0,1862.0,1624.0,12026.0,182.0,238.0,98.0,84.0,602.0,1106.0,1554.0,294.0,784.0,3738.0,1050.0,868.0,504.0,1946.0,4368.0,2338.0,2660.0,896.0,2814.0,8708.0,41580.0,18074.0,14896.0,12040.0,86590.0,227457.0,63046.0,265448.0,4316.0,36729.0,19079.0,61351.0,58520.0,6249.0,4298.0,20622.0,4706.0
1996-06-30,,,65179.0,12956.0,32001.0,31543.0,19341.0,219293.0,32021.0,27480.0,43068.0,22629.0,137464.0,199535.0,8100.0,11026.0,7819.0,1127.0,63494.0,58055.0,11111.0,24428.0,10203.0,17259.0,9449.0,4258.0,13274.0,4190.0,6213.0,26513.0,3091.0,17913.0,6339.0,15885.0,15271.0,306946.0,30896.0,51282.0,6493.0,19441.0,7136.0,11963.0,6980.0,2225.0,9798.0,884.0,1881.0,10161.0,1087.0,6487.0,3894.0,6569.0,5541.0,182718.0,18275.0,706.0,2784.0,1890.0,1502.0,1648.0,803.0,699.0,1046.0,871.0,1905.0,5769.0,1079.0,7934.0,1130.0,4175.0,4296.0,56512.0,10391.0,3314.0,1273.0,2190.0,1012.0,1444.0,777.0,762.0,1053.0,2036.0,1230.0,6216.0,543.0,2189.0,933.0,3609.0,2459.0,41431.0,3932.0,2753.0,561.0,907.0,553.0,2204.0,889.0,572.0,1377.0,399.0,1197.0,4367.0,382.0,1303.0,382.0,1532.0,2975.0,26285.0,200.0,6500.0,400.0,1000.0,30200.0,2200.0,3100.0,400.0,200.0,1900.0,700.0,46800.0,1000.0,3200.0,4300.0,2300.0,1900.0,900.0,1300.0,35800.0,2000.0,52700.0,4700.0,6900.0,1500.0,1000.0,1300.0,6700.0,24200.0,500.0,1000.0,2000.0,1900.0,400.0,700.0,6400.0,0.0,,25200.0,9100.0,4800.0,8800.0,8200.0,2500.0,500.0,59200.0,3500.0,13600.0,4000.0,1200.0,2800.0,0.0,25100.0,1600.0,100.0,1100.0,200.0,3000.0,200.0,100.0,6500.0,400.0,100.0,31600.0,500.0,39400.0,500.0,1600.0,1300.0,3500.0,1500.0,261800.0,166.0,411.0,110.0,40.0,181.0,908.0,8944.0,11232.0,7475.0,3549.0,31200.0,4927.0,1651.0,1365.0,1391.0,9334.0,364.0,338.0,117.0,325.0,1144.0,286.0,39.0,78.0,442.0,52.0,156.0,5629.0,2054.0,1534.0,1859.0,11076.0,7046.0,195.0,468.0,520.0,8229.0,1014.0,637.0,65.0,260.0,1976.0,1105.0,572.0,156.0,2041.0,6383.0,520.0,221.0,351.0,7475.0,221.0,143.0,364.0,78.0,806.0,15795.0,2080.0,1274.0,1417.0,20566.0,1261.0,182.0,208.0,143.0,1794.0,533.0,234.0,91.0,91.0,949.0,728.0,182.0,78.0,195.0,1183.0,1027.0,78.0,1300.0,169.0,65.0,52.0,52.0,338.0,130.0,182.0,26.0,78.0,416.0,3848.0,923.0,468.0,741.0,5980.0,19643.0,3003.0,1742.0,2158.0,26546.0,2535.0,1859.0,637.0,481.0,5512.0,403.0,117.0,91.0,104.0,715.0,104.0,26.0,208.0,3042.0,2002.0,754.0,637.0,6435.0,715.0,208.0,117.0,117.0,1157.0,156.0,104.0,390.0,130.0,52.0,39.0,273.0,273.0,169.0,156.0,286.0,884.0,78.0,130.0,156.0,104.0,468.0,1352.0,663.0,585.0,572.0,3172.0,4394.0,2665.0,1339.0,1209.0,9607.0,377.0,208.0,13.0,52.0,650.0,910.0,1430.0,260.0,1040.0,3640.0,1144.0,1131.0,234.0,2587.0,5096.0,2431.0,2769.0,507.0,3679.0,9386.0,41041.0,21723.0,12597.0,12454.0,87815.0,253033.0,46242.0,251870.0,7765.0,48760.0,29775.0,51270.0,79854.0,21220.0,5252.0,24391.0,6155.0
1996-07-31,,,69204.0,16947.0,31287.0,34359.0,20101.0,243813.0,41921.0,32801.0,31761.0,26806.0,190925.0,196400.0,7794.0,10955.0,7840.0,1165.0,68875.0,74244.0,15758.0,11720.0,8077.0,15702.0,13886.0,6220.0,20658.0,4468.0,6431.0,29087.0,4991.0,20752.0,9468.0,27092.0,20865.0,358294.0,34425.0,64863.0,7739.0,5293.0,3807.0,9142.0,9284.0,3062.0,14515.0,1050.0,1602.0,11226.0,1900.0,9201.0,6166.0,15886.0,8732.0,207893.0,17222.0,953.0,3515.0,1500.0,1335.0,1196.0,1016.0,698.0,1736.0,805.0,1666.0,6010.0,1783.0,7646.0,1663.0,6129.0,4371.0,59244.0,12468.0,2988.0,1553.0,1843.0,755.0,884.0,638.0,703.0,1480.0,1938.0,1471.0,6639.0,826.0,2240.0,903.0,2579.0,2798.0,42706.0,4760.0,5440.0,2951.0,3084.0,2180.0,4480.0,2948.0,1757.0,2927.0,675.0,1692.0,5212.0,482.0,1665.0,736.0,2498.0,4964.0,48451.0,700.0,6500.0,400.0,1400.0,26800.0,1300.0,3800.0,300.0,100.0,1400.0,800.0,43500.0,700.0,2300.0,2900.0,3200.0,1900.0,600.0,700.0,32700.0,1800.0,46800.0,5700.0,7200.0,1200.0,1100.0,800.0,4800.0,22700.0,500.0,600.0,2500.0,1700.0,200.0,1000.0,6400.0,100.0,,23900.0,8800.0,2600.0,9500.0,6700.0,3400.0,400.0,55300.0,3000.0,11500.0,3400.0,1200.0,2300.0,200.0,21600.0,1700.0,300.0,700.0,700.0,3400.0,200.0,200.0,4300.0,200.0,200.0,25000.0,300.0,30400.0,700.0,2500.0,1100.0,4300.0,2500.0,236800.0,334.0,735.0,205.0,27.0,153.0,1454.0,10496.0,8880.0,7776.0,3616.0,30768.0,6016.0,1664.0,1248.0,1920.0,10848.0,560.0,464.0,160.0,384.0,1568.0,336.0,96.0,208.0,688.0,80.0,144.0,6992.0,2288.0,1456.0,2512.0,13248.0,12928.0,336.0,720.0,880.0,14864.0,2480.0,928.0,32.0,768.0,4208.0,1856.0,688.0,224.0,3136.0,8336.0,848.0,192.0,848.0,10224.0,224.0,176.0,416.0,80.0,896.0,25840.0,2976.0,1584.0,2944.0,33344.0,560.0,176.0,240.0,112.0,1088.0,448.0,112.0,48.0,224.0,832.0,1184.0,112.0,80.0,256.0,1632.0,432.0,192.0,832.0,96.0,96.0,16.0,80.0,288.0,144.0,208.0,48.0,112.0,512.0,2864.0,896.0,448.0,976.0,5184.0,28704.0,3872.0,2032.0,3920.0,38528.0,2848.0,2128.0,576.0,592.0,6144.0,688.0,144.0,96.0,96.0,1024.0,128.0,80.0,256.0,3664.0,2352.0,720.0,688.0,7424.0,784.0,192.0,160.0,208.0,1344.0,320.0,208.0,592.0,224.0,128.0,48.0,448.0,944.0,240.0,176.0,272.0,1632.0,64.0,64.0,32.0,96.0,256.0,2336.0,832.0,448.0,656.0,4272.0,6000.0,3184.0,1168.0,1344.0,11696.0,640.0,224.0,96.0,80.0,1040.0,1760.0,1344.0,368.0,912.0,4384.0,1456.0,1136.0,432.0,3024.0,6048.0,3856.0,2704.0,896.0,4016.0,11472.0,56048.0,20928.0,13328.0,15408.0,105712.0,308499.0,85312.0,335033.0,15148.0,75597.0,33620.0,85919.0,82024.0,19288.0,5709.0,24600.0,8508.0
1996-08-31,,,59921.0,13236.0,23858.0,31761.0,20225.0,242725.0,50656.0,43934.0,37293.0,20836.0,229809.0,238966.0,7792.0,11278.0,8334.0,1240.0,64577.0,80728.0,11612.0,13372.0,10590.0,9487.0,11834.0,5831.0,18892.0,4003.0,5894.0,22207.0,3239.0,20115.0,7139.0,22611.0,17094.0,329225.0,30968.0,74454.0,7556.0,9237.0,7852.0,5230.0,8852.0,3524.0,15266.0,695.0,1759.0,9518.0,1171.0,7772.0,5051.0,12903.0,7047.0,208855.0,18092.0,1308.0,2102.0,1427.0,1317.0,1312.0,694.0,489.0,1056.0,904.0,1680.0,4486.0,1027.0,7760.0,983.0,4044.0,4131.0,52812.0,12119.0,2024.0,1244.0,2122.0,827.0,1029.0,774.0,840.0,1162.0,1700.0,1391.0,6736.0,735.0,3106.0,645.0,2315.0,2776.0,41545.0,3398.0,2942.0,710.0,586.0,594.0,1916.0,1514.0,978.0,1408.0,704.0,1064.0,1467.0,306.0,1477.0,460.0,3349.0,3140.0,26013.0,500.0,6800.0,700.0,700.0,29800.0,1800.0,2700.0,400.0,300.0,1500.0,600.0,45800.0,900.0,1800.0,2500.0,2600.0,1700.0,400.0,700.0,24800.0,900.0,36400.0,3700.0,6100.0,600.0,300.0,800.0,3400.0,15500.0,400.0,500.0,2100.0,1600.0,100.0,800.0,5600.0,100.0,,25100.0,7400.0,3700.0,7400.0,5100.0,2400.0,200.0,51400.0,4300.0,11900.0,3300.0,1500.0,2200.0,100.0,23300.0,1700.0,500.0,400.0,400.0,3300.0,400.0,400.0,5900.0,100.0,100.0,26800.0,300.0,34100.0,600.0,2100.0,1900.0,4600.0,2300.0,222400.0,422.0,362.0,68.0,60.0,222.0,1134.0,11616.0,8800.0,8336.0,3248.0,32000.0,4096.0,1376.0,1248.0,912.0,7632.0,560.0,384.0,96.0,352.0,1392.0,208.0,16.0,144.0,416.0,48.0,128.0,4912.0,1792.0,1408.0,1456.0,9568.0,13200.0,416.0,384.0,1104.0,15104.0,2032.0,384.0,128.0,384.0,2928.0,1456.0,832.0,128.0,2688.0,8800.0,688.0,144.0,400.0,10032.0,336.0,176.0,256.0,112.0,880.0,25888.0,2496.0,1056.0,2272.0,31712.0,480.0,112.0,384.0,48.0,1024.0,720.0,144.0,64.0,128.0,1056.0,1504.0,176.0,80.0,208.0,1968.0,288.0,32.0,384.0,128.0,32.0,64.0,32.0,256.0,80.0,192.0,32.0,160.0,464.0,3200.0,688.0,624.0,640.0,5152.0,29088.0,3184.0,1680.0,2912.0,36864.0,2800.0,2144.0,576.0,608.0,6128.0,352.0,32.0,160.0,224.0,768.0,112.0,32.0,240.0,3264.0,2208.0,784.0,880.0,7136.0,816.0,256.0,80.0,144.0,1296.0,176.0,160.0,400.0,240.0,48.0,16.0,368.0,1136.0,240.0,224.0,240.0,1840.0,112.0,64.0,96.0,80.0,352.0,2480.0,768.0,448.0,560.0,4256.0,5744.0,2976.0,1232.0,1440.0,11392.0,288.0,208.0,80.0,48.0,624.0,1488.0,1600.0,304.0,944.0,4336.0,1840.0,1184.0,432.0,2816.0,6272.0,3616.0,2992.0,816.0,3808.0,11232.0,54976.0,19744.0,13472.0,12864.0,101056.0,311965.0,86232.0,343172.0,13830.0,122109.0,31320.0,83945.0,84675.0,22726.0,8650.0,23057.0,4050.0
1996-09-30,,,62987.0,10964.0,29424.0,33715.0,25749.0,252189.0,34530.0,32536.0,30488.0,16564.0,193709.0,175198.0,8531.0,10948.0,8006.0,1425.0,71668.0,64375.0,8278.0,12316.0,7906.0,8387.0,9403.0,6820.0,11533.0,4400.0,6064.0,20118.0,3727.0,23875.0,9638.0,22411.0,18237.0,309156.0,36441.0,58110.0,3746.0,8145.0,4465.0,4246.0,7250.0,3683.0,8018.0,827.0,1593.0,8411.0,1694.0,9021.0,7221.0,11583.0,7943.0,182397.0,19716.0,895.0,2289.0,1713.0,1726.0,997.0,774.0,592.0,980.0,711.0,2014.0,3680.0,1015.0,10345.0,1120.0,4657.0,4433.0,57657.0,11201.0,2482.0,1472.0,1813.0,1288.0,1432.0,723.0,1910.0,1204.0,2329.0,1389.0,6819.0,585.0,2995.0,704.0,3368.0,2948.0,44662.0,4310.0,2888.0,771.0,645.0,427.0,1712.0,656.0,635.0,1331.0,533.0,1068.0,1208.0,433.0,1514.0,593.0,2803.0,2913.0,24440.0,500.0,6500.0,700.0,1800.0,39300.0,1600.0,3100.0,900.0,300.0,1700.0,800.0,57000.0,1000.0,3700.0,3800.0,2200.0,2200.0,300.0,1500.0,34300.0,700.0,49600.0,3200.0,8200.0,300.0,200.0,1200.0,2700.0,16100.0,600.0,900.0,1400.0,1600.0,400.0,800.0,5600.0,100.0,,30000.0,10200.0,5000.0,8700.0,6800.0,3500.0,400.0,64700.0,6000.0,15000.0,6200.0,2000.0,2700.0,100.0,32100.0,2300.0,200.0,600.0,500.0,4300.0,600.0,500.0,4600.0,400.0,300.0,37100.0,700.0,44300.0,1000.0,2700.0,1900.0,5500.0,2200.0,281500.0,195.0,480.0,232.0,118.0,163.0,1188.0,16576.0,10816.0,7488.0,5552.0,40432.0,4080.0,944.0,1552.0,976.0,7552.0,672.0,288.0,160.0,240.0,1360.0,288.0,96.0,288.0,704.0,112.0,160.0,5152.0,1344.0,1760.0,1520.0,9776.0,9824.0,368.0,384.0,496.0,11072.0,1568.0,512.0,48.0,352.0,2480.0,960.0,512.0,144.0,1824.0,5440.0,608.0,176.0,512.0,6736.0,160.0,240.0,368.0,176.0,944.0,17952.0,2256.0,1136.0,1744.0,23088.0,848.0,96.0,256.0,32.0,1232.0,656.0,240.0,144.0,272.0,1312.0,2448.0,128.0,80.0,384.0,3040.0,176.0,48.0,464.0,96.0,80.0,96.0,80.0,352.0,80.0,128.0,128.0,192.0,528.0,4304.0,720.0,784.0,1120.0,6928.0,22256.0,2976.0,1920.0,2864.0,30016.0,2784.0,1824.0,656.0,624.0,5888.0,448.0,96.0,128.0,256.0,928.0,80.0,48.0,224.0,3312.0,1968.0,816.0,944.0,7040.0,1632.0,192.0,32.0,224.0,2080.0,352.0,192.0,624.0,416.0,48.0,112.0,688.0,592.0,96.0,288.0,208.0,1184.0,32.0,64.0,16.0,128.0,240.0,3024.0,592.0,448.0,752.0,4816.0,6336.0,2560.0,1264.0,1696.0,11856.0,368.0,288.0,96.0,16.0,768.0,1312.0,1344.0,336.0,928.0,3920.0,944.0,864.0,192.0,2176.0,4176.0,2624.0,2496.0,624.0,3120.0,8864.0,52944.0,20192.0,13056.0,14752.0,100944.0,297295.0,58197.0,320152.0,6972.0,69815.0,26768.0,66132.0,73574.0,23210.0,5538.0,27957.0,6085.0
1996-10-31,,,89547.0,16477.0,30207.0,48628.0,39013.0,232566.0,37671.0,38132.0,27280.0,30409.0,215228.0,203612.0,9204.0,11545.0,8454.0,1558.0,64267.0,54521.0,10006.0,14886.0,9690.0,11401.0,12052.0,10979.0,20900.0,4941.0,7241.0,29521.0,5298.0,31944.0,14033.0,30876.0,17830.0,350386.0,29294.0,48204.0,5071.0,9843.0,6171.0,6267.0,9529.0,8121.0,16035.0,1080.0,2025.0,14080.0,2527.0,12589.0,10561.0,17168.0,7121.0,205686.0,18969.0,823.0,2217.0,1749.0,1456.0,1482.0,623.0,921.0,997.0,939.0,2246.0,4552.0,1832.0,13520.0,1732.0,6485.0,4381.0,64924.0,12325.0,3079.0,1386.0,2152.0,1075.0,1064.0,466.0,846.0,1466.0,2407.0,1409.0,9226.0,712.0,4250.0,1235.0,4486.0,2920.0,50504.0,3679.0,2415.0,1332.0,1142.0,988.0,2588.0,1434.0,1091.0,2402.0,515.0,1561.0,1663.0,227.0,1585.0,505.0,2737.0,3408.0,29272.0,600.0,6700.0,600.0,1300.0,33000.0,1000.0,2800.0,500.0,300.0,1100.0,700.0,48600.0,400.0,2000.0,2000.0,1000.0,900.0,300.0,600.0,17900.0,800.0,25900.0,1100.0,3500.0,300.0,200.0,700.0,1200.0,7400.0,300.0,900.0,500.0,500.0,300.0,700.0,3300.0,100.0,,24700.0,9600.0,4500.0,8800.0,7600.0,2400.0,300.0,58200.0,5500.0,11800.0,4700.0,1400.0,2200.0,200.0,25800.0,3000.0,300.0,700.0,600.0,5500.0,100.0,100.0,2100.0,600.0,500.0,29300.0,900.0,33700.0,500.0,2200.0,1300.0,4000.0,1800.0,214100.0,456.0,751.0,209.0,40.0,227.0,1683.0,11237.0,12138.0,7650.0,3689.0,34714.0,9945.0,1054.0,1870.0,1445.0,14314.0,1292.0,442.0,221.0,289.0,2244.0,578.0,85.0,102.0,799.0,136.0,204.0,11951.0,1632.0,2125.0,1853.0,17561.0,8313.0,323.0,459.0,527.0,9622.0,4131.0,527.0,34.0,340.0,5032.0,1921.0,527.0,119.0,2839.0,8942.0,442.0,136.0,748.0,10268.0,340.0,340.0,493.0,34.0,1207.0,23681.0,2159.0,1241.0,1921.0,29002.0,1088.0,136.0,391.0,153.0,1768.0,748.0,153.0,119.0,51.0,1071.0,4080.0,221.0,102.0,459.0,4862.0,510.0,136.0,731.0,204.0,85.0,34.0,102.0,425.0,170.0,170.0,153.0,102.0,595.0,6800.0,901.0,833.0,918.0,9452.0,30481.0,3060.0,2074.0,2839.0,38454.0,5593.0,2924.0,714.0,901.0,10132.0,1071.0,136.0,204.0,51.0,1462.0,221.0,102.0,442.0,6885.0,3162.0,952.0,1037.0,12036.0,3740.0,187.0,153.0,289.0,4369.0,816.0,323.0,1258.0,765.0,119.0,68.0,986.0,1275.0,255.0,323.0,170.0,2023.0,187.0,17.0,170.0,170.0,544.0,6783.0,901.0,782.0,714.0,9180.0,13668.0,4063.0,1734.0,1751.0,21216.0,476.0,374.0,51.0,0.0,901.0,1139.0,1649.0,391.0,1054.0,4233.0,1462.0,1139.0,289.0,1785.0,4675.0,3077.0,3162.0,731.0,2839.0,9809.0,70414.0,24055.0,14314.0,12971.0,121754.0,163623.0,28425.0,190165.0,9432.0,45890.0,6695.0,38157.0,32706.0,14444.0,5781.0,20696.0,3231.0
1996-11-30,,,75328.0,15731.0,25165.0,44881.0,31482.0,251150.0,36844.0,37604.0,39291.0,21658.0,182127.0,199872.0,8996.0,11372.0,8515.0,1598.0,53913.0,55117.0,10387.0,29303.0,13367.0,9305.0,11900.0,4730.0,24723.0,6443.0,6388.0,30643.0,6291.0,45971.0,12232.0,33942.0,20878.0,375533.0,23969.0,48951.0,5760.0,23565.0,8935.0,5286.0,9432.0,2637.0,20735.0,1129.0,1786.0,16058.0,3041.0,18150.0,8921.0,18401.0,8275.0,225031.0,15371.0,721.0,2269.0,2219.0,2324.0,1253.0,476.0,581.0,1024.0,1096.0,2068.0,5282.0,2054.0,21897.0,1610.0,8077.0,6000.0,74322.0,10953.0,3232.0,1923.0,2356.0,1424.0,1469.0,926.0,905.0,1411.0,3282.0,1494.0,7826.0,910.0,4470.0,1266.0,5495.0,3159.0,52501.0,3620.0,2213.0,435.0,1163.0,684.0,1297.0,1066.0,607.0,1553.0,936.0,1040.0,1477.0,286.0,1454.0,435.0,1969.0,3444.0,23679.0,300.0,5500.0,400.0,2200.0,32500.0,1700.0,3100.0,200.0,500.0,1300.0,1000.0,48700.0,300.0,1800.0,2400.0,700.0,900.0,200.0,700.0,16900.0,700.0,24700.0,1600.0,2100.0,500.0,100.0,900.0,2200.0,7700.0,1100.0,1000.0,1100.0,300.0,200.0,800.0,4400.0,200.0,,22300.0,8000.0,5700.0,8400.0,6900.0,4900.0,800.0,57200.0,4700.0,16900.0,4100.0,1800.0,2600.0,100.0,30200.0,5600.0,600.0,1200.0,900.0,9100.0,500.0,600.0,2400.0,800.0,400.0,24000.0,1200.0,29900.0,900.0,3300.0,1000.0,5200.0,1100.0,218200.0,550.0,642.0,265.0,78.0,262.0,1797.0,10812.0,12223.0,8721.0,3383.0,35139.0,11101.0,1394.0,2091.0,1190.0,15776.0,2176.0,765.0,187.0,527.0,3655.0,561.0,85.0,102.0,799.0,153.0,238.0,13991.0,2295.0,2346.0,1836.0,20468.0,11798.0,459.0,595.0,425.0,13277.0,4063.0,442.0,102.0,374.0,4981.0,2244.0,697.0,187.0,3366.0,12563.0,561.0,238.0,748.0,14110.0,527.0,306.0,408.0,289.0,1530.0,31246.0,2482.0,1530.0,2074.0,37332.0,2652.0,374.0,204.0,340.0,3570.0,1700.0,476.0,85.0,187.0,2448.0,1564.0,119.0,85.0,85.0,1853.0,408.0,102.0,680.0,153.0,85.0,0.0,85.0,323.0,272.0,221.0,119.0,153.0,765.0,6749.0,1377.0,544.0,969.0,9639.0,37995.0,3859.0,2074.0,3043.0,46971.0,8670.0,5899.0,646.0,1003.0,16218.0,2074.0,170.0,204.0,221.0,2669.0,221.0,170.0,476.0,10965.0,6239.0,901.0,1258.0,19363.0,6188.0,340.0,255.0,289.0,7072.0,1547.0,459.0,2278.0,1649.0,272.0,68.0,2057.0,2159.0,357.0,204.0,204.0,2924.0,391.0,85.0,374.0,442.0,1292.0,11934.0,1513.0,1003.0,1173.0,15623.0,22899.0,7752.0,1904.0,2431.0,34986.0,612.0,527.0,136.0,51.0,1326.0,1258.0,2006.0,255.0,1088.0,4607.0,1870.0,986.0,391.0,2482.0,5729.0,3740.0,3519.0,782.0,3621.0,11662.0,89437.0,29648.0,15827.0,14314.0,149226.0,15982.0,8614.0,27594.0,3088.0,11409.0,704.0,6917.0,2801.0,1062.0,6106.0,12174.0,2090.0
1996-12-31,,,64502.0,12904.0,23244.0,28969.0,19736.0,382481.0,36578.0,27558.0,42884.0,37275.0,206772.0,214822.0,8588.0,11675.0,8581.0,1584.0,49389.0,82499.0,18347.0,36038.0,17278.0,23359.0,12402.0,7682.0,27975.0,5143.0,9885.0,29319.0,7475.0,52079.0,14753.0,40459.0,31099.0,465181.0,17946.0,74371.0,12484.0,29913.0,12129.0,18074.0,10390.0,6060.0,23191.0,1469.0,3863.0,13097.0,3014.0,20365.0,10851.0,21311.0,14550.0,293078.0,22626.0,2491.0,4048.0,3767.0,3487.0,2441.0,516.0,801.0,2482.0,1238.0,3418.0,11021.0,3602.0,28685.0,2909.0,15539.0,10836.0,119907.0,6132.0,2968.0,728.0,1758.0,825.0,1056.0,685.0,393.0,599.0,2033.0,1182.0,3646.0,467.0,1621.0,553.0,1729.0,2138.0,28513.0,2685.0,2669.0,1087.0,600.0,837.0,1788.0,811.0,428.0,1703.0,403.0,1422.0,1555.0,392.0,1408.0,440.0,1880.0,3575.0,23683.0,1100.0,8500.0,200.0,1500.0,56000.0,2200.0,3400.0,1200.0,1000.0,1300.0,400.0,76800.0,1100.0,3100.0,3000.0,2100.0,1100.0,600.0,1100.0,22800.0,1200.0,36100.0,1800.0,4300.0,300.0,200.0,600.0,2300.0,10000.0,700.0,1600.0,1200.0,600.0,500.0,800.0,5400.0,300.0,,22500.0,11100.0,8200.0,8900.0,8300.0,8000.0,1000.0,68300.0,6200.0,22800.0,3500.0,1900.0,4400.0,300.0,39200.0,7200.0,500.0,2800.0,600.0,12000.0,1200.0,300.0,4400.0,700.0,300.0,32200.0,1400.0,40400.0,900.0,3500.0,1300.0,5700.0,1100.0,295000.0,742.0,928.0,409.0,192.0,256.0,2527.0,18486.0,30402.0,6138.0,3240.0,58266.0,8784.0,4284.0,1188.0,882.0,15138.0,1602.0,1710.0,126.0,324.0,3762.0,702.0,234.0,252.0,1188.0,180.0,360.0,11268.0,6336.0,1314.0,1530.0,20448.0,17892.0,1242.0,540.0,648.0,20322.0,4392.0,540.0,90.0,396.0,5418.0,3204.0,918.0,216.0,4518.0,14058.0,1242.0,288.0,648.0,16236.0,612.0,324.0,666.0,684.0,2286.0,40194.0,4284.0,1800.0,2556.0,48834.0,4482.0,792.0,162.0,216.0,5652.0,2376.0,666.0,54.0,108.0,3204.0,1854.0,252.0,54.0,108.0,2268.0,2916.0,180.0,3312.0,198.0,72.0,36.0,54.0,360.0,540.0,414.0,36.0,342.0,1332.0,12366.0,2376.0,396.0,990.0,16128.0,52560.0,6660.0,2196.0,3546.0,64962.0,8154.0,11448.0,576.0,864.0,21042.0,1980.0,810.0,90.0,90.0,2970.0,198.0,198.0,486.0,10332.0,12456.0,720.0,990.0,24498.0,5940.0,918.0,90.0,270.0,7218.0,1836.0,1170.0,3060.0,1512.0,612.0,0.0,2178.0,1710.0,720.0,162.0,162.0,2754.0,252.0,342.0,90.0,54.0,738.0,11250.0,3762.0,342.0,594.0,15948.0,21582.0,16218.0,1062.0,1584.0,40446.0,774.0,1080.0,72.0,72.0,1998.0,3942.0,6678.0,180.0,1224.0,12024.0,2736.0,2898.0,486.0,4194.0,10314.0,7452.0,10656.0,738.0,5490.0,24336.0,111348.0,70272.0,11448.0,15390.0,208458.0,16133.0,6434.0,15732.0,1346.0,8370.0,567.0,4488.0,2146.0,329.0,7977.0,10787.0,2161.0
1997-01-31,,,82246.0,14661.0,37148.0,31039.0,22335.0,239254.0,58807.0,19699.0,22431.0,23290.0,179952.0,228819.0,8343.0,11014.0,8014.0,1274.0,46228.0,67626.0,10681.0,8635.0,5056.0,10206.0,11881.0,4672.0,30758.0,4855.0,6702.0,25602.0,6391.0,38113.0,12591.0,30570.0,22315.0,342882.0,20579.0,59497.0,4343.0,4179.0,2040.0,3968.0,8049.0,2154.0,22951.0,1330.0,1993.0,12015.0,3230.0,16867.0,8635.0,16866.0,10532.0,199228.0,15139.0,1060.0,1987.0,1001.0,865.0,1104.0,528.0,309.0,1901.0,829.0,1610.0,4335.0,1696.0,15780.0,2492.0,7164.0,4900.0,62700.0,6308.0,2848.0,1449.0,1671.0,425.0,677.0,664.0,676.0,1243.0,1968.0,944.0,6544.0,737.0,2646.0,727.0,2703.0,1887.0,34117.0,4202.0,4221.0,2902.0,1784.0,1726.0,4457.0,2640.0,1533.0,4663.0,728.0,2155.0,2708.0,728.0,2820.0,737.0,3837.0,4996.0,46837.0,300.0,5800.0,200.0,600.0,33900.0,1400.0,3400.0,200.0,100.0,1700.0,600.0,48300.0,400.0,1700.0,1700.0,700.0,700.0,200.0,800.0,12400.0,700.0,19300.0,500.0,2200.0,100.0,100.0,400.0,800.0,4100.0,800.0,400.0,700.0,200.0,200.0,700.0,3100.0,100.0,,20600.0,7800.0,4400.0,8100.0,6500.0,6100.0,900.0,54500.0,4100.0,12900.0,4400.0,1000.0,2500.0,0.0,25000.0,2600.0,200.0,500.0,300.0,3700.0,400.0,500.0,3200.0,400.0,200.0,25800.0,700.0,31200.0,400.0,2400.0,1000.0,3800.0,1300.0,194400.0,975.0,1239.0,352.0,65.0,126.0,2757.0,14516.0,13604.0,5453.0,3439.0,37012.0,9253.0,2166.0,1596.0,1311.0,14326.0,2356.0,950.0,57.0,608.0,3971.0,1197.0,133.0,171.0,1520.0,133.0,152.0,12939.0,3249.0,1672.0,2109.0,19969.0,12996.0,532.0,475.0,893.0,14896.0,3268.0,722.0,228.0,399.0,4617.0,1406.0,456.0,57.0,2109.0,13927.0,1292.0,228.0,836.0,16283.0,513.0,247.0,1216.0,475.0,2451.0,32129.0,3249.0,2204.0,2793.0,40375.0,684.0,133.0,285.0,190.0,1292.0,456.0,190.0,57.0,171.0,874.0,627.0,133.0,19.0,323.0,1102.0,304.0,171.0,684.0,152.0,95.0,19.0,76.0,342.0,228.0,38.0,133.0,361.0,760.0,2451.0,760.0,532.0,1311.0,5054.0,34580.0,4009.0,2736.0,4104.0,45429.0,11324.0,7771.0,703.0,836.0,20634.0,2318.0,456.0,76.0,76.0,2926.0,228.0,209.0,456.0,13870.0,8436.0,779.0,931.0,24016.0,5187.0,684.0,133.0,304.0,6308.0,1729.0,988.0,2964.0,1615.0,342.0,38.0,2185.0,1330.0,399.0,114.0,209.0,2052.0,399.0,57.0,323.0,190.0,969.0,10260.0,2470.0,741.0,1007.0,14478.0,24130.0,10906.0,1520.0,1938.0,38494.0,551.0,437.0,19.0,57.0,1064.0,2109.0,2128.0,285.0,1064.0,5586.0,2318.0,1273.0,266.0,3686.0,7543.0,4978.0,3838.0,570.0,4807.0,14193.0,91143.0,35606.0,11951.0,16397.0,155097.0,9256.0,5063.0,9944.0,1207.0,7210.0,471.0,3828.0,1299.0,374.0,7573.0,7843.0,2483.0
1997-02-28,,,62445.0,13794.0,23512.0,38115.0,31490.0,169144.0,40158.0,24731.0,25901.0,21705.0,160041.0,203646.0,7464.0,10415.0,7293.0,1337.0,42117.0,74066.0,24783.0,19980.0,20319.0,27882.0,18188.0,5923.0,18221.0,4920.0,7270.0,32209.0,6810.0,43399.0,13019.0,29478.0,19380.0,407964.0,17721.0,65506.0,15888.0,13035.0,12322.0,20551.0,13875.0,3334.0,13970.0,1550.0,1648.0,17143.0,3394.0,20335.0,9345.0,15836.0,8109.0,253562.0,10962.0,875.0,2883.0,1427.0,2285.0,1940.0,1207.0,454.0,1112.0,908.0,2021.0,4163.0,1844.0,16852.0,1721.0,6923.0,4313.0,61890.0,10025.0,3373.0,1780.0,1997.0,873.0,719.0,896.0,617.0,1104.0,1703.0,1254.0,7918.0,844.0,3811.0,1034.0,3899.0,2879.0,44726.0,3409.0,4312.0,4232.0,3521.0,4839.0,4672.0,2210.0,1518.0,2035.0,759.0,2347.0,2985.0,728.0,2401.0,919.0,2820.0,4079.0,47786.0,100.0,3800.0,300.0,300.0,33700.0,1500.0,3500.0,300.0,100.0,600.0,400.0,44800.0,300.0,1300.0,1900.0,500.0,500.0,200.0,600.0,13100.0,500.0,18700.0,1400.0,2400.0,100.0,0.0,400.0,900.0,5300.0,500.0,600.0,1000.0,500.0,400.0,700.0,3700.0,100.0,,16500.0,7200.0,3900.0,6500.0,8200.0,3900.0,400.0,46600.0,3600.0,16100.0,3100.0,1300.0,2600.0,0.0,26800.0,3700.0,300.0,900.0,600.0,5800.0,300.0,200.0,2400.0,400.0,300.0,20000.0,800.0,24400.0,500.0,1700.0,700.0,3000.0,1300.0,180200.0,667.0,576.0,179.0,53.0,197.0,1672.0,11883.0,12410.0,8330.0,3638.0,36261.0,12597.0,1819.0,1870.0,1462.0,17748.0,2414.0,850.0,85.0,561.0,3910.0,833.0,85.0,255.0,1190.0,119.0,255.0,15963.0,2805.0,1989.0,2346.0,23103.0,14756.0,612.0,782.0,1394.0,17544.0,5474.0,748.0,102.0,612.0,6936.0,3468.0,884.0,255.0,4896.0,8449.0,748.0,187.0,476.0,9860.0,340.0,272.0,221.0,187.0,1020.0,32521.0,3281.0,1547.0,2958.0,40307.0,1479.0,255.0,238.0,272.0,2244.0,1972.0,374.0,51.0,680.0,3077.0,1326.0,153.0,119.0,102.0,1700.0,2890.0,102.0,3298.0,187.0,34.0,119.0,85.0,425.0,272.0,221.0,102.0,255.0,850.0,8126.0,1139.0,697.0,1632.0,11594.0,40647.0,4420.0,2244.0,4590.0,51901.0,13430.0,8721.0,935.0,986.0,24072.0,1989.0,374.0,170.0,170.0,2703.0,255.0,170.0,510.0,15674.0,9265.0,1173.0,1173.0,27285.0,5916.0,629.0,153.0,306.0,7004.0,1547.0,663.0,2346.0,1343.0,221.0,51.0,1683.0,1870.0,204.0,306.0,272.0,2652.0,221.0,119.0,102.0,119.0,561.0,10897.0,1836.0,663.0,850.0,14246.0,26571.0,11101.0,1836.0,2023.0,41531.0,340.0,561.0,85.0,153.0,1139.0,1513.0,1530.0,442.0,1309.0,4794.0,1972.0,1207.0,357.0,3910.0,7446.0,3825.0,3298.0,884.0,5372.0,13379.0,98889.0,34034.0,15283.0,17969.0,166175.0,5872.0,2648.0,8758.0,637.0,6598.0,153.0,1230.0,219.0,303.0,13406.0,6289.0,1217.0
1997-03-31,,,89234.0,20844.0,33800.0,56719.0,42149.0,211165.0,40704.0,37658.0,37039.0,26227.0,139436.0,215657.0,8628.0,11288.0,8146.0,1524.0,54157.0,81948.0,17283.0,17606.0,9026.0,10517.0,14855.0,7780.0,22952.0,5378.0,9396.0,29594.0,6231.0,44749.0,12652.0,26923.0,19815.0,390862.0,23507.0,74292.0,10458.0,11897.0,4384.0,5910.0,12046.0,4580.0,18480.0,1148.0,3313.0,13858.0,2965.0,18236.0,8875.0,13617.0,8933.0,236499.0,16745.0,1323.0,3113.0,2549.0,1898.0,1352.0,770.0,771.0,858.0,925.0,2571.0,5569.0,2299.0,19736.0,2146.0,6516.0,5320.0,74461.0,9708.0,3194.0,1897.0,2129.0,1396.0,1226.0,680.0,778.0,1301.0,2675.0,1533.0,8652.0,615.0,4635.0,898.0,4574.0,2223.0,48114.0,4197.0,3139.0,1815.0,1031.0,1348.0,2029.0,1359.0,1651.0,2313.0,630.0,1979.0,1515.0,352.0,2142.0,733.0,2216.0,3339.0,31788.0,200.0,6700.0,900.0,1300.0,38500.0,2600.0,3500.0,400.0,400.0,1500.0,500.0,56500.0,600.0,2700.0,3200.0,1000.0,900.0,200.0,500.0,24100.0,800.0,34200.0,1900.0,5500.0,400.0,400.0,700.0,2000.0,11300.0,600.0,1000.0,2100.0,1200.0,400.0,1500.0,6800.0,100.0,,24100.0,9300.0,6700.0,8900.0,9500.0,4000.0,700.0,63300.0,5300.0,17600.0,5500.0,1600.0,2700.0,200.0,32900.0,3000.0,300.0,700.0,600.0,5500.0,500.0,300.0,3800.0,200.0,100.0,27100.0,500.0,32500.0,700.0,3000.0,2000.0,5600.0,1800.0,250400.0,521.0,639.0,218.0,70.0,237.0,1685.0,15215.0,15028.0,8024.0,3400.0,41667.0,10081.0,2261.0,1751.0,1122.0,15215.0,2074.0,697.0,187.0,391.0,3349.0,374.0,51.0,170.0,714.0,170.0,306.0,12699.0,3060.0,2091.0,1734.0,19584.0,13158.0,765.0,442.0,901.0,15266.0,4896.0,731.0,68.0,255.0,5950.0,2329.0,833.0,204.0,3587.0,11679.0,663.0,85.0,442.0,12869.0,816.0,255.0,391.0,136.0,1598.0,32929.0,3264.0,1207.0,1972.0,39372.0,1003.0,357.0,323.0,255.0,1938.0,595.0,289.0,119.0,102.0,1105.0,2380.0,153.0,68.0,391.0,2992.0,476.0,102.0,782.0,85.0,68.0,51.0,102.0,306.0,323.0,170.0,102.0,357.0,952.0,4862.0,1139.0,731.0,1343.0,8075.0,37791.0,4403.0,1938.0,3315.0,47447.0,7378.0,6222.0,850.0,935.0,15385.0,1479.0,187.0,204.0,272.0,2142.0,204.0,170.0,442.0,9061.0,6579.0,1088.0,1241.0,17969.0,3927.0,476.0,153.0,187.0,4743.0,680.0,272.0,1224.0,833.0,136.0,51.0,1156.0,969.0,204.0,340.0,204.0,1717.0,289.0,119.0,119.0,85.0,612.0,6698.0,1207.0,799.0,748.0,9452.0,15759.0,7786.0,1887.0,1989.0,27421.0,510.0,663.0,153.0,85.0,1411.0,1955.0,1938.0,357.0,884.0,5134.0,2159.0,1122.0,544.0,2805.0,6630.0,4624.0,3723.0,1054.0,3774.0,13175.0,86088.0,34000.0,14994.0,14212.0,149294.0,23886.0,8323.0,44468.0,6948.0,17882.0,842.0,6662.0,1651.0,280.0,10761.0,12707.0,1622.0
1997-04-30,,,88004.0,17134.0,28345.0,43056.0,34858.0,147126.0,34812.0,42914.0,34103.0,44243.0,173379.0,244822.0,8777.0,11192.0,8156.0,1570.0,56636.0,62347.0,9658.0,14597.0,10554.0,11069.0,12110.0,14832.0,19613.0,5339.0,8540.0,25532.0,4168.0,27358.0,10163.0,17321.0,16095.0,325932.0,24683.0,54579.0,4245.0,9111.0,5815.0,5449.0,9028.0,11502.0,15477.0,916.0,2619.0,10526.0,1499.0,10353.0,7192.0,8581.0,5926.0,187501.0,16281.0,734.0,2411.0,1974.0,2021.0,1278.0,723.0,929.0,1205.0,947.0,2876.0,5436.0,1395.0,12254.0,1238.0,3753.0,4727.0,60182.0,11017.0,2407.0,1506.0,2691.0,1558.0,1899.0,770.0,739.0,916.0,2603.0,1528.0,8019.0,875.0,3162.0,1232.0,3355.0,2477.0,46754.0,4655.0,4627.0,1496.0,821.0,1160.0,2443.0,1589.0,1662.0,2015.0,873.0,1517.0,1551.0,399.0,1589.0,501.0,1632.0,2965.0,31495.0,0.0,4800.0,300.0,800.0,32400.0,1400.0,2900.0,200.0,200.0,2500.0,500.0,46100.0,500.0,2700.0,2600.0,1400.0,1300.0,300.0,700.0,24500.0,900.0,34900.0,3400.0,5000.0,500.0,500.0,800.0,2300.0,13100.0,400.0,800.0,1700.0,1600.0,300.0,1400.0,6200.0,200.0,,19500.0,6700.0,4900.0,6700.0,6200.0,2200.0,200.0,46500.0,5100.0,13100.0,4100.0,1500.0,2400.0,300.0,26600.0,1600.0,200.0,800.0,400.0,3600.0,200.0,300.0,2600.0,300.0,200.0,25900.0,500.0,30100.0,800.0,2700.0,1000.0,4500.0,1200.0,212700.0,250.0,442.0,146.0,56.0,160.0,1054.0,10336.0,10302.0,8704.0,3451.0,32793.0,6307.0,1445.0,1496.0,935.0,10183.0,731.0,544.0,221.0,612.0,2108.0,289.0,68.0,102.0,493.0,51.0,119.0,7378.0,2074.0,1768.0,1683.0,12903.0,10387.0,459.0,510.0,748.0,12104.0,3281.0,374.0,68.0,323.0,4046.0,1054.0,595.0,221.0,2023.0,7327.0,578.0,153.0,646.0,8704.0,510.0,221.0,289.0,204.0,1224.0,22576.0,2244.0,1241.0,2091.0,28152.0,1071.0,119.0,153.0,102.0,1445.0,1190.0,272.0,17.0,119.0,1598.0,5457.0,255.0,68.0,646.0,6426.0,374.0,136.0,646.0,153.0,85.0,51.0,17.0,306.0,221.0,187.0,34.0,221.0,663.0,8466.0,1054.0,357.0,1207.0,11084.0,31042.0,3298.0,1598.0,3298.0,39236.0,4658.0,3281.0,646.0,612.0,9197.0,782.0,68.0,221.0,136.0,1207.0,170.0,51.0,238.0,5610.0,3400.0,884.0,748.0,10642.0,2873.0,204.0,85.0,255.0,3417.0,289.0,153.0,663.0,442.0,85.0,34.0,612.0,544.0,153.0,170.0,204.0,1071.0,85.0,51.0,187.0,119.0,442.0,4233.0,646.0,612.0,714.0,6205.0,9843.0,4046.0,1496.0,1462.0,16847.0,578.0,493.0,68.0,85.0,1224.0,884.0,1785.0,340.0,850.0,3859.0,1258.0,1173.0,323.0,2686.0,5440.0,2720.0,3451.0,731.0,3621.0,10523.0,61319.0,23171.0,14297.0,13515.0,112302.0,29740.0,46152.0,83174.0,7009.0,32939.0,6490.0,33162.0,20363.0,10355.0,6346.0,34684.0,9171.0
1997-05-31,,,77768.0,16427.0,27874.0,31004.0,29312.0,144274.0,33171.0,51058.0,32054.0,37055.0,153857.0,249649.0,7619.0,10423.0,7227.0,1409.0,48401.0,54135.0,8909.0,16832.0,17673.0,8704.0,12403.0,8072.0,18127.0,5909.0,9752.0,20470.0,3275.0,18477.0,6198.0,14953.0,16750.0,289040.0,20140.0,48488.0,4034.0,12032.0,12525.0,4792.0,9502.0,5512.0,14253.0,1161.0,4205.0,7394.0,1168.0,7968.0,4598.0,6195.0,5968.0,169935.0,12471.0,554.0,2359.0,1970.0,2526.0,1044.0,459.0,625.0,842.0,957.0,2305.0,4477.0,1001.0,6468.0,660.0,3030.0,3942.0,45690.0,12251.0,2758.0,1682.0,2064.0,1255.0,1070.0,789.0,822.0,1310.0,2935.0,1474.0,7337.0,825.0,3055.0,750.0,4143.0,3293.0,47813.0,3539.0,2335.0,834.0,766.0,1367.0,1798.0,1653.0,1113.0,1722.0,856.0,1768.0,1262.0,281.0,986.0,190.0,1585.0,3547.0,25602.0,300.0,5300.0,400.0,1100.0,27200.0,1700.0,3600.0,400.0,200.0,2300.0,700.0,43300.0,800.0,3600.0,4100.0,2500.0,1900.0,800.0,600.0,42900.0,1400.0,58800.0,6100.0,8900.0,900.0,800.0,800.0,4900.0,23700.0,300.0,1000.0,1800.0,2000.0,300.0,800.0,6100.0,300.0,,20300.0,7000.0,5100.0,8300.0,5700.0,1900.0,400.0,49000.0,4500.0,11500.0,4300.0,1700.0,2100.0,200.0,24400.0,1000.0,400.0,800.0,300.0,2600.0,300.0,100.0,5300.0,300.0,300.0,30600.0,400.0,37400.0,1100.0,1900.0,900.0,3900.0,2000.0,251300.0,433.0,562.0,201.0,40.0,159.0,1395.0,5866.0,9282.0,8484.0,4130.0,27762.0,3780.0,798.0,1372.0,1064.0,7014.0,476.0,350.0,126.0,392.0,1344.0,364.0,70.0,112.0,574.0,84.0,154.0,4704.0,1246.0,1540.0,1596.0,9086.0,7966.0,280.0,350.0,420.0,9016.0,1764.0,252.0,42.0,126.0,2184.0,784.0,308.0,238.0,1400.0,6468.0,336.0,154.0,476.0,7434.0,700.0,154.0,812.0,224.0,1890.0,17682.0,1330.0,1610.0,1316.0,21938.0,882.0,126.0,266.0,112.0,1386.0,1316.0,252.0,98.0,98.0,1764.0,2324.0,168.0,84.0,420.0,2996.0,266.0,56.0,448.0,378.0,98.0,84.0,42.0,602.0,462.0,168.0,84.0,210.0,924.0,5628.0,868.0,644.0,980.0,8120.0,23310.0,2198.0,2254.0,2296.0,30058.0,3234.0,1764.0,630.0,658.0,6286.0,406.0,70.0,112.0,154.0,742.0,182.0,0.0,238.0,3822.0,1834.0,770.0,840.0,7266.0,1554.0,56.0,196.0,294.0,2100.0,238.0,70.0,420.0,168.0,70.0,42.0,378.0,532.0,98.0,182.0,140.0,952.0,140.0,28.0,490.0,322.0,980.0,2632.0,322.0,980.0,896.0,4830.0,6454.0,2156.0,1750.0,1736.0,12096.0,336.0,238.0,168.0,98.0,840.0,938.0,1610.0,252.0,798.0,3598.0,966.0,896.0,294.0,2240.0,4396.0,2240.0,2744.0,714.0,3136.0,8834.0,42574.0,17626.0,14742.0,12894.0,87836.0,235846.0,49841.0,278871.0,3288.0,30112.0,18983.0,62354.0,77641.0,24734.0,4391.0,22024.0,3289.0
1997-06-30,,,72134.0,14506.0,24111.0,26531.0,17553.0,118956.0,34963.0,34039.0,32506.0,24723.0,169156.0,116877.0,6484.0,9027.0,5830.0,1175.0,55485.0,50787.0,9210.0,30359.0,8813.0,17207.0,11450.0,3767.0,16068.0,4650.0,7421.0,27059.0,3534.0,19311.0,5541.0,19778.0,17772.0,308212.0,25340.0,44494.0,4347.0,23774.0,5647.0,11459.0,8652.0,1801.0,11898.0,506.0,2204.0,9789.0,1218.0,7032.0,3249.0,8957.0,6486.0,176853.0,15911.0,943.0,2813.0,3567.0,1615.0,1824.0,722.0,484.0,1231.0,825.0,2159.0,5177.0,1075.0,7526.0,848.0,4054.0,4379.0,55153.0,9921.0,3480.0,1547.0,1861.0,1091.0,1387.0,695.0,698.0,1447.0,2596.0,1630.0,7455.0,883.0,3059.0,1075.0,4807.0,3979.0,47611.0,4313.0,1870.0,503.0,1157.0,460.0,2537.0,1381.0,784.0,1492.0,723.0,1428.0,4638.0,358.0,1694.0,369.0,1960.0,2928.0,28595.0,300.0,7900.0,400.0,1100.0,26500.0,2000.0,3500.0,800.0,300.0,3200.0,500.0,46500.0,500.0,4200.0,3700.0,2300.0,1500.0,1000.0,900.0,37900.0,2400.0,54300.0,6300.0,7400.0,1300.0,1100.0,1000.0,6000.0,25000.0,500.0,1100.0,1700.0,2500.0,200.0,900.0,7000.0,400.0,,30000.0,8800.0,4900.0,9300.0,6900.0,3200.0,800.0,64300.0,6500.0,16100.0,3800.0,1100.0,2800.0,100.0,30300.0,2000.0,300.0,1100.0,600.0,4000.0,200.0,200.0,7000.0,300.0,300.0,34300.0,700.0,42900.0,1000.0,1900.0,1500.0,4500.0,1300.0,280200.0,561.0,670.0,131.0,69.0,261.0,1692.0,8092.0,9422.0,8064.0,3528.0,29106.0,4508.0,1414.0,1624.0,1344.0,8890.0,364.0,364.0,126.0,266.0,1120.0,476.0,28.0,252.0,798.0,98.0,154.0,5446.0,1820.0,1820.0,1876.0,10962.0,6818.0,238.0,546.0,392.0,7994.0,924.0,602.0,98.0,126.0,1750.0,588.0,462.0,126.0,1358.0,5558.0,434.0,224.0,406.0,6622.0,238.0,154.0,588.0,112.0,1092.0,14140.0,1890.0,1582.0,1218.0,18830.0,2268.0,154.0,280.0,126.0,2828.0,518.0,168.0,98.0,70.0,854.0,560.0,98.0,56.0,140.0,854.0,756.0,182.0,1134.0,280.0,98.0,0.0,56.0,434.0,140.0,196.0,84.0,112.0,532.0,4522.0,896.0,588.0,630.0,6636.0,18662.0,2786.0,2170.0,1848.0,25466.0,2814.0,1652.0,490.0,504.0,5460.0,280.0,112.0,140.0,70.0,602.0,238.0,84.0,350.0,3332.0,1848.0,644.0,588.0,6412.0,434.0,84.0,182.0,196.0,896.0,168.0,84.0,406.0,112.0,56.0,42.0,280.0,364.0,252.0,224.0,112.0,952.0,42.0,56.0,140.0,70.0,308.0,1120.0,532.0,672.0,518.0,2842.0,4452.0,2380.0,1316.0,1106.0,9254.0,476.0,420.0,98.0,28.0,1022.0,910.0,1316.0,490.0,882.0,3598.0,882.0,1008.0,280.0,1904.0,4074.0,2268.0,2744.0,868.0,2814.0,8694.0,38920.0,19152.0,14238.0,11172.0,83482.0,274053.0,55323.0,260814.0,6557.0,65891.0,32611.0,62913.0,95027.0,22894.0,5603.0,25351.0,6585.0
1997-07-31,,,58023.0,13356.0,20310.0,18345.0,12388.0,93654.0,30352.0,20548.0,20895.0,14728.0,154671.0,104560.0,5392.0,7603.0,4062.0,1141.0,80291.0,78960.0,14878.0,13473.0,10455.0,22122.0,17145.0,5038.0,22100.0,4591.0,8037.0,32769.0,5326.0,22673.0,9165.0,29340.0,20998.0,397361.0,42784.0,69645.0,5637.0,6500.0,5311.0,13091.0,12114.0,2305.0,14816.0,715.0,2171.0,11861.0,1861.0,9251.0,5793.0,15361.0,8625.0,227841.0,17905.0,1560.0,3431.0,1822.0,1125.0,1942.0,1149.0,625.0,2323.0,831.0,1987.0,6503.0,1997.0,8242.0,1612.0,7015.0,5175.0,65244.0,14007.0,2902.0,1702.0,2150.0,1071.0,794.0,715.0,473.0,1698.0,2221.0,1436.0,7807.0,737.0,2968.0,896.0,3383.0,2938.0,47898.0,5595.0,4853.0,4108.0,3001.0,2948.0,6295.0,3167.0,1635.0,3263.0,824.0,2443.0,6598.0,731.0,2212.0,864.0,3581.0,4260.0,56378.0,200.0,6500.0,300.0,1200.0,27900.0,1600.0,3400.0,500.0,400.0,1800.0,900.0,44600.0,600.0,2100.0,3200.0,2700.0,1500.0,700.0,1000.0,35900.0,2100.0,49700.0,6600.0,6700.0,800.0,1100.0,900.0,5100.0,23100.0,600.0,900.0,2400.0,1600.0,0.0,700.0,6200.0,100.0,,31000.0,9500.0,3200.0,9600.0,6300.0,2200.0,200.0,62000.0,4400.0,9400.0,3300.0,1200.0,3100.0,200.0,21600.0,1400.0,200.0,1000.0,500.0,3200.0,100.0,300.0,6100.0,200.0,200.0,25600.0,700.0,33200.0,600.0,2000.0,1400.0,4000.0,1700.0,249300.0,340.0,833.0,146.0,86.0,281.0,1686.0,10693.0,9571.0,8177.0,3553.0,31994.0,6681.0,1717.0,1122.0,2074.0,11594.0,714.0,459.0,187.0,238.0,1598.0,391.0,68.0,289.0,782.0,51.0,136.0,7837.0,2278.0,1343.0,2652.0,14110.0,12835.0,442.0,510.0,918.0,14705.0,2040.0,748.0,85.0,544.0,3417.0,1326.0,850.0,170.0,2601.0,7871.0,833.0,357.0,629.0,9690.0,255.0,170.0,544.0,51.0,1020.0,24327.0,3043.0,1666.0,2397.0,31433.0,578.0,170.0,289.0,68.0,1105.0,425.0,238.0,68.0,119.0,850.0,697.0,204.0,68.0,255.0,1224.0,748.0,153.0,1088.0,34.0,34.0,51.0,136.0,255.0,102.0,153.0,68.0,51.0,374.0,2584.0,952.0,595.0,765.0,4896.0,26911.0,3995.0,2261.0,3162.0,36329.0,3179.0,2074.0,782.0,935.0,6970.0,527.0,51.0,51.0,170.0,799.0,119.0,119.0,357.0,3825.0,2244.0,850.0,1207.0,8126.0,714.0,170.0,221.0,289.0,1394.0,255.0,340.0,663.0,187.0,85.0,17.0,425.0,952.0,442.0,272.0,85.0,1751.0,85.0,68.0,85.0,170.0,408.0,2193.0,1105.0,612.0,731.0,4641.0,6018.0,3349.0,1462.0,1938.0,12767.0,289.0,255.0,136.0,85.0,765.0,1496.0,1241.0,323.0,1122.0,4182.0,1258.0,1105.0,612.0,2788.0,5763.0,3043.0,2601.0,1071.0,3995.0,10710.0,54502.0,21794.0,14314.0,15300.0,105910.0,322225.0,83650.0,367106.0,16233.0,101248.0,34424.0,94123.0,88427.0,21669.0,5606.0,36548.0,7997.0
1997-08-31,,,55868.0,13690.0,19903.0,19259.0,12299.0,112534.0,39141.0,25354.0,23648.0,11001.0,169408.0,203501.0,5614.0,8748.0,5057.0,1120.0,59376.0,80107.0,10435.0,12929.0,10732.0,9342.0,12571.0,3038.0,18958.0,5159.0,7138.0,24595.0,3811.0,22400.0,8567.0,23300.0,17907.0,330365.0,28722.0,71010.0,5858.0,8022.0,7544.0,4718.0,9650.0,1535.0,14880.0,1200.0,2347.0,9606.0,1483.0,9524.0,5933.0,13196.0,7284.0,202512.0,15244.0,1850.0,2591.0,1676.0,1366.0,1256.0,837.0,371.0,1384.0,881.0,1951.0,4901.0,1134.0,8100.0,1311.0,4638.0,4340.0,53831.0,10905.0,3706.0,1375.0,2528.0,1262.0,1256.0,556.0,354.0,1126.0,2301.0,1408.0,7681.0,749.0,2830.0,676.0,2701.0,3243.0,44657.0,4505.0,3541.0,611.0,703.0,560.0,2112.0,1528.0,778.0,1568.0,777.0,1432.0,2407.0,445.0,1946.0,647.0,2765.0,3040.0,29365.0,400.0,5800.0,700.0,1200.0,31500.0,1900.0,3800.0,700.0,0.0,2100.0,1000.0,49100.0,400.0,2800.0,3200.0,1900.0,1100.0,700.0,1200.0,27100.0,1300.0,39700.0,4500.0,5700.0,400.0,200.0,900.0,3100.0,15100.0,700.0,400.0,1800.0,1300.0,200.0,800.0,5300.0,400.0,,28900.0,8000.0,4200.0,10300.0,5700.0,1900.0,300.0,59700.0,6500.0,10200.0,3800.0,1700.0,2500.0,0.0,24700.0,1700.0,300.0,500.0,600.0,3400.0,800.0,300.0,4800.0,200.0,100.0,30300.0,300.0,36800.0,400.0,3500.0,1300.0,5100.0,1200.0,240000.0,266.0,476.0,139.0,36.0,209.0,1126.0,12032.0,8704.0,8768.0,3664.0,33168.0,3520.0,1392.0,1728.0,1216.0,7856.0,656.0,448.0,128.0,448.0,1680.0,352.0,0.0,96.0,512.0,64.0,128.0,4592.0,1872.0,1920.0,1792.0,10176.0,13392.0,656.0,288.0,800.0,15136.0,1664.0,528.0,32.0,320.0,2544.0,1280.0,480.0,272.0,2240.0,7776.0,640.0,144.0,224.0,8784.0,480.0,208.0,320.0,128.0,1136.0,24640.0,2544.0,1056.0,1696.0,29936.0,448.0,112.0,288.0,128.0,976.0,368.0,224.0,96.0,96.0,784.0,624.0,96.0,32.0,128.0,880.0,304.0,64.0,576.0,48.0,64.0,64.0,96.0,272.0,176.0,128.0,64.0,96.0,464.0,1968.0,688.0,592.0,704.0,3952.0,26608.0,3232.0,1648.0,2400.0,33888.0,3264.0,2224.0,496.0,672.0,6656.0,304.0,32.0,80.0,160.0,576.0,192.0,48.0,304.0,3760.0,2304.0,592.0,880.0,7536.0,864.0,352.0,144.0,288.0,1648.0,160.0,48.0,384.0,128.0,64.0,16.0,240.0,1264.0,192.0,80.0,304.0,1840.0,32.0,96.0,64.0,48.0,240.0,2448.0,752.0,384.0,768.0,4352.0,6208.0,3056.0,976.0,1648.0,11888.0,528.0,352.0,64.0,96.0,1040.0,880.0,1328.0,416.0,992.0,3616.0,1344.0,1200.0,384.0,2512.0,5440.0,2752.0,2880.0,864.0,3600.0,10096.0,52192.0,19744.0,14176.0,13104.0,99216.0,327382.0,85222.0,382030.0,10393.0,152965.0,30482.0,80020.0,87863.0,23148.0,6991.0,30456.0,4080.0
1997-09-30,,,59086.0,12171.0,22627.0,20092.0,13686.0,93558.0,27095.0,21575.0,26726.0,10305.0,148538.0,175035.0,6718.0,9059.0,5114.0,1185.0,65583.0,68574.0,9919.0,17555.0,13315.0,8873.0,9806.0,2587.0,12423.0,4878.0,7375.0,22622.0,4439.0,28998.0,9774.0,25308.0,18938.0,330967.0,30756.0,61080.0,4903.0,12088.0,9107.0,4460.0,6894.0,1206.0,8422.0,853.0,1982.0,8280.0,1875.0,10986.0,7019.0,12579.0,6589.0,189079.0,19071.0,1565.0,2383.0,2103.0,2170.0,1366.0,704.0,450.0,1377.0,771.0,2094.0,3801.0,1225.0,11702.0,1313.0,5559.0,4837.0,62491.0,11064.0,3516.0,1931.0,2247.0,1307.0,969.0,720.0,542.0,1314.0,2609.0,1830.0,8502.0,828.0,3711.0,937.0,3498.0,2872.0,48397.0,4692.0,2413.0,702.0,1117.0,731.0,2078.0,1488.0,389.0,1310.0,645.0,1469.0,2039.0,511.0,2599.0,505.0,3672.0,4640.0,31000.0,600.0,7500.0,500.0,2100.0,39000.0,1400.0,4200.0,300.0,300.0,2400.0,800.0,59200.0,800.0,4800.0,3700.0,2500.0,1600.0,300.0,1100.0,37400.0,1400.0,53600.0,2900.0,9000.0,600.0,500.0,1100.0,3400.0,17900.0,900.0,1500.0,1600.0,1800.0,500.0,1000.0,7300.0,200.0,,38700.0,9800.0,4300.0,11200.0,7900.0,3300.0,900.0,76100.0,9000.0,8700.0,7900.0,1600.0,2600.0,200.0,30000.0,3000.0,400.0,1100.0,500.0,5400.0,400.0,200.0,5300.0,500.0,300.0,41200.0,300.0,48200.0,700.0,2600.0,1400.0,4700.0,1700.0,304200.0,299.0,553.0,177.0,66.0,192.0,1287.0,16835.0,11726.0,8177.0,4381.0,41119.0,4264.0,1053.0,1430.0,767.0,7514.0,637.0,351.0,130.0,299.0,1417.0,520.0,52.0,169.0,754.0,91.0,104.0,5512.0,1469.0,1573.0,1235.0,9789.0,9867.0,312.0,364.0,624.0,11167.0,1677.0,494.0,65.0,299.0,2535.0,1170.0,351.0,143.0,1781.0,4225.0,650.0,221.0,299.0,5395.0,390.0,156.0,351.0,78.0,975.0,17355.0,1963.0,1144.0,1430.0,21892.0,949.0,195.0,338.0,130.0,1612.0,897.0,130.0,130.0,117.0,1274.0,312.0,104.0,26.0,65.0,507.0,221.0,117.0,494.0,117.0,91.0,78.0,65.0,351.0,182.0,169.0,91.0,130.0,572.0,2678.0,806.0,715.0,611.0,4810.0,20033.0,2769.0,1859.0,2041.0,26702.0,2834.0,1833.0,793.0,598.0,6058.0,442.0,65.0,130.0,91.0,728.0,117.0,91.0,312.0,3393.0,1989.0,962.0,754.0,7098.0,2015.0,182.0,104.0,208.0,2509.0,312.0,117.0,572.0,377.0,26.0,65.0,572.0,507.0,156.0,247.0,130.0,1040.0,52.0,91.0,39.0,104.0,286.0,3263.0,572.0,533.0,611.0,4979.0,6656.0,2561.0,1495.0,1365.0,12077.0,338.0,468.0,39.0,26.0,871.0,1001.0,1378.0,260.0,1248.0,3887.0,1170.0,923.0,390.0,1690.0,4173.0,2509.0,2769.0,689.0,2964.0,8931.0,51545.0,21294.0,13793.0,11986.0,98618.0,292161.0,53248.0,317684.0,6330.0,59170.0,28766.0,68456.0,70306.0,27032.0,4676.0,28827.0,4793.0
1997-10-31,,,83562.0,18605.0,29150.0,30080.0,20348.0,86519.0,34032.0,23504.0,26899.0,16193.0,172949.0,184289.0,7528.0,9877.0,5884.0,1328.0,64701.0,58483.0,11682.0,19063.0,12259.0,10763.0,11856.0,4269.0,21856.0,6230.0,8150.0,28194.0,5389.0,38666.0,13517.0,32539.0,18871.0,366488.0,31667.0,51642.0,6435.0,12431.0,7548.0,5235.0,8492.0,1961.0,17142.0,1219.0,2492.0,13018.0,2639.0,15823.0,9661.0,17488.0,7084.0,211977.0,18640.0,925.0,2653.0,2037.0,2219.0,1634.0,748.0,682.0,1080.0,1364.0,2115.0,4762.0,1452.0,15238.0,2085.0,7228.0,4453.0,69315.0,10159.0,3237.0,1489.0,3376.0,1408.0,1200.0,850.0,579.0,1442.0,2749.0,1721.0,8200.0,895.0,4889.0,1144.0,4799.0,2999.0,51136.0,4235.0,2679.0,1105.0,1219.0,1084.0,2694.0,1766.0,1047.0,2192.0,898.0,1822.0,2214.0,403.0,2716.0,627.0,3024.0,4335.0,34060.0,500.0,6400.0,1000.0,1400.0,33100.0,2700.0,3700.0,500.0,500.0,2100.0,1100.0,52900.0,300.0,3600.0,2500.0,1700.0,1600.0,300.0,1000.0,24200.0,600.0,35800.0,1800.0,4400.0,400.0,300.0,1200.0,1500.0,9800.0,900.0,800.0,500.0,1000.0,500.0,800.0,4500.0,100.0,,31800.0,5900.0,4000.0,8000.0,7500.0,2200.0,500.0,59900.0,8800.0,10600.0,6200.0,1600.0,2000.0,200.0,29400.0,3000.0,300.0,600.0,900.0,5600.0,700.0,200.0,2200.0,300.0,400.0,29600.0,400.0,33700.0,700.0,2700.0,1000.0,4300.0,1000.0,236900.0,302.0,568.0,139.0,55.0,213.0,1277.0,10224.0,11928.0,8136.0,3936.0,34224.0,8604.0,1260.0,1668.0,1200.0,12732.0,1188.0,480.0,156.0,336.0,2160.0,372.0,72.0,84.0,576.0,204.0,276.0,10368.0,1872.0,1884.0,1620.0,15744.0,9024.0,324.0,408.0,456.0,10212.0,3252.0,564.0,108.0,300.0,4224.0,1296.0,396.0,252.0,2004.0,7812.0,504.0,192.0,636.0,9144.0,492.0,276.0,300.0,60.0,1128.0,21900.0,2064.0,1260.0,1524.0,26748.0,1368.0,252.0,252.0,132.0,2004.0,672.0,288.0,144.0,204.0,1308.0,1092.0,168.0,60.0,300.0,1620.0,240.0,156.0,540.0,216.0,156.0,36.0,72.0,480.0,180.0,252.0,60.0,132.0,624.0,3768.0,1272.0,624.0,912.0,6576.0,25668.0,3336.0,1884.0,2436.0,33324.0,5148.0,3528.0,852.0,588.0,10116.0,948.0,228.0,204.0,120.0,1500.0,252.0,48.0,348.0,6348.0,3804.0,1092.0,720.0,11964.0,3540.0,324.0,156.0,288.0,4308.0,792.0,264.0,1188.0,624.0,120.0,84.0,912.0,1332.0,204.0,264.0,204.0,2004.0,132.0,120.0,108.0,120.0,480.0,6420.0,1032.0,684.0,756.0,8892.0,12768.0,4836.0,1776.0,1476.0,20856.0,372.0,588.0,24.0,48.0,1032.0,816.0,1632.0,420.0,1092.0,3960.0,1656.0,1104.0,276.0,2772.0,5808.0,2844.0,3324.0,720.0,3912.0,10800.0,61872.0,25296.0,14400.0,13380.0,114948.0,161056.0,22542.0,205617.0,8697.0,37632.0,6722.0,42257.0,28023.0,17161.0,6347.0,12799.0,2630.0
1997-11-30,,,70929.0,18411.0,25443.0,31252.0,15756.0,98447.0,27437.0,21705.0,33312.0,11234.0,145235.0,201552.0,7201.0,9567.0,5776.0,1279.0,52261.0,61791.0,9139.0,28481.0,11722.0,10832.0,10760.0,2832.0,22658.0,7156.0,8313.0,28861.0,7376.0,47152.0,12695.0,34947.0,22508.0,379484.0,21988.0,55107.0,5250.0,22369.0,7452.0,6296.0,8317.0,1463.0,17227.0,1616.0,1843.0,13148.0,3545.0,18522.0,8807.0,19146.0,8218.0,220314.0,15026.0,936.0,1674.0,2465.0,2474.0,1617.0,502.0,351.0,1387.0,1574.0,2434.0,5116.0,2293.0,20326.0,1912.0,7916.0,6348.0,74351.0,11856.0,3446.0,1606.0,2447.0,995.0,1310.0,798.0,645.0,1747.0,3097.0,2125.0,8562.0,1005.0,5342.0,1435.0,5414.0,4013.0,55843.0,3391.0,2302.0,609.0,1200.0,801.0,1609.0,1143.0,373.0,2297.0,869.0,1911.0,2035.0,533.0,2962.0,541.0,2471.0,3929.0,28976.0,400.0,6500.0,900.0,1500.0,31800.0,2200.0,3200.0,300.0,300.0,2100.0,800.0,50200.0,300.0,2000.0,3300.0,1600.0,1000.0,800.0,700.0,18800.0,600.0,29000.0,1100.0,2600.0,600.0,500.0,900.0,1700.0,7500.0,1200.0,600.0,1900.0,1100.0,300.0,1200.0,6200.0,400.0,,25800.0,7900.0,5200.0,9900.0,9000.0,4200.0,900.0,63200.0,6100.0,11900.0,4900.0,1200.0,4000.0,100.0,28200.0,7300.0,1000.0,1800.0,600.0,11600.0,500.0,500.0,2000.0,1000.0,400.0,25700.0,1500.0,31500.0,800.0,2200.0,1300.0,4300.0,800.0,232500.0,378.0,687.0,302.0,82.0,280.0,1729.0,9804.0,11784.0,8880.0,4032.0,34500.0,9864.0,1704.0,2064.0,1608.0,15240.0,1932.0,780.0,216.0,288.0,3216.0,492.0,36.0,84.0,672.0,144.0,240.0,12432.0,2544.0,2364.0,2028.0,19368.0,13260.0,384.0,600.0,588.0,14832.0,2940.0,288.0,96.0,144.0,3468.0,1608.0,348.0,168.0,2220.0,8592.0,516.0,264.0,456.0,9828.0,696.0,204.0,660.0,156.0,1716.0,27096.0,1752.0,1800.0,1440.0,32088.0,3156.0,396.0,396.0,288.0,4236.0,1236.0,336.0,144.0,192.0,1908.0,492.0,120.0,36.0,72.0,720.0,384.0,84.0,660.0,168.0,120.0,60.0,84.0,432.0,240.0,312.0,60.0,276.0,888.0,5676.0,1368.0,780.0,1020.0,8844.0,32772.0,3120.0,2580.0,2460.0,40932.0,7860.0,5952.0,1044.0,756.0,15612.0,1500.0,324.0,276.0,192.0,2292.0,252.0,144.0,492.0,9612.0,6420.0,1344.0,1020.0,18396.0,5244.0,384.0,240.0,276.0,6144.0,1284.0,660.0,2172.0,1356.0,252.0,36.0,1716.0,2076.0,252.0,288.0,276.0,2892.0,336.0,84.0,360.0,480.0,1260.0,10296.0,1632.0,1044.0,1212.0,14184.0,19908.0,8052.0,2388.0,2232.0,32580.0,468.0,696.0,96.0,48.0,1308.0,1356.0,1860.0,348.0,1332.0,4896.0,2184.0,1176.0,372.0,3156.0,6888.0,4008.0,3732.0,816.0,4536.0,13092.0,78924.0,29232.0,17028.0,15288.0,140472.0,14207.0,8136.0,22093.0,2617.0,13467.0,163.0,6678.0,508.0,95.0,5338.0,12483.0,1407.0
1997-12-31,,,61918.0,18747.0,24513.0,24080.0,12995.0,109789.0,17109.0,23045.0,48945.0,13912.0,153392.0,235816.0,5866.0,9297.0,5817.0,1082.0,60404.0,75076.0,15177.0,39804.0,13720.0,12840.0,10215.0,5775.0,10082.0,6801.0,10005.0,32086.0,8019.0,59321.0,15037.0,44209.0,29720.0,448291.0,23144.0,68222.0,9568.0,32421.0,9055.0,9551.0,8079.0,3882.0,5676.0,1794.0,4000.0,11500.0,3115.0,22484.0,10187.0,22748.0,13787.0,259213.0,25912.0,2903.0,4117.0,3905.0,3527.0,1712.0,574.0,1006.0,2085.0,1399.0,3815.0,13142.0,4205.0,32471.0,3757.0,16720.0,11044.0,132294.0,7728.0,2092.0,914.0,2272.0,583.0,585.0,425.0,324.0,1088.0,2876.0,905.0,5279.0,340.0,2250.0,547.0,1869.0,1623.0,31700.0,3620.0,1859.0,578.0,1206.0,555.0,992.0,1137.0,563.0,1233.0,732.0,1285.0,2165.0,359.0,2116.0,546.0,2872.0,3266.0,25084.0,700.0,8900.0,500.0,1700.0,51300.0,2300.0,3600.0,1400.0,500.0,2100.0,900.0,73700.0,900.0,3100.0,2900.0,2300.0,900.0,400.0,700.0,24100.0,900.0,36200.0,2200.0,2800.0,500.0,400.0,500.0,2700.0,9400.0,700.0,1100.0,1700.0,600.0,400.0,700.0,5300.0,400.0,,23600.0,10500.0,9600.0,8400.0,9800.0,8300.0,1200.0,71900.0,8500.0,18200.0,4900.0,1600.0,5500.0,400.0,38900.0,6700.0,500.0,3100.0,400.0,11700.0,1300.0,400.0,5800.0,1100.0,900.0,35900.0,1800.0,47200.0,700.0,3400.0,1700.0,5800.0,600.0,300700.0,624.0,1095.0,379.0,150.0,237.0,2485.0,15496.0,28691.0,6058.0,3159.0,53404.0,7930.0,4836.0,1222.0,1274.0,15262.0,1625.0,1729.0,117.0,338.0,3809.0,754.0,169.0,91.0,1040.0,195.0,364.0,10504.0,6851.0,1365.0,1755.0,20475.0,15847.0,1326.0,351.0,650.0,18174.0,3380.0,611.0,52.0,143.0,4186.0,2899.0,871.0,143.0,4173.0,2574.0,806.0,91.0,182.0,3653.0,1014.0,273.0,754.0,260.0,2301.0,25818.0,3887.0,1391.0,1495.0,32591.0,5148.0,767.0,208.0,338.0,6461.0,1872.0,676.0,52.0,143.0,2743.0,689.0,221.0,39.0,65.0,1014.0,1222.0,312.0,1677.0,299.0,169.0,78.0,13.0,559.0,533.0,520.0,26.0,182.0,1261.0,9763.0,2665.0,481.0,806.0,13715.0,35581.0,6552.0,1872.0,2301.0,46306.0,7735.0,12584.0,377.0,1040.0,21736.0,1950.0,936.0,104.0,117.0,3107.0,234.0,208.0,468.0,9919.0,13728.0,494.0,1170.0,25311.0,4823.0,1092.0,65.0,247.0,6227.0,1638.0,1508.0,3224.0,1417.0,585.0,26.0,2080.0,1664.0,819.0,182.0,273.0,2938.0,325.0,234.0,247.0,247.0,1053.0,9867.0,4238.0,533.0,884.0,15522.0,19786.0,17966.0,1027.0,2054.0,40833.0,754.0,1092.0,52.0,91.0,1989.0,3276.0,5551.0,234.0,1742.0,10803.0,2678.0,2834.0,351.0,4160.0,10023.0,6708.0,9477.0,637.0,5993.0,22815.0,88075.0,69537.0,10959.0,15262.0,183833.0,16258.0,6530.0,14111.0,1398.0,8189.0,350.0,2461.0,1154.0,416.0,7991.0,10544.0,1418.0
1998-01-31,,,60700.0,16132.0,24801.0,27047.0,12253.0,82599.0,14296.0,12988.0,26579.0,12289.0,161873.0,209020.0,5837.0,8932.0,5581.0,968.0,42314.0,68326.0,15059.0,16983.0,8470.0,10103.0,14947.0,3205.0,5646.0,6697.0,7571.0,28568.0,7340.0,41748.0,12123.0,32341.0,24837.0,346278.0,19812.0,60395.0,9141.0,11912.0,5297.0,5114.0,11220.0,1092.0,1900.0,2732.0,1675.0,11959.0,3297.0,16299.0,8020.0,16658.0,11961.0,198484.0,11992.0,1856.0,2565.0,1608.0,1366.0,833.0,1050.0,479.0,1537.0,1018.0,2016.0,5343.0,2113.0,18813.0,1848.0,7572.0,4585.0,66594.0,6603.0,2226.0,1463.0,1464.0,434.0,343.0,457.0,408.0,462.0,1615.0,1164.0,7454.0,836.0,3308.0,1105.0,3433.0,2227.0,35002.0,3907.0,3849.0,1890.0,1999.0,1373.0,3813.0,2220.0,1226.0,1747.0,1332.0,2716.0,3812.0,1094.0,3328.0,1150.0,4678.0,6064.0,46198.0,200.0,6800.0,400.0,800.0,36300.0,2100.0,3300.0,300.0,200.0,2500.0,1100.0,54000.0,500.0,1800.0,2300.0,600.0,400.0,700.0,800.0,13000.0,600.0,20800.0,1000.0,1600.0,200.0,400.0,700.0,1100.0,5000.0,1100.0,800.0,900.0,400.0,300.0,600.0,4100.0,300.0,,20700.0,9700.0,4500.0,8500.0,6900.0,6000.0,900.0,57500.0,6600.0,12200.0,3100.0,1100.0,2400.0,100.0,25500.0,3000.0,300.0,600.0,600.0,4700.0,700.0,500.0,2800.0,300.0,300.0,26500.0,600.0,31700.0,0.0,2000.0,1200.0,3200.0,800.0,207300.0,1078.0,1463.0,347.0,100.0,207.0,3195.0,13680.0,15810.0,5790.0,4380.0,39660.0,11010.0,2490.0,1350.0,1785.0,16635.0,2400.0,1095.0,240.0,645.0,4380.0,1320.0,150.0,300.0,1845.0,165.0,225.0,14895.0,3765.0,1665.0,2760.0,23085.0,13095.0,750.0,435.0,600.0,14880.0,3600.0,915.0,105.0,405.0,5025.0,2790.0,765.0,165.0,4050.0,585.0,600.0,105.0,90.0,1380.0,645.0,255.0,600.0,165.0,1665.0,20730.0,3300.0,1410.0,1590.0,27030.0,1725.0,210.0,180.0,660.0,2775.0,705.0,360.0,45.0,90.0,1200.0,495.0,150.0,15.0,150.0,810.0,405.0,105.0,660.0,120.0,90.0,15.0,90.0,315.0,225.0,255.0,15.0,210.0,705.0,3675.0,1170.0,285.0,1335.0,6465.0,24405.0,4470.0,1695.0,2925.0,33495.0,9795.0,8865.0,645.0,1125.0,20430.0,1845.0,600.0,255.0,495.0,3195.0,285.0,165.0,525.0,11925.0,9630.0,930.0,1665.0,24150.0,5070.0,975.0,120.0,390.0,6555.0,1650.0,1065.0,2925.0,1710.0,480.0,15.0,2355.0,1530.0,495.0,165.0,330.0,2520.0,360.0,135.0,90.0,150.0,735.0,10320.0,3150.0,450.0,1170.0,15090.0,22245.0,12780.0,1380.0,2835.0,39240.0,525.0,420.0,90.0,180.0,1215.0,1950.0,2040.0,285.0,1050.0,5325.0,2595.0,1245.0,270.0,3150.0,7260.0,5070.0,3705.0,645.0,4380.0,13800.0,80295.0,40530.0,11175.0,17280.0,149280.0,11259.0,5194.0,14755.0,1114.0,7717.0,495.0,3947.0,842.0,508.0,7519.0,7970.0,2334.0
1998-02-28,,,57556.0,14573.0,22665.0,33089.0,15001.0,69331.0,12380.0,11209.0,22034.0,8969.0,142296.0,185031.0,5929.0,9261.0,5891.0,1006.0,38054.0,69155.0,11547.0,13599.0,9129.0,8228.0,16277.0,3720.0,4310.0,6434.0,7495.0,37583.0,7067.0,53963.0,13988.0,32221.0,20790.0,353560.0,14047.0,61137.0,3943.0,5363.0,2089.0,1975.0,11918.0,1509.0,1336.0,1607.0,1433.0,18853.0,3312.0,24752.0,9936.0,16127.0,8878.0,188215.0,10322.0,1741.0,2407.0,1352.0,997.0,773.0,560.0,458.0,862.0,1141.0,1668.0,4944.0,2215.0,22024.0,2081.0,7853.0,4919.0,66317.0,10958.0,2637.0,1405.0,2371.0,792.0,458.0,510.0,404.0,676.0,2247.0,1673.0,9695.0,957.0,4334.0,992.0,4276.0,2818.0,47203.0,2727.0,3640.0,3792.0,4513.0,5251.0,5022.0,3289.0,1349.0,1436.0,1439.0,2721.0,4091.0,583.0,2853.0,979.0,3965.0,4175.0,51825.0,200.0,4600.0,300.0,200.0,39600.0,1600.0,3200.0,300.0,100.0,1200.0,400.0,51700.0,500.0,1700.0,1600.0,1000.0,800.0,200.0,400.0,13100.0,700.0,20100.0,900.0,1700.0,400.0,100.0,500.0,900.0,4600.0,200.0,500.0,400.0,400.0,200.0,800.0,2500.0,300.0,,21700.0,8600.0,4900.0,9300.0,8500.0,2900.0,600.0,56900.0,4700.0,14200.0,4000.0,900.0,2400.0,100.0,26200.0,3900.0,600.0,700.0,900.0,6600.0,300.0,500.0,3000.0,300.0,100.0,19300.0,700.0,24200.0,400.0,1900.0,900.0,3300.0,700.0,196900.0,676.0,564.0,448.0,70.0,244.0,2002.0,15012.0,14400.0,8712.0,4104.0,42228.0,13908.0,2628.0,1992.0,2052.0,20580.0,2364.0,900.0,288.0,396.0,3948.0,792.0,36.0,216.0,1068.0,96.0,192.0,17160.0,3600.0,2304.0,2724.0,25788.0,16668.0,708.0,684.0,708.0,18768.0,4380.0,600.0,48.0,324.0,5352.0,1056.0,432.0,192.0,1848.0,360.0,396.0,120.0,156.0,1032.0,612.0,180.0,432.0,204.0,1428.0,23088.0,2328.0,1476.0,1560.0,28452.0,540.0,144.0,372.0,180.0,1236.0,372.0,204.0,36.0,228.0,840.0,528.0,132.0,84.0,120.0,864.0,156.0,72.0,396.0,96.0,60.0,84.0,132.0,372.0,144.0,144.0,84.0,276.0,648.0,1836.0,756.0,684.0,1080.0,4356.0,24924.0,3084.0,2160.0,2640.0,32808.0,12360.0,10416.0,984.0,1296.0,25056.0,2124.0,408.0,264.0,360.0,3156.0,276.0,240.0,600.0,14760.0,11064.0,1332.0,1656.0,28812.0,6420.0,696.0,240.0,612.0,7968.0,1716.0,816.0,2712.0,1152.0,384.0,72.0,1716.0,1488.0,432.0,300.0,324.0,2544.0,276.0,132.0,48.0,192.0,648.0,11052.0,2460.0,768.0,1308.0,15588.0,25812.0,13524.0,2100.0,2964.0,44400.0,504.0,732.0,72.0,96.0,1404.0,1284.0,1824.0,384.0,1308.0,4800.0,2316.0,1236.0,432.0,2976.0,6960.0,4104.0,3792.0,888.0,4380.0,13164.0,87012.0,38400.0,16164.0,16812.0,158388.0,6264.0,2893.0,8961.0,494.0,7018.0,32.0,1640.0,380.0,174.0,14783.0,6952.0,1646.0
1998-03-31,,,69259.0,19116.0,24770.0,38319.0,18763.0,82182.0,13806.0,16193.0,27611.0,10975.0,143112.0,218401.0,6599.0,9968.0,5883.0,1068.0,47811.0,67987.0,11816.0,18921.0,6169.0,4640.0,10186.0,2957.0,3630.0,6500.0,8066.0,35016.0,7166.0,47404.0,13411.0,27202.0,19630.0,338512.0,18479.0,59717.0,7146.0,11731.0,2669.0,1976.0,7323.0,1122.0,1280.0,1618.0,1929.0,15488.0,3340.0,18038.0,9234.0,13584.0,7649.0,182323.0,12211.0,2094.0,2175.0,2964.0,1394.0,644.0,760.0,512.0,949.0,1251.0,2187.0,7722.0,2632.0,22444.0,2198.0,6732.0,5006.0,73875.0,13718.0,2711.0,1339.0,3095.0,869.0,659.0,863.0,520.0,743.0,2690.0,1730.0,10031.0,900.0,4875.0,963.0,4518.0,3115.0,53339.0,3403.0,3465.0,1156.0,1131.0,1237.0,1361.0,1240.0,803.0,658.0,941.0,2220.0,1775.0,294.0,2047.0,1016.0,2368.0,3860.0,28975.0,100.0,7200.0,1000.0,500.0,36100.0,2100.0,3200.0,300.0,200.0,2300.0,800.0,53800.0,300.0,3000.0,3700.0,1200.0,1600.0,500.0,700.0,24900.0,800.0,36600.0,2200.0,4600.0,600.0,500.0,800.0,2400.0,11400.0,400.0,700.0,1800.0,1700.0,500.0,1500.0,6600.0,200.0,,27600.0,8100.0,5900.0,11100.0,9800.0,2700.0,600.0,65900.0,6200.0,12900.0,5600.0,1800.0,3100.0,100.0,29800.0,2500.0,400.0,400.0,900.0,4600.0,600.0,200.0,3400.0,100.0,300.0,27200.0,800.0,32500.0,600.0,3000.0,1000.0,4600.0,700.0,246600.0,606.0,798.0,194.0,81.0,260.0,1939.0,13988.0,12584.0,10218.0,4030.0,40820.0,12571.0,2288.0,2093.0,1313.0,18265.0,1651.0,923.0,195.0,507.0,3276.0,455.0,65.0,286.0,897.0,117.0,221.0,14794.0,3341.0,2392.0,2132.0,22659.0,12883.0,819.0,442.0,754.0,14898.0,3055.0,351.0,65.0,247.0,3718.0,1014.0,364.0,247.0,1820.0,260.0,260.0,65.0,117.0,702.0,702.0,104.0,481.0,221.0,1508.0,17927.0,1911.0,1313.0,1547.0,22698.0,949.0,169.0,520.0,260.0,1898.0,351.0,234.0,117.0,104.0,806.0,455.0,169.0,130.0,182.0,936.0,195.0,117.0,429.0,143.0,65.0,78.0,78.0,364.0,130.0,260.0,117.0,195.0,702.0,2223.0,1014.0,1040.0,858.0,5135.0,20150.0,2925.0,2353.0,2405.0,27833.0,6877.0,5837.0,1040.0,663.0,14417.0,1326.0,169.0,273.0,299.0,2067.0,351.0,130.0,546.0,8554.0,6136.0,1365.0,975.0,17030.0,3835.0,507.0,299.0,637.0,5278.0,689.0,299.0,1170.0,676.0,234.0,78.0,1040.0,1027.0,130.0,416.0,403.0,1976.0,390.0,26.0,104.0,117.0,637.0,6617.0,1196.0,962.0,1326.0,10101.0,15171.0,7332.0,2327.0,2301.0,27131.0,637.0,507.0,130.0,221.0,1495.0,1287.0,1742.0,377.0,897.0,4303.0,1820.0,1053.0,546.0,2821.0,6240.0,3744.0,3302.0,1053.0,3939.0,12038.0,67847.0,29484.0,18343.0,14807.0,130481.0,20832.0,6554.0,31994.0,6189.0,17004.0,107.0,8589.0,285.0,75.0,10528.0,13154.0,3178.0
1998-04-30,,,76468.0,17322.0,24236.0,30606.0,19881.0,70179.0,16007.0,29439.0,27823.0,16709.0,162587.0,197058.0,6680.0,10233.0,6450.0,1222.0,60449.0,63967.0,15835.0,21908.0,9813.0,7651.0,12631.0,6002.0,3848.0,5545.0,9767.0,31542.0,5443.0,37143.0,9888.0,19738.0,19869.0,341039.0,23914.0,56015.0,9793.0,15170.0,5655.0,3745.0,9772.0,3708.0,1472.0,1378.0,3685.0,14295.0,2033.0,14215.0,7184.0,9441.0,7939.0,189414.0,21572.0,1328.0,3694.0,3628.0,2520.0,1204.0,612.0,1020.0,916.0,802.0,3095.0,6842.0,2155.0,17726.0,1363.0,4474.0,5543.0,78494.0,9676.0,3254.0,1316.0,1818.0,840.0,906.0,822.0,347.0,717.0,2616.0,1320.0,7964.0,821.0,3240.0,845.0,3756.0,2770.0,43028.0,5287.0,3370.0,1032.0,1292.0,798.0,1796.0,1425.0,927.0,743.0,749.0,1667.0,2441.0,434.0,1962.0,496.0,2067.0,3617.0,30103.0,200.0,9700.0,600.0,900.0,44400.0,2300.0,3200.0,200.0,400.0,1900.0,600.0,64300.0,800.0,3800.0,3600.0,1300.0,2000.0,400.0,1000.0,29900.0,1100.0,43900.0,3100.0,6300.0,500.0,500.0,1100.0,3100.0,15100.0,200.0,1100.0,1200.0,2300.0,400.0,1000.0,6300.0,600.0,,24500.0,8400.0,5600.0,9900.0,11100.0,3900.0,300.0,64200.0,7100.0,12600.0,4900.0,1400.0,2000.0,0.0,28100.0,2900.0,100.0,1200.0,600.0,5300.0,200.0,0.0,3400.0,300.0,300.0,24300.0,500.0,28900.0,300.0,2900.0,1700.0,5000.0,1400.0,262500.0,330.0,409.0,178.0,36.0,287.0,1240.0,15924.0,16872.0,8436.0,4716.0,45948.0,7284.0,2052.0,1752.0,1284.0,12372.0,960.0,540.0,192.0,432.0,2124.0,468.0,48.0,180.0,732.0,96.0,216.0,8808.0,2676.0,2040.0,1920.0,15444.0,8340.0,552.0,576.0,528.0,9996.0,1932.0,600.0,72.0,240.0,2844.0,1812.0,840.0,120.0,2892.0,516.0,216.0,156.0,120.0,1008.0,492.0,144.0,504.0,156.0,1296.0,13092.0,2364.0,1440.0,1164.0,18060.0,1056.0,264.0,228.0,132.0,1680.0,804.0,324.0,168.0,84.0,1380.0,1560.0,300.0,36.0,216.0,2112.0,264.0,36.0,384.0,300.0,72.0,60.0,144.0,576.0,216.0,264.0,108.0,132.0,720.0,4200.0,1260.0,636.0,756.0,6852.0,17292.0,3624.0,2076.0,1920.0,24912.0,4356.0,4212.0,816.0,708.0,10092.0,624.0,168.0,108.0,264.0,1164.0,240.0,72.0,360.0,5220.0,4452.0,936.0,1008.0,11616.0,2328.0,216.0,132.0,216.0,2892.0,300.0,240.0,696.0,372.0,180.0,48.0,624.0,852.0,132.0,264.0,204.0,1452.0,144.0,60.0,108.0,60.0,372.0,3996.0,828.0,672.0,540.0,6036.0,9216.0,5280.0,1608.0,1548.0,17652.0,612.0,588.0,120.0,108.0,1428.0,1104.0,1932.0,372.0,984.0,4392.0,1692.0,1380.0,396.0,2436.0,5904.0,3408.0,3900.0,888.0,3528.0,11724.0,54648.0,32352.0,15048.0,13632.0,115680.0,38597.0,52674.0,116108.0,11084.0,34404.0,3826.0,38968.0,17233.0,10293.0,7069.0,31938.0,3765.0
1998-05-31,,,71353.0,16402.0,22833.0,26642.0,16316.0,88680.0,16045.0,26007.0,26580.0,12149.0,146929.0,212904.0,6450.0,10096.0,6232.0,1188.0,56383.0,55427.0,8398.0,20358.0,11969.0,8483.0,11940.0,3411.0,3847.0,6462.0,9730.0,24441.0,3530.0,22753.0,6284.0,14801.0,15246.0,283463.0,24234.0,50034.0,4424.0,13965.0,8131.0,3399.0,9548.0,2043.0,1527.0,1532.0,3805.0,9253.0,1515.0,9327.0,4119.0,6707.0,5512.0,159075.0,16488.0,732.0,1880.0,2689.0,2097.0,2345.0,473.0,372.0,885.0,1125.0,2863.0,4507.0,923.0,7765.0,756.0,2740.0,3709.0,52349.0,12252.0,2468.0,1718.0,2719.0,882.0,948.0,780.0,471.0,762.0,2814.0,1214.0,8847.0,839.0,3697.0,1083.0,3577.0,3186.0,48257.0,3409.0,2193.0,376.0,985.0,859.0,1791.0,1139.0,525.0,673.0,991.0,1848.0,1834.0,253.0,1964.0,326.0,1777.0,2839.0,23782.0,100.0,7800.0,400.0,1200.0,30100.0,1900.0,2700.0,800.0,100.0,2500.0,900.0,48600.0,600.0,4300.0,3700.0,2500.0,2900.0,1100.0,1200.0,40600.0,1900.0,58900.0,7000.0,8500.0,1500.0,1000.0,1800.0,5900.0,27800.0,300.0,1000.0,2300.0,2900.0,300.0,1300.0,8100.0,100.0,,23800.0,8300.0,5000.0,9700.0,9600.0,2700.0,700.0,59900.0,6300.0,9900.0,3400.0,1700.0,2000.0,100.0,23400.0,1500.0,100.0,500.0,500.0,3000.0,200.0,200.0,4900.0,600.0,100.0,31200.0,600.0,37900.0,700.0,1800.0,900.0,3400.0,1800.0,272800.0,226.0,470.0,156.0,99.0,183.0,1134.0,7690.0,10890.0,8940.0,3400.0,30920.0,4890.0,1330.0,1560.0,1140.0,8920.0,480.0,400.0,120.0,260.0,1260.0,300.0,60.0,70.0,500.0,70.0,120.0,5740.0,1820.0,1750.0,1490.0,10800.0,6480.0,310.0,560.0,380.0,7730.0,1240.0,260.0,50.0,160.0,1710.0,570.0,420.0,230.0,1330.0,260.0,370.0,80.0,80.0,790.0,490.0,270.0,650.0,70.0,1480.0,9050.0,1630.0,1570.0,800.0,13050.0,990.0,170.0,300.0,90.0,1550.0,840.0,300.0,60.0,70.0,1270.0,750.0,100.0,90.0,140.0,1080.0,210.0,170.0,510.0,700.0,90.0,30.0,70.0,890.0,220.0,140.0,80.0,170.0,610.0,3710.0,970.0,600.0,630.0,5910.0,12760.0,2600.0,2170.0,1430.0,18960.0,2900.0,2180.0,710.0,550.0,6340.0,420.0,30.0,130.0,110.0,690.0,160.0,130.0,320.0,3480.0,2340.0,870.0,660.0,7350.0,800.0,210.0,150.0,210.0,1370.0,160.0,120.0,360.0,210.0,20.0,40.0,300.0,400.0,60.0,210.0,140.0,810.0,90.0,40.0,520.0,370.0,1020.0,1660.0,450.0,940.0,810.0,3860.0,5140.0,2790.0,1810.0,1470.0,11210.0,240.0,360.0,130.0,60.0,790.0,1150.0,1690.0,410.0,1110.0,4360.0,1010.0,960.0,480.0,1860.0,4310.0,2400.0,3010.0,1020.0,3030.0,9460.0,33730.0,21110.0,15690.0,10820.0,81350.0,288776.0,47185.0,291972.0,3607.0,27703.0,24739.0,67396.0,76768.0,17702.0,4767.0,20684.0,3422.0
1998-06-30,,,67198.0,13640.0,25492.0,24006.0,13404.0,99756.0,15982.0,18262.0,33748.0,9086.0,155747.0,196855.0,6245.0,10238.0,6178.0,1129.0,68111.0,49126.0,10474.0,33788.0,7045.0,6155.0,16443.0,2062.0,3866.0,5478.0,7414.0,29401.0,3423.0,22851.0,5757.0,16830.0,16014.0,304238.0,35900.0,44511.0,5260.0,26692.0,3672.0,2917.0,12858.0,806.0,1494.0,1093.0,2574.0,9912.0,1171.0,9050.0,3597.0,7522.0,6083.0,175112.0,17014.0,922.0,3196.0,3147.0,1858.0,1258.0,932.0,343.0,1094.0,968.0,2354.0,6378.0,1069.0,9071.0,984.0,4795.0,4015.0,59398.0,10555.0,2033.0,1213.0,2761.0,948.0,711.0,656.0,386.0,665.0,2386.0,1228.0,6562.0,774.0,2649.0,754.0,2730.0,2637.0,39648.0,4642.0,1660.0,805.0,1188.0,567.0,1269.0,1997.0,527.0,613.0,1031.0,1258.0,6549.0,409.0,2081.0,422.0,1783.0,3279.0,30080.0,300.0,10700.0,300.0,1000.0,28000.0,2100.0,3700.0,900.0,500.0,2000.0,1200.0,50800.0,700.0,4200.0,4400.0,2100.0,2200.0,1300.0,1000.0,38500.0,1900.0,56300.0,7800.0,7200.0,1000.0,600.0,1900.0,6500.0,27300.0,500.0,700.0,1900.0,2000.0,300.0,1600.0,7000.0,100.0,,25900.0,9500.0,4000.0,10000.0,11800.0,3900.0,600.0,65800.0,7400.0,11300.0,4600.0,1900.0,3500.0,100.0,28800.0,1900.0,200.0,900.0,600.0,3600.0,400.0,400.0,4900.0,400.0,200.0,29400.0,700.0,36400.0,800.0,1700.0,1400.0,3900.0,2400.0,282300.0,323.0,426.0,82.0,27.0,156.0,1014.0,8703.0,10242.0,9063.0,3429.0,31437.0,4824.0,1656.0,1431.0,1701.0,9612.0,315.0,378.0,153.0,225.0,1071.0,243.0,63.0,99.0,432.0,81.0,135.0,5463.0,2124.0,1611.0,2052.0,11250.0,6759.0,324.0,405.0,360.0,7848.0,1377.0,549.0,63.0,234.0,2223.0,774.0,360.0,171.0,1458.0,396.0,324.0,81.0,63.0,864.0,279.0,198.0,486.0,198.0,1161.0,9603.0,1755.0,1215.0,1008.0,13581.0,1791.0,324.0,180.0,126.0,2421.0,279.0,198.0,126.0,45.0,648.0,333.0,135.0,63.0,63.0,594.0,207.0,135.0,450.0,171.0,90.0,63.0,99.0,423.0,81.0,180.0,72.0,162.0,495.0,2862.0,1062.0,567.0,540.0,5031.0,12465.0,2817.0,1782.0,1548.0,18612.0,2619.0,2025.0,693.0,630.0,5967.0,270.0,99.0,135.0,198.0,702.0,198.0,72.0,387.0,3087.0,2196.0,873.0,900.0,7056.0,477.0,162.0,162.0,117.0,918.0,117.0,162.0,423.0,117.0,63.0,54.0,288.0,342.0,144.0,216.0,198.0,900.0,63.0,72.0,72.0,99.0,306.0,1116.0,603.0,603.0,513.0,2835.0,4203.0,2799.0,1476.0,1413.0,9891.0,378.0,423.0,81.0,108.0,990.0,882.0,1395.0,324.0,936.0,3537.0,954.0,1152.0,414.0,1980.0,4500.0,2214.0,2970.0,819.0,3024.0,9027.0,33048.0,20952.0,14751.0,11466.0,80217.0,336208.0,66574.0,307221.0,9055.0,71614.0,35524.0,68571.0,78694.0,21562.0,5641.0,29898.0,7496.0
1998-07-31,,,67310.0,16710.0,25021.0,24498.0,12145.0,107811.0,17001.0,16725.0,21791.0,9861.0,171641.0,259448.0,5877.0,10414.0,7025.0,1229.0,78554.0,66666.0,14735.0,14387.0,8745.0,8965.0,16480.0,4181.0,5906.0,7943.0,8055.0,34654.0,5824.0,28673.0,8471.0,31474.0,28602.0,372315.0,38041.0,53331.0,6597.0,5563.0,3551.0,2577.0,11186.0,1351.0,1918.0,1494.0,1612.0,12231.0,1803.0,12631.0,5014.0,13735.0,11263.0,183898.0,17606.0,1448.0,3172.0,1572.0,1340.0,1125.0,1005.0,743.0,1365.0,1383.0,2005.0,7382.0,1702.0,8201.0,1349.0,6015.0,4854.0,62267.0,13483.0,2336.0,1442.0,2219.0,884.0,686.0,440.0,356.0,815.0,2406.0,1185.0,7096.0,1082.0,3142.0,604.0,2494.0,2655.0,43325.0,9424.0,9551.0,3524.0,5033.0,2970.0,4577.0,3849.0,1731.0,1808.0,2660.0,3253.0,7945.0,1237.0,4699.0,1504.0,9230.0,9830.0,82825.0,400.0,9100.0,500.0,1600.0,38000.0,2200.0,3400.0,1100.0,100.0,2600.0,1100.0,60200.0,700.0,3300.0,3100.0,2300.0,1800.0,1100.0,1200.0,31200.0,1800.0,46500.0,7000.0,6600.0,400.0,500.0,1100.0,4400.0,21700.0,700.0,500.0,3000.0,1400.0,300.0,1600.0,7400.0,100.0,,33300.0,9200.0,3800.0,10300.0,12200.0,3100.0,400.0,72400.0,5200.0,8900.0,4300.0,1200.0,2100.0,100.0,21800.0,1900.0,100.0,800.0,1000.0,3900.0,300.0,300.0,5700.0,200.0,200.0,22900.0,900.0,30600.0,300.0,2300.0,1200.0,3800.0,2800.0,271100.0,573.0,819.0,238.0,99.0,233.0,1962.0,15600.0,11484.0,8280.0,4524.0,39888.0,6012.0,1872.0,1380.0,2040.0,11304.0,744.0,648.0,192.0,360.0,1944.0,432.0,96.0,336.0,912.0,120.0,156.0,7308.0,2640.0,1620.0,2748.0,14316.0,11568.0,600.0,588.0,888.0,13644.0,1824.0,1056.0,48.0,708.0,3636.0,1608.0,672.0,192.0,2796.0,732.0,648.0,144.0,168.0,1692.0,264.0,216.0,516.0,144.0,1140.0,16020.0,3204.0,1488.0,2256.0,22968.0,516.0,180.0,288.0,132.0,1116.0,336.0,264.0,96.0,60.0,756.0,504.0,252.0,48.0,180.0,984.0,348.0,204.0,612.0,72.0,72.0,60.0,36.0,240.0,120.0,228.0,24.0,204.0,576.0,1896.0,1200.0,552.0,636.0,4284.0,17916.0,4404.0,2040.0,2892.0,27252.0,3060.0,2832.0,696.0,888.0,7476.0,384.0,84.0,96.0,264.0,828.0,216.0,108.0,420.0,3660.0,3024.0,804.0,1236.0,8724.0,744.0,216.0,204.0,192.0,1356.0,336.0,276.0,732.0,252.0,96.0,24.0,468.0,936.0,300.0,228.0,312.0,1776.0,96.0,120.0,72.0,48.0,336.0,2364.0,1008.0,552.0,744.0,4668.0,6024.0,4032.0,1356.0,1980.0,13392.0,816.0,444.0,108.0,168.0,1536.0,1272.0,1512.0,396.0,1020.0,4200.0,1464.0,1320.0,300.0,2832.0,5916.0,3552.0,3276.0,804.0,4020.0,11652.0,50400.0,25836.0,14100.0,16164.0,106500.0,380707.0,101844.0,381902.0,17759.0,165954.0,58938.0,127418.0,105219.0,26476.0,4809.0,27325.0,6961.0
1998-08-31,,,59948.0,15751.0,21794.0,24151.0,12976.0,104875.0,18620.0,18909.0,23751.0,9186.0,174098.0,275662.0,2939.0,10660.0,7349.0,1322.0,66556.0,74576.0,10590.0,14153.0,7368.0,6461.0,13315.0,3163.0,5369.0,6336.0,6486.0,25116.0,4385.0,23775.0,8821.0,26841.0,20413.0,323724.0,29872.0,58679.0,5741.0,7100.0,3824.0,1868.0,9673.0,1440.0,2433.0,1345.0,1365.0,9584.0,1397.0,9015.0,5486.0,12050.0,7628.0,168500.0,15854.0,1550.0,1681.0,1673.0,1196.0,1264.0,484.0,432.0,1195.0,979.0,1781.0,5051.0,1590.0,7886.0,1122.0,3753.0,3675.0,51166.0,12622.0,2728.0,1526.0,2462.0,891.0,773.0,521.0,547.0,730.0,2323.0,1127.0,6389.0,610.0,2461.0,844.0,2475.0,2456.0,41485.0,8208.0,11619.0,1642.0,2918.0,1457.0,2556.0,2637.0,744.0,1011.0,1689.0,2213.0,4092.0,788.0,4413.0,1369.0,8563.0,6654.0,62573.0,200.0,7900.0,200.0,800.0,36800.0,2200.0,3500.0,600.0,200.0,3500.0,400.0,56200.0,1100.0,3200.0,4100.0,2500.0,1700.0,600.0,1400.0,31600.0,1100.0,47300.0,3800.0,7100.0,800.0,500.0,900.0,4600.0,18800.0,500.0,600.0,1800.0,1800.0,400.0,1100.0,6200.0,100.0,,34500.0,9000.0,2700.0,10700.0,11700.0,2900.0,500.0,72100.0,5700.0,10800.0,3200.0,1200.0,2900.0,100.0,24000.0,1600.0,100.0,1000.0,400.0,3200.0,400.0,300.0,5700.0,300.0,400.0,22300.0,500.0,29800.0,700.0,2700.0,1800.0,5200.0,2800.0,265600.0,377.0,395.0,176.0,26.0,158.0,1132.0,14400.0,9240.0,9012.0,4332.0,36984.0,3312.0,1584.0,1464.0,1152.0,7512.0,624.0,600.0,144.0,312.0,1680.0,252.0,72.0,84.0,444.0,72.0,144.0,4260.0,2292.0,1680.0,1548.0,9780.0,11772.0,660.0,480.0,624.0,13536.0,1800.0,372.0,96.0,288.0,2556.0,1128.0,408.0,204.0,1920.0,792.0,372.0,48.0,156.0,1368.0,144.0,156.0,480.0,180.0,960.0,15672.0,1968.0,1320.0,1440.0,20400.0,600.0,180.0,324.0,84.0,1188.0,300.0,180.0,120.0,36.0,636.0,564.0,132.0,24.0,84.0,804.0,336.0,120.0,540.0,60.0,84.0,60.0,60.0,264.0,144.0,168.0,24.0,132.0,468.0,2004.0,864.0,576.0,456.0,3900.0,17676.0,2832.0,1896.0,1896.0,24300.0,3156.0,2520.0,564.0,864.0,7104.0,276.0,84.0,144.0,108.0,612.0,276.0,72.0,396.0,3708.0,2676.0,744.0,984.0,8112.0,828.0,120.0,168.0,252.0,1368.0,216.0,204.0,504.0,144.0,60.0,48.0,300.0,1356.0,264.0,240.0,312.0,2172.0,96.0,60.0,48.0,60.0,264.0,2640.0,708.0,540.0,720.0,4608.0,6348.0,3384.0,1284.0,1704.0,12720.0,264.0,408.0,36.0,36.0,744.0,1008.0,1440.0,300.0,1104.0,3852.0,1656.0,1068.0,420.0,2148.0,5292.0,2928.0,2916.0,756.0,3288.0,9888.0,45612.0,20664.0,14628.0,12768.0,93672.0,386819.0,98393.0,373730.0,14904.0,184853.0,41044.0,97421.0,84521.0,29048.0,6989.0,25935.0,3900.0
1998-09-30,,,57766.0,12804.0,25533.0,25288.0,14225.0,115786.0,15565.0,14817.0,23550.0,9714.0,140425.0,197304.0,6555.0,10047.0,6410.0,1188.0,67153.0,59618.0,9157.0,15944.0,13028.0,6820.0,7834.0,5661.0,6350.0,5258.0,8234.0,22816.0,5038.0,25855.0,8906.0,31352.0,24877.0,323901.0,26132.0,33844.0,4358.0,6604.0,5107.0,1565.0,4014.0,1973.0,2232.0,767.0,1725.0,7590.0,1683.0,9617.0,5161.0,11583.0,6338.0,130293.0,14594.0,1373.0,1495.0,1899.0,1615.0,1215.0,458.0,668.0,1372.0,1257.0,2001.0,3453.0,1223.0,7688.0,1040.0,4705.0,5057.0,51113.0,8815.0,1724.0,974.0,2572.0,755.0,609.0,478.0,1682.0,1257.0,1872.0,1409.0,6481.0,832.0,2260.0,1071.0,3939.0,2994.0,39724.0,17612.0,22677.0,2330.0,4869.0,5551.0,3431.0,2884.0,1338.0,1489.0,1362.0,3099.0,5292.0,1300.0,6290.0,1634.0,11125.0,10488.0,102771.0,100.0,9300.0,500.0,900.0,44700.0,3000.0,3400.0,500.0,500.0,3500.0,800.0,67200.0,1000.0,5100.0,3800.0,1900.0,1400.0,500.0,1200.0,34000.0,1200.0,50100.0,4900.0,9400.0,700.0,100.0,1200.0,2800.0,19400.0,700.0,1100.0,1300.0,2000.0,600.0,1600.0,7500.0,100.0,,39100.0,10400.0,3900.0,11000.0,14600.0,4200.0,700.0,84000.0,9300.0,9900.0,7500.0,1700.0,2500.0,0.0,31000.0,3100.0,100.0,600.0,600.0,5400.0,600.0,500.0,3900.0,300.0,500.0,34800.0,400.0,41100.0,700.0,3200.0,1800.0,5700.0,2100.0,313500.0,593.0,806.0,350.0,36.0,219.0,2004.0,20868.0,13428.0,8616.0,4116.0,47028.0,4296.0,876.0,1488.0,1248.0,7908.0,624.0,276.0,168.0,204.0,1272.0,516.0,12.0,60.0,636.0,60.0,132.0,5496.0,1212.0,1728.0,1512.0,9948.0,8568.0,600.0,312.0,552.0,10032.0,1992.0,408.0,36.0,180.0,2616.0,912.0,444.0,156.0,1668.0,516.0,336.0,96.0,108.0,1056.0,324.0,156.0,540.0,96.0,1116.0,12324.0,1956.0,1140.0,1092.0,16512.0,864.0,192.0,252.0,132.0,1440.0,1176.0,192.0,132.0,36.0,1536.0,552.0,120.0,48.0,96.0,816.0,144.0,204.0,516.0,144.0,72.0,0.0,84.0,300.0,156.0,96.0,60.0,204.0,516.0,3036.0,876.0,576.0,636.0,5124.0,15360.0,2832.0,1716.0,1728.0,21636.0,3240.0,2208.0,600.0,624.0,6672.0,480.0,132.0,168.0,216.0,996.0,252.0,48.0,432.0,3972.0,2388.0,840.0,900.0,8100.0,1536.0,120.0,168.0,204.0,2028.0,384.0,96.0,612.0,360.0,48.0,36.0,564.0,636.0,168.0,168.0,180.0,1152.0,120.0,60.0,36.0,132.0,348.0,3036.0,492.0,468.0,708.0,4704.0,7008.0,2880.0,1308.0,1608.0,12804.0,456.0,492.0,48.0,48.0,1044.0,1116.0,1608.0,432.0,1428.0,4584.0,1716.0,996.0,432.0,2352.0,5496.0,3288.0,3096.0,912.0,3828.0,11124.0,52020.0,23448.0,14280.0,12792.0,102540.0,355971.0,60015.0,343728.0,15182.0,77995.0,43887.0,74626.0,71106.0,23578.0,5253.0,19696.0,4525.0
1998-10-31,,,89328.0,20712.0,26546.0,34885.0,20450.0,80786.0,18491.0,18310.0,26804.0,14095.0,161644.0,220706.0,7625.0,10983.0,7181.0,1398.0,70509.0,52788.0,11271.0,15968.0,8204.0,8217.0,9231.0,4916.0,5968.0,6445.0,8961.0,35055.0,6347.0,38390.0,13480.0,35254.0,23782.0,354786.0,33408.0,43196.0,6290.0,9351.0,4127.0,3457.0,6126.0,2726.0,2963.0,979.0,2658.0,15414.0,3458.0,16459.0,9715.0,18051.0,8398.0,186776.0,19415.0,1453.0,2239.0,1973.0,1591.0,1661.0,778.0,623.0,968.0,1097.0,2267.0,5787.0,1287.0,14220.0,1580.0,6756.0,5953.0,69648.0,11892.0,3576.0,1542.0,3090.0,1680.0,819.0,701.0,621.0,945.0,2655.0,1919.0,11057.0,967.0,4010.0,1282.0,5852.0,4206.0,56814.0,5794.0,4563.0,1200.0,1554.0,806.0,2280.0,1626.0,946.0,1092.0,1714.0,2117.0,2797.0,635.0,3701.0,903.0,4595.0,5225.0,41548.0,800.0,7800.0,100.0,1600.0,39400.0,3200.0,2800.0,400.0,200.0,2700.0,600.0,59700.0,400.0,3400.0,3200.0,2400.0,1400.0,600.0,700.0,23400.0,1200.0,36700.0,1300.0,3800.0,400.0,100.0,900.0,2300.0,9000.0,600.0,900.0,700.0,1100.0,700.0,1000.0,5000.0,200.0,,40600.0,10000.0,3700.0,11000.0,15000.0,2700.0,600.0,83600.0,8600.0,12200.0,5800.0,1300.0,2500.0,100.0,30500.0,3500.0,300.0,800.0,800.0,6000.0,600.0,500.0,2000.0,500.0,200.0,28100.0,600.0,32500.0,400.0,1800.0,1100.0,3400.0,1700.0,268000.0,417.0,667.0,248.0,71.0,262.0,1665.0,14690.0,13416.0,8541.0,4394.0,41041.0,10127.0,1235.0,1937.0,1586.0,14885.0,1352.0,390.0,208.0,390.0,2340.0,429.0,52.0,182.0,715.0,117.0,286.0,12025.0,1716.0,2223.0,2262.0,18226.0,9035.0,325.0,416.0,507.0,10283.0,2808.0,494.0,52.0,286.0,3640.0,1846.0,390.0,182.0,2678.0,819.0,390.0,130.0,143.0,1482.0,403.0,260.0,442.0,130.0,1235.0,14950.0,1859.0,1222.0,1326.0,19357.0,1235.0,195.0,338.0,338.0,2106.0,624.0,299.0,39.0,91.0,1053.0,1352.0,104.0,13.0,273.0,1742.0,325.0,91.0,546.0,247.0,156.0,26.0,91.0,520.0,91.0,247.0,52.0,273.0,663.0,3874.0,1092.0,494.0,1170.0,6630.0,18824.0,2951.0,1716.0,2496.0,25987.0,5044.0,3510.0,741.0,923.0,10218.0,1118.0,169.0,234.0,247.0,1768.0,208.0,130.0,403.0,6370.0,3809.0,1001.0,1209.0,12389.0,3614.0,260.0,195.0,312.0,4381.0,1079.0,299.0,1573.0,715.0,117.0,65.0,949.0,1313.0,195.0,338.0,416.0,2262.0,195.0,169.0,325.0,572.0,1261.0,6916.0,1040.0,1053.0,1417.0,10426.0,13286.0,4849.0,2054.0,2626.0,22815.0,390.0,481.0,78.0,156.0,1105.0,1352.0,1872.0,559.0,1495.0,5278.0,2379.0,1313.0,416.0,3302.0,7410.0,4121.0,3666.0,1053.0,4953.0,13793.0,62946.0,26598.0,15587.0,16731.0,121862.0,191690.0,29654.0,227364.0,8228.0,42032.0,15746.0,49101.0,31390.0,18803.0,7060.0,15848.0,2854.0
1998-11-30,,,80095.0,23253.0,23434.0,35126.0,18501.0,92120.0,18631.0,19381.0,36831.0,11560.0,152065.0,235836.0,7440.0,11110.0,6954.0,1308.0,53528.0,58159.0,10062.0,24784.0,9508.0,5991.0,10239.0,2884.0,8224.0,6423.0,8384.0,33590.0,7315.0,55768.0,12671.0,36448.0,23866.0,367844.0,21333.0,49748.0,5721.0,17130.0,4906.0,2858.0,8008.0,1383.0,4476.0,1231.0,2056.0,16560.0,3455.0,23461.0,8682.0,18919.0,9663.0,199590.0,15328.0,1455.0,1848.0,3370.0,2500.0,1009.0,491.0,506.0,1248.0,1103.0,2615.0,6721.0,2178.0,24725.0,1889.0,8008.0,6320.0,81314.0,12542.0,3414.0,1725.0,3175.0,1265.0,1027.0,730.0,476.0,1203.0,2738.0,1828.0,7245.0,1144.0,4467.0,1441.0,5173.0,4037.0,53630.0,4325.0,3542.0,768.0,1109.0,837.0,1097.0,1010.0,519.0,1297.0,1351.0,1885.0,3064.0,538.0,3115.0,659.0,4348.0,3846.0,33310.0,700.0,8400.0,300.0,1500.0,41000.0,2600.0,3800.0,800.0,500.0,4000.0,900.0,64500.0,500.0,2200.0,2800.0,900.0,1200.0,500.0,500.0,17400.0,800.0,26700.0,1400.0,2400.0,300.0,400.0,1100.0,1800.0,7800.0,800.0,400.0,1300.0,900.0,1000.0,1500.0,5900.0,400.0,,31700.0,8900.0,4500.0,10900.0,12100.0,5400.0,1000.0,75000.0,5600.0,14600.0,4900.0,1600.0,3300.0,100.0,30200.0,7100.0,700.0,1300.0,1000.0,11100.0,1200.0,700.0,2900.0,500.0,100.0,23300.0,1300.0,30100.0,900.0,2000.0,1100.0,4000.0,1100.0,256500.0,511.0,590.0,206.0,185.0,296.0,1788.0,14820.0,13598.0,10660.0,4745.0,43823.0,12285.0,1508.0,1872.0,1690.0,17355.0,2353.0,780.0,208.0,390.0,3731.0,455.0,65.0,52.0,624.0,169.0,221.0,15262.0,2366.0,2158.0,2145.0,21931.0,13520.0,338.0,546.0,533.0,14937.0,2730.0,442.0,117.0,286.0,3575.0,1742.0,377.0,208.0,2418.0,1521.0,533.0,130.0,273.0,2457.0,455.0,143.0,572.0,286.0,1456.0,19981.0,1833.0,1599.0,1495.0,24908.0,2470.0,312.0,442.0,169.0,3393.0,1001.0,468.0,143.0,156.0,1768.0,611.0,65.0,104.0,104.0,884.0,130.0,104.0,338.0,130.0,169.0,91.0,91.0,481.0,221.0,143.0,65.0,182.0,611.0,4563.0,1261.0,871.0,780.0,7475.0,24544.0,3094.0,2470.0,2275.0,32383.0,9113.0,6981.0,1053.0,1001.0,18148.0,1651.0,325.0,273.0,481.0,2730.0,351.0,117.0,546.0,11115.0,7423.0,1365.0,1521.0,21424.0,5720.0,546.0,338.0,273.0,6877.0,1651.0,546.0,2457.0,1287.0,247.0,78.0,1742.0,2418.0,325.0,403.0,299.0,3445.0,403.0,78.0,182.0,364.0,1027.0,11479.0,1742.0,1105.0,1222.0,15548.0,22594.0,9165.0,2470.0,2743.0,36972.0,390.0,845.0,104.0,104.0,1443.0,1144.0,2145.0,403.0,1209.0,4901.0,2405.0,1521.0,390.0,3653.0,7969.0,3939.0,4511.0,897.0,4966.0,14313.0,81159.0,32734.0,18655.0,16874.0,149422.0,12604.0,8565.0,24121.0,5728.0,13075.0,343.0,5130.0,457.0,362.0,5408.0,9736.0,1794.0
1998-12-31,,,71345.0,21986.0,25671.0,29178.0,13783.0,106474.0,21092.0,25501.0,53587.0,22193.0,173133.0,263403.0,6796.0,11244.0,7385.0,1254.0,59959.0,65288.0,14496.0,36289.0,12622.0,11328.0,10422.0,6987.0,9651.0,6995.0,11393.0,36115.0,8810.0,69198.0,13558.0,46328.0,38145.0,457584.0,23082.0,55537.0,9577.0,28185.0,7796.0,6934.0,8190.0,4712.0,5453.0,2338.0,4513.0,16849.0,3420.0,30481.0,9006.0,23465.0,17342.0,256880.0,26028.0,3310.0,3091.0,3576.0,3052.0,1836.0,648.0,1291.0,1880.0,1318.0,3614.0,11638.0,4099.0,32820.0,3043.0,15733.0,12933.0,129910.0,6237.0,2184.0,866.0,2166.0,624.0,734.0,427.0,399.0,930.0,2285.0,1210.0,5195.0,434.0,1877.0,554.0,2418.0,2039.0,30579.0,4612.0,4257.0,962.0,2362.0,1150.0,1824.0,1157.0,585.0,1388.0,1054.0,2056.0,2433.0,857.0,4020.0,955.0,4712.0,5831.0,40215.0,1300.0,9800.0,400.0,1400.0,55800.0,2400.0,3500.0,1500.0,700.0,3600.0,1900.0,82500.0,1300.0,3600.0,2900.0,2100.0,1400.0,500.0,1600.0,24800.0,1100.0,39300.0,1800.0,3900.0,600.0,300.0,900.0,2800.0,10400.0,1400.0,1300.0,1500.0,800.0,300.0,1500.0,6800.0,300.0,,26100.0,11700.0,8800.0,10200.0,12600.0,7800.0,1200.0,78800.0,9200.0,17800.0,4700.0,1800.0,4300.0,0.0,37900.0,6200.0,300.0,2600.0,800.0,10700.0,1000.0,600.0,6000.0,1100.0,400.0,33300.0,1400.0,43800.0,800.0,3900.0,1900.0,6600.0,1400.0,318100.0,846.0,1228.0,304.0,96.0,331.0,2805.0,19410.0,32685.0,6105.0,3915.0,62115.0,9345.0,5055.0,1125.0,1470.0,16995.0,1665.0,1710.0,150.0,465.0,3990.0,750.0,225.0,135.0,1170.0,210.0,330.0,11970.0,7095.0,1350.0,2070.0,22485.0,14385.0,1110.0,330.0,600.0,16425.0,2640.0,540.0,15.0,285.0,3480.0,2775.0,885.0,180.0,4035.0,2565.0,885.0,165.0,240.0,3855.0,900.0,390.0,465.0,210.0,1965.0,23325.0,3810.0,1155.0,1530.0,29820.0,4875.0,750.0,180.0,135.0,5940.0,1200.0,765.0,90.0,60.0,2115.0,2340.0,225.0,90.0,60.0,2715.0,765.0,360.0,1200.0,300.0,120.0,30.0,120.0,570.0,450.0,585.0,75.0,225.0,1335.0,9930.0,2805.0,510.0,630.0,13875.0,33255.0,6615.0,1665.0,2160.0,43695.0,8355.0,13620.0,375.0,1020.0,23370.0,1980.0,990.0,150.0,150.0,3270.0,285.0,360.0,720.0,10620.0,14970.0,555.0,1215.0,27360.0,4365.0,855.0,120.0,150.0,5490.0,1950.0,1095.0,3210.0,1260.0,540.0,15.0,1905.0,1740.0,795.0,240.0,345.0,3120.0,330.0,255.0,285.0,150.0,1020.0,9645.0,3540.0,750.0,810.0,14745.0,20265.0,18510.0,1305.0,2025.0,42105.0,585.0,1395.0,15.0,75.0,2070.0,3750.0,5145.0,285.0,1650.0,10830.0,3735.0,2865.0,405.0,4815.0,11820.0,8070.0,9405.0,705.0,6540.0,24720.0,92970.0,74310.0,11130.0,16710.0,195120.0,14516.0,6656.0,14659.0,3561.0,10319.0,1601.0,5532.0,722.0,756.0,7304.0,10226.0,921.0
1999-01-31,,,65272.0,17988.0,29881.0,26237.0,12847.0,92234.0,23796.0,15636.0,22086.0,13170.0,159517.0,257085.0,7038.0,10610.0,6846.0,1140.0,47128.0,60607.0,8689.0,9784.0,7457.0,13253.0,12164.0,3174.0,12017.0,6692.0,7473.0,32583.0,8059.0,47879.0,12237.0,33544.0,28253.0,350993.0,21168.0,50468.0,3308.0,4116.0,3628.0,6811.0,8536.0,1080.0,6713.0,1794.0,1537.0,15389.0,3978.0,20772.0,7387.0,16624.0,13586.0,186895.0,13184.0,2232.0,1792.0,1333.0,1459.0,1428.0,774.0,295.0,1669.0,1019.0,1762.0,5388.0,2215.0,19410.0,2121.0,8071.0,5115.0,69267.0,7241.0,2673.0,1038.0,2041.0,565.0,811.0,387.0,342.0,770.0,1621.0,1305.0,6980.0,799.0,3712.0,836.0,2847.0,2456.0,36424.0,5535.0,5234.0,2551.0,2294.0,1805.0,4203.0,2467.0,1457.0,2865.0,2258.0,2869.0,4826.0,1067.0,3985.0,1893.0,6002.0,7096.0,58407.0,100.0,7500.0,600.0,1000.0,38400.0,1800.0,2800.0,400.0,300.0,2400.0,600.0,55700.0,700.0,2000.0,2500.0,1100.0,1100.0,300.0,800.0,13500.0,800.0,22800.0,800.0,2100.0,200.0,200.0,800.0,1400.0,5400.0,1100.0,800.0,1200.0,900.0,600.0,1500.0,6000.0,400.0,,29000.0,8600.0,5400.0,11500.0,10800.0,7900.0,800.0,74400.0,5800.0,12400.0,4300.0,1200.0,2400.0,200.0,26300.0,3100.0,100.0,800.0,400.0,4700.0,1300.0,300.0,4500.0,600.0,100.0,24600.0,500.0,31700.0,500.0,2300.0,1400.0,4200.0,1400.0,232700.0,1621.0,1457.0,381.0,91.0,237.0,3787.0,15168.0,16176.0,6112.0,4464.0,41920.0,12976.0,2336.0,1472.0,1760.0,18544.0,2672.0,1232.0,208.0,576.0,4688.0,1424.0,112.0,448.0,2016.0,112.0,224.0,17184.0,3728.0,1728.0,2832.0,25472.0,11824.0,480.0,416.0,976.0,13696.0,2288.0,576.0,48.0,432.0,3344.0,1008.0,352.0,176.0,1632.0,3280.0,880.0,160.0,272.0,4592.0,496.0,240.0,576.0,240.0,1552.0,18928.0,2544.0,1376.0,2016.0,24864.0,944.0,160.0,240.0,464.0,1808.0,848.0,112.0,48.0,80.0,1088.0,496.0,160.0,64.0,192.0,912.0,912.0,112.0,1136.0,144.0,96.0,64.0,64.0,368.0,224.0,224.0,112.0,208.0,768.0,3568.0,864.0,576.0,1072.0,6080.0,22496.0,3408.0,1952.0,3088.0,30944.0,10992.0,9104.0,736.0,992.0,21824.0,2368.0,416.0,192.0,208.0,3184.0,384.0,224.0,688.0,13744.0,9744.0,976.0,1232.0,25696.0,5680.0,640.0,160.0,240.0,6720.0,2160.0,944.0,3248.0,1360.0,256.0,112.0,1888.0,1792.0,480.0,224.0,288.0,2784.0,320.0,160.0,64.0,112.0,656.0,11312.0,2480.0,624.0,880.0,15296.0,25056.0,12224.0,1600.0,2112.0,40992.0,416.0,528.0,16.0,128.0,1088.0,2400.0,1920.0,288.0,1504.0,6112.0,3808.0,1584.0,192.0,4288.0,9872.0,6624.0,4032.0,496.0,5920.0,17072.0,86528.0,39568.0,11888.0,18416.0,156400.0,11426.0,6452.0,15296.0,2093.0,6898.0,617.0,3521.0,1173.0,351.0,6267.0,8954.0,2719.0
1999-02-28,,,50325.0,14599.0,17710.0,23539.0,12551.0,73924.0,19260.0,15415.0,18382.0,8901.0,157085.0,307609.0,5741.0,10237.0,7084.0,1131.0,40019.0,61811.0,20597.0,21734.0,15971.0,9059.0,17645.0,4076.0,7770.0,9668.0,9033.0,41539.0,9333.0,55357.0,15749.0,35198.0,23998.0,398557.0,13639.0,52843.0,12888.0,12749.0,8294.0,2836.0,13356.0,1789.0,4273.0,4349.0,2462.0,22197.0,5389.0,30271.0,11213.0,17951.0,10141.0,226640.0,10540.0,1957.0,2748.0,1856.0,1715.0,1182.0,1051.0,501.0,1193.0,1783.0,2027.0,5580.0,2109.0,17753.0,1937.0,7701.0,4924.0,66557.0,11262.0,2527.0,1693.0,2517.0,881.0,1051.0,628.0,336.0,729.0,1645.0,1323.0,8080.0,1006.0,3705.0,940.0,4080.0,3171.0,45574.0,4578.0,4484.0,3268.0,4612.0,5081.0,3990.0,2610.0,1450.0,1575.0,1891.0,3221.0,5682.0,829.0,3628.0,1659.0,5466.0,5762.0,59786.0,300.0,4300.0,400.0,500.0,37900.0,1800.0,1800.0,200.0,300.0,1300.0,600.0,49400.0,600.0,1900.0,1700.0,1100.0,700.0,600.0,900.0,16000.0,400.0,24000.0,1100.0,2700.0,300.0,200.0,700.0,1300.0,6600.0,500.0,400.0,700.0,500.0,600.0,900.0,3700.0,200.0,,21300.0,6900.0,4300.0,10200.0,8300.0,4400.0,500.0,56100.0,4900.0,10100.0,4200.0,1100.0,2200.0,300.0,22700.0,4000.0,500.0,700.0,700.0,6500.0,600.0,400.0,3700.0,200.0,300.0,19500.0,800.0,25400.0,300.0,1600.0,600.0,2500.0,1600.0,198500.0,830.0,614.0,329.0,28.0,245.0,2046.0,14027.0,13923.0,9750.0,3276.0,40976.0,15405.0,2496.0,2054.0,1937.0,21892.0,2769.0,988.0,247.0,377.0,4381.0,910.0,182.0,169.0,1287.0,143.0,221.0,19227.0,3679.0,2340.0,2535.0,27781.0,15288.0,884.0,585.0,936.0,17693.0,4290.0,975.0,91.0,377.0,5733.0,3393.0,910.0,221.0,4823.0,1976.0,494.0,91.0,273.0,2834.0,1001.0,299.0,130.0,234.0,1664.0,25974.0,3575.0,1118.0,2119.0,32786.0,1846.0,208.0,364.0,286.0,2704.0,988.0,208.0,91.0,273.0,1560.0,806.0,208.0,104.0,169.0,1287.0,156.0,117.0,442.0,182.0,117.0,26.0,91.0,416.0,299.0,169.0,65.0,260.0,793.0,4277.0,1027.0,689.0,1209.0,7202.0,30251.0,4602.0,1807.0,3328.0,39988.0,13936.0,9516.0,858.0,1274.0,25584.0,2197.0,182.0,221.0,416.0,3016.0,338.0,195.0,650.0,16471.0,9893.0,1157.0,1729.0,29250.0,5967.0,559.0,117.0,325.0,6968.0,1963.0,767.0,2964.0,1170.0,273.0,78.0,1599.0,1755.0,520.0,273.0,377.0,2925.0,442.0,169.0,78.0,234.0,923.0,11297.0,2288.0,624.0,1170.0,15379.0,27768.0,12181.0,1781.0,2899.0,44629.0,364.0,507.0,182.0,130.0,1183.0,1716.0,1859.0,429.0,1014.0,5018.0,3380.0,1352.0,364.0,4446.0,9542.0,5460.0,3718.0,975.0,5590.0,15743.0,96733.0,38103.0,16653.0,17628.0,169117.0,16368.0,9404.0,17955.0,1026.0,12168.0,1383.0,1369.0,291.0,223.0,13068.0,6824.0,690.0
1999-03-31,,,80869.0,22193.0,25703.0,35418.0,18132.0,106781.0,21006.0,22032.0,29479.0,20631.0,152634.0,236152.0,7795.0,10802.0,6926.0,1132.0,55868.0,71404.0,11632.0,21150.0,9837.0,7895.0,10613.0,4271.0,6699.0,6401.0,10632.0,39738.0,8051.0,57003.0,12444.0,30042.0,25299.0,388979.0,24258.0,62737.0,6397.0,13450.0,5163.0,3481.0,7807.0,2250.0,3864.0,1381.0,4280.0,20936.0,4279.0,25566.0,8333.0,14999.0,10504.0,219685.0,15885.0,1410.0,2433.0,2747.0,1983.0,1523.0,580.0,718.0,912.0,1057.0,2772.0,7647.0,2349.0,23853.0,1646.0,7539.0,7013.0,82067.0,10515.0,2676.0,1652.0,3273.0,1411.0,1085.0,845.0,496.0,722.0,2363.0,1298.0,8199.0,916.0,4178.0,1521.0,4614.0,3650.0,49414.0,5210.0,4581.0,1150.0,1680.0,1280.0,1806.0,1381.0,807.0,1201.0,1600.0,2282.0,2956.0,507.0,3406.0,944.0,2890.0,4132.0,37813.0,300.0,8400.0,600.0,300.0,45300.0,3500.0,2900.0,700.0,100.0,2000.0,700.0,64900.0,600.0,4300.0,3400.0,1700.0,700.0,300.0,1000.0,21900.0,700.0,34600.0,2700.0,5100.0,300.0,100.0,900.0,2400.0,11800.0,700.0,900.0,1700.0,1400.0,700.0,2700.0,8200.0,500.0,,24100.0,9200.0,5000.0,14200.0,11500.0,4700.0,400.0,69500.0,8500.0,11600.0,6200.0,1600.0,3700.0,300.0,31900.0,3700.0,400.0,1100.0,500.0,6100.0,900.0,300.0,3900.0,500.0,100.0,27100.0,1800.0,34600.0,400.0,3500.0,800.0,4700.0,2500.0,268900.0,934.0,591.0,226.0,77.0,238.0,2066.0,16185.0,15626.0,10166.0,3978.0,45955.0,13260.0,2483.0,1703.0,1235.0,18681.0,2340.0,676.0,260.0,533.0,3809.0,520.0,117.0,143.0,832.0,195.0,338.0,16315.0,3354.0,2028.0,1963.0,23660.0,11947.0,728.0,429.0,637.0,13741.0,2938.0,416.0,91.0,325.0,3770.0,1794.0,702.0,117.0,2743.0,2158.0,403.0,130.0,208.0,2899.0,377.0,221.0,546.0,156.0,1300.0,19266.0,2470.0,1313.0,1456.0,24505.0,1937.0,247.0,325.0,156.0,2665.0,637.0,364.0,169.0,26.0,1196.0,871.0,234.0,78.0,325.0,1508.0,143.0,182.0,442.0,208.0,104.0,78.0,91.0,481.0,286.0,208.0,78.0,182.0,754.0,4082.0,1339.0,793.0,832.0,7046.0,23348.0,3809.0,2106.0,2288.0,31551.0,8450.0,7670.0,832.0,767.0,17719.0,1248.0,286.0,260.0,234.0,2028.0,377.0,195.0,598.0,10075.0,8151.0,1105.0,1014.0,20345.0,3549.0,546.0,182.0,208.0,4485.0,689.0,442.0,1313.0,754.0,143.0,26.0,1014.0,1092.0,247.0,325.0,260.0,1924.0,364.0,156.0,130.0,130.0,780.0,6448.0,1534.0,728.0,806.0,9516.0,16523.0,9685.0,1833.0,1820.0,29861.0,780.0,793.0,143.0,117.0,1833.0,1352.0,1794.0,390.0,1001.0,4537.0,2600.0,1560.0,585.0,3302.0,8047.0,4732.0,4147.0,1118.0,4420.0,14417.0,77103.0,36621.0,17251.0,14469.0,145444.0,39801.0,17691.0,60038.0,7754.0,29320.0,1601.0,11735.0,2055.0,935.0,10840.0,11237.0,3223.0
1999-04-30,,,77311.0,19324.0,24144.0,31151.0,17944.0,76915.0,22523.0,27892.0,25677.0,22146.0,179167.0,249008.0,7392.0,10786.0,7274.0,1266.0,59375.0,56434.0,10040.0,15299.0,10591.0,6649.0,14348.0,12140.0,6870.0,6160.0,10623.0,31058.0,4943.0,33772.0,9415.0,23268.0,23154.0,334139.0,26321.0,46379.0,5451.0,9153.0,6297.0,2551.0,11027.0,8740.0,3711.0,1440.0,3882.0,14521.0,2117.0,15318.0,6461.0,10683.0,10154.0,184206.0,15433.0,1724.0,2037.0,2475.0,2202.0,1255.0,782.0,1097.0,864.0,766.0,2543.0,6643.0,1473.0,13059.0,1143.0,4315.0,5247.0,63058.0,10713.0,2404.0,1628.0,2513.0,976.0,999.0,802.0,839.0,1155.0,2721.0,2112.0,7202.0,829.0,3114.0,1238.0,5519.0,3392.0,48156.0,6908.0,5927.0,924.0,1158.0,1116.0,1844.0,1737.0,1464.0,1140.0,1233.0,2086.0,2692.0,524.0,2281.0,573.0,2751.0,4361.0,38719.0,800.0,9800.0,300.0,1000.0,40400.0,2300.0,3800.0,700.0,300.0,2500.0,700.0,62500.0,400.0,3100.0,3000.0,1200.0,1300.0,500.0,600.0,22000.0,1000.0,33000.0,2400.0,5900.0,200.0,0.0,1000.0,1400.0,11300.0,200.0,700.0,1500.0,1300.0,700.0,1400.0,5900.0,400.0,,22000.0,10600.0,4800.0,10600.0,8400.0,2900.0,300.0,60100.0,6100.0,12200.0,6000.0,1200.0,1900.0,0.0,27400.0,2600.0,100.0,1100.0,400.0,4900.0,400.0,200.0,3700.0,600.0,100.0,27600.0,1200.0,33900.0,200.0,2000.0,1200.0,3300.0,1800.0,244300.0,660.0,454.0,171.0,81.0,304.0,1670.0,16016.0,15938.0,8814.0,3536.0,44304.0,8307.0,2041.0,1365.0,1040.0,12753.0,1001.0,468.0,195.0,351.0,2015.0,468.0,78.0,130.0,741.0,169.0,195.0,9945.0,2600.0,1625.0,1534.0,15704.0,8398.0,520.0,481.0,494.0,9893.0,3692.0,533.0,39.0,299.0,4563.0,1547.0,481.0,104.0,2236.0,1482.0,455.0,143.0,143.0,2223.0,559.0,195.0,598.0,208.0,1560.0,15704.0,2197.0,1378.0,1248.0,20527.0,1066.0,195.0,351.0,78.0,1690.0,1092.0,390.0,130.0,130.0,1742.0,4641.0,338.0,91.0,624.0,5694.0,104.0,104.0,390.0,416.0,117.0,78.0,91.0,702.0,611.0,299.0,26.0,169.0,1105.0,7930.0,1443.0,754.0,1196.0,11323.0,23634.0,3640.0,2132.0,2444.0,31850.0,4563.0,4043.0,494.0,624.0,9724.0,728.0,156.0,169.0,91.0,1144.0,273.0,91.0,390.0,5564.0,4290.0,689.0,715.0,11258.0,1742.0,130.0,182.0,156.0,2210.0,390.0,195.0,741.0,416.0,78.0,13.0,546.0,936.0,130.0,273.0,156.0,1495.0,182.0,104.0,429.0,143.0,858.0,3666.0,637.0,1014.0,533.0,5850.0,9230.0,4927.0,1703.0,1248.0,17108.0,533.0,520.0,117.0,39.0,1209.0,1196.0,1599.0,260.0,1222.0,4277.0,2470.0,1417.0,442.0,2847.0,7176.0,4199.0,3536.0,819.0,4108.0,12662.0,63024.0,30641.0,15093.0,12870.0,121628.0,54371.0,59665.0,128315.0,7640.0,34639.0,9905.0,41396.0,21062.0,15463.0,6617.0,22939.0,3533.0
1999-05-31,,,67898.0,17435.0,23965.0,22574.0,13803.0,88561.0,19268.0,31239.0,29306.0,18668.0,160325.0,261447.0,6964.0,10454.0,6815.0,1134.0,52537.0,52313.0,7489.0,19864.0,16674.0,10523.0,13058.0,5201.0,6901.0,7125.0,10960.0,25793.0,3888.0,24131.0,6855.0,16350.0,18502.0,298164.0,20369.0,45326.0,3742.0,13110.0,10838.0,5182.0,10088.0,2968.0,3638.0,1706.0,4550.0,9560.0,1394.0,9270.0,4828.0,7213.0,6991.0,160773.0,13539.0,900.0,1617.0,2279.0,3192.0,2337.0,429.0,681.0,897.0,1048.0,2281.0,4610.0,1173.0,8884.0,531.0,2951.0,3679.0,51028.0,13700.0,2788.0,1362.0,3175.0,1177.0,1119.0,633.0,738.0,1123.0,2819.0,1587.0,8480.0,1030.0,3629.0,956.0,3968.0,3532.0,51816.0,4929.0,3299.0,768.0,1300.0,1467.0,1885.0,1908.0,814.0,1243.0,1552.0,2542.0,3143.0,291.0,2348.0,540.0,2218.0,4300.0,34547.0,200.0,10500.0,400.0,900.0,30900.0,2100.0,2600.0,700.0,200.0,2000.0,700.0,51100.0,700.0,4200.0,4300.0,2300.0,2500.0,800.0,1600.0,36200.0,2000.0,54500.0,5100.0,8000.0,1300.0,0.0,1800.0,3800.0,20600.0,1000.0,700.0,1200.0,1700.0,500.0,800.0,5900.0,400.0,,23100.0,7600.0,4100.0,9900.0,10100.0,3900.0,300.0,59500.0,6200.0,10600.0,4900.0,1700.0,2500.0,0.0,25900.0,1300.0,200.0,600.0,700.0,3100.0,300.0,200.0,5600.0,300.0,400.0,28900.0,800.0,36500.0,300.0,2000.0,800.0,3200.0,2100.0,262400.0,617.0,473.0,193.0,53.0,201.0,1537.0,7090.0,10420.0,10120.0,4050.0,31680.0,5030.0,1360.0,1590.0,1070.0,9050.0,470.0,320.0,230.0,360.0,1380.0,370.0,50.0,90.0,580.0,90.0,180.0,5960.0,1750.0,1920.0,1560.0,11190.0,7330.0,440.0,390.0,380.0,8540.0,2220.0,240.0,90.0,130.0,2680.0,660.0,390.0,180.0,1350.0,1460.0,350.0,90.0,160.0,2060.0,800.0,200.0,640.0,310.0,1950.0,12480.0,1620.0,1400.0,1100.0,16600.0,1460.0,160.0,360.0,160.0,2140.0,1390.0,200.0,100.0,90.0,1780.0,1630.0,230.0,20.0,110.0,1990.0,170.0,110.0,460.0,700.0,120.0,60.0,90.0,970.0,240.0,190.0,90.0,170.0,690.0,5590.0,1010.0,690.0,740.0,8030.0,18070.0,2630.0,2090.0,1840.0,24630.0,3290.0,2510.0,550.0,590.0,6940.0,450.0,120.0,80.0,110.0,760.0,180.0,80.0,360.0,3920.0,2710.0,660.0,770.0,8060.0,930.0,110.0,150.0,160.0,1350.0,230.0,140.0,510.0,140.0,70.0,80.0,340.0,430.0,150.0,210.0,190.0,980.0,80.0,40.0,360.0,280.0,760.0,1810.0,510.0,860.0,760.0,3940.0,5730.0,3220.0,1520.0,1530.0,12000.0,280.0,300.0,110.0,70.0,760.0,990.0,1650.0,440.0,1100.0,4180.0,1510.0,1250.0,380.0,2200.0,5340.0,2780.0,3200.0,930.0,3370.0,10280.0,39630.0,21220.0,16580.0,12350.0,89780.0,332836.0,52948.0,318205.0,6635.0,31160.0,30299.0,88469.0,74162.0,29807.0,4921.0,24676.0,5547.0
1999-06-30,,,69994.0,14650.0,22613.0,20142.0,12004.0,87185.0,20114.0,22470.0,40352.0,12651.0,162516.0,233513.0,6192.0,10598.0,6583.0,1147.0,67665.0,46113.0,9902.0,35185.0,8117.0,5256.0,11923.0,2926.0,6633.0,6129.0,7988.0,35643.0,3483.0,23249.0,7202.0,19196.0,20505.0,317115.0,34381.0,39641.0,5600.0,26876.0,4719.0,2287.0,9131.0,1439.0,3508.0,1214.0,2771.0,13544.0,1263.0,9676.0,4514.0,9184.0,8242.0,177990.0,17290.0,830.0,2173.0,3240.0,1679.0,1331.0,636.0,519.0,1176.0,1379.0,2260.0,7546.0,922.0,7948.0,1182.0,4690.0,5053.0,59854.0,10107.0,2615.0,1142.0,2580.0,949.0,568.0,333.0,409.0,739.0,1932.0,1209.0,6116.0,725.0,2994.0,723.0,2841.0,2799.0,38781.0,5887.0,3027.0,987.0,2489.0,770.0,1070.0,1823.0,559.0,1210.0,1604.0,1748.0,8437.0,573.0,2631.0,783.0,2481.0,4411.0,40490.0,300.0,11400.0,200.0,1100.0,29000.0,1800.0,4400.0,600.0,400.0,2300.0,500.0,52000.0,1200.0,5200.0,4400.0,3000.0,1800.0,1300.0,1000.0,34100.0,2200.0,54300.0,6000.0,9100.0,1500.0,100.0,2000.0,5300.0,25400.0,700.0,900.0,3900.0,2700.0,300.0,1600.0,10100.0,300.0,,24200.0,9600.0,4500.0,13200.0,10300.0,5500.0,900.0,68600.0,6700.0,11500.0,5800.0,1800.0,2000.0,200.0,28100.0,2200.0,100.0,800.0,700.0,4000.0,400.0,300.0,6200.0,500.0,100.0,31500.0,900.0,39800.0,500.0,2200.0,1200.0,3900.0,2900.0,289200.0,498.0,418.0,142.0,60.0,241.0,1359.0,8140.0,11033.0,9119.0,3696.0,31988.0,5819.0,2123.0,1144.0,1584.0,10670.0,407.0,385.0,132.0,253.0,1177.0,286.0,99.0,77.0,528.0,77.0,132.0,6589.0,2607.0,1353.0,1958.0,12507.0,5775.0,286.0,429.0,286.0,6776.0,1573.0,605.0,88.0,231.0,2497.0,1056.0,385.0,253.0,1782.0,1606.0,506.0,165.0,231.0,2508.0,418.0,341.0,682.0,286.0,1727.0,10472.0,2123.0,1617.0,1122.0,15334.0,2552.0,209.0,253.0,253.0,3267.0,605.0,143.0,22.0,121.0,891.0,440.0,99.0,33.0,187.0,759.0,253.0,110.0,473.0,187.0,99.0,66.0,33.0,385.0,132.0,231.0,55.0,286.0,704.0,4169.0,891.0,429.0,990.0,6479.0,14641.0,3014.0,2046.0,2112.0,21813.0,3234.0,2354.0,550.0,616.0,6754.0,407.0,99.0,55.0,99.0,660.0,220.0,99.0,385.0,3861.0,2552.0,638.0,748.0,7799.0,539.0,187.0,88.0,132.0,946.0,198.0,143.0,451.0,110.0,55.0,55.0,264.0,407.0,165.0,275.0,231.0,1078.0,77.0,99.0,44.0,88.0,308.0,1331.0,649.0,528.0,539.0,3047.0,5192.0,3201.0,1166.0,1287.0,10846.0,363.0,462.0,55.0,66.0,946.0,990.0,1496.0,352.0,1122.0,3960.0,1342.0,1232.0,462.0,2431.0,5467.0,2695.0,3190.0,869.0,3619.0,10373.0,37257.0,23045.0,14553.0,12672.0,87527.0,391475.0,66579.0,359342.0,7874.0,82243.0,50802.0,78057.0,84646.0,28548.0,5465.0,33909.0,6740.0
1999-07-31,,,72211.0,18571.0,23909.0,23707.0,12950.0,92960.0,27324.0,19533.0,26114.0,17731.0,190447.0,291015.0,6136.0,10728.0,7393.0,1260.0,67612.0,63594.0,15414.0,17064.0,9745.0,9123.0,17594.0,5267.0,9383.0,8694.0,8907.0,37764.0,5578.0,35239.0,9599.0,36279.0,31535.0,388391.0,31533.0,53606.0,7360.0,7388.0,4368.0,2824.0,12112.0,2016.0,4662.0,2072.0,2626.0,14544.0,2093.0,17351.0,6129.0,19860.0,15277.0,205821.0,17380.0,1807.0,3089.0,2407.0,1657.0,1356.0,947.0,720.0,1418.0,1232.0,2086.0,7354.0,1677.0,10162.0,1393.0,7210.0,5732.0,67627.0,12160.0,2694.0,2143.0,3290.0,1042.0,896.0,627.0,529.0,953.0,2375.0,1408.0,7012.0,915.0,3110.0,789.0,3221.0,3180.0,46344.0,6539.0,5487.0,2822.0,3979.0,2678.0,4047.0,3908.0,2002.0,2350.0,3015.0,2787.0,8854.0,893.0,4616.0,1288.0,5988.0,7346.0,68599.0,300.0,12800.0,500.0,1200.0,38700.0,1100.0,3100.0,900.0,600.0,3100.0,1100.0,63500.0,900.0,3200.0,2900.0,2100.0,1700.0,800.0,1100.0,26800.0,2100.0,41700.0,6400.0,6000.0,1000.0,300.0,1000.0,5400.0,21500.0,900.0,400.0,3200.0,1900.0,300.0,1100.0,7800.0,400.0,,35000.0,11900.0,3400.0,12900.0,12700.0,3800.0,400.0,80500.0,5700.0,10500.0,4400.0,1500.0,2000.0,400.0,24600.0,2000.0,200.0,1100.0,700.0,4000.0,600.0,300.0,5700.0,400.0,200.0,28400.0,1200.0,36700.0,500.0,2500.0,1300.0,4300.0,2100.0,286600.0,682.0,731.0,191.0,48.0,553.0,2205.0,14196.0,12124.0,9282.0,4998.0,40600.0,6300.0,2072.0,1456.0,1946.0,11774.0,700.0,602.0,112.0,364.0,1778.0,406.0,84.0,378.0,910.0,140.0,210.0,7546.0,2800.0,1610.0,2716.0,14672.0,10038.0,714.0,602.0,840.0,12194.0,1988.0,938.0,28.0,588.0,3542.0,1778.0,868.0,196.0,3066.0,2436.0,630.0,112.0,280.0,3458.0,434.0,294.0,546.0,392.0,1666.0,16688.0,3472.0,1484.0,2338.0,23982.0,714.0,252.0,308.0,154.0,1428.0,504.0,182.0,98.0,112.0,896.0,826.0,168.0,70.0,196.0,1260.0,196.0,70.0,392.0,98.0,84.0,84.0,42.0,308.0,182.0,154.0,70.0,294.0,700.0,2520.0,910.0,686.0,868.0,4984.0,19208.0,4382.0,2170.0,3206.0,28966.0,3668.0,3108.0,728.0,994.0,8498.0,308.0,210.0,42.0,378.0,938.0,350.0,238.0,700.0,4326.0,3556.0,840.0,1414.0,10136.0,546.0,154.0,322.0,266.0,1288.0,406.0,336.0,840.0,154.0,140.0,42.0,434.0,854.0,336.0,420.0,266.0,1876.0,112.0,112.0,28.0,98.0,350.0,2072.0,1078.0,840.0,798.0,4788.0,6398.0,4634.0,1680.0,2212.0,14924.0,532.0,392.0,70.0,98.0,1092.0,1624.0,1218.0,378.0,1260.0,4480.0,2016.0,1428.0,434.0,3220.0,7098.0,4172.0,3038.0,882.0,4578.0,12670.0,51520.0,26978.0,15624.0,17710.0,111832.0,415471.0,126142.0,438498.0,15554.0,203674.0,58063.0,112964.0,95257.0,30730.0,4719.0,33815.0,7740.0
1999-08-31,,,64821.0,17641.0,21084.0,24743.0,13806.0,111771.0,31481.0,24040.0,28085.0,13564.0,192983.0,296856.0,6590.0,11303.0,7870.0,1259.0,72821.0,69831.0,10784.0,16905.0,10045.0,6019.0,12292.0,3873.0,8348.0,7193.0,7901.0,30117.0,4559.0,33423.0,9096.0,29496.0,22885.0,355588.0,38805.0,61250.0,6838.0,11441.0,6223.0,2172.0,8990.0,2375.0,5110.0,2580.0,2152.0,12941.0,1857.0,15120.0,6368.0,17134.0,10843.0,212199.0,14521.0,2314.0,1907.0,1671.0,1699.0,1081.0,576.0,463.0,1137.0,985.0,1882.0,5135.0,1182.0,11346.0,1094.0,5156.0,4564.0,56713.0,13552.0,2305.0,1179.0,2818.0,1297.0,1232.0,640.0,419.0,915.0,2065.0,1699.0,8470.0,786.0,3143.0,971.0,3211.0,2546.0,47248.0,5943.0,3962.0,860.0,975.0,826.0,1534.0,2086.0,616.0,1186.0,1563.0,2168.0,3571.0,734.0,3814.0,663.0,3995.0,4932.0,39428.0,300.0,10500.0,400.0,700.0,39200.0,2200.0,3200.0,200.0,300.0,3300.0,700.0,60900.0,1200.0,4600.0,4000.0,2300.0,2100.0,700.0,900.0,36700.0,1300.0,53900.0,4800.0,5900.0,700.0,500.0,1900.0,4200.0,19300.0,300.0,800.0,1700.0,1400.0,400.0,1400.0,6000.0,300.0,,30600.0,10200.0,3300.0,12400.0,11300.0,2400.0,400.0,70900.0,5500.0,11700.0,3100.0,1300.0,2400.0,0.0,24100.0,1600.0,600.0,800.0,600.0,3600.0,500.0,300.0,5100.0,200.0,100.0,28200.0,600.0,35100.0,700.0,3400.0,900.0,5000.0,2300.0,281100.0,341.0,511.0,161.0,80.0,133.0,1226.0,15574.0,10101.0,10010.0,5070.0,40755.0,4524.0,1404.0,1963.0,1053.0,8944.0,663.0,494.0,221.0,169.0,1547.0,312.0,104.0,104.0,598.0,78.0,169.0,5577.0,2041.0,2301.0,1339.0,11258.0,10231.0,806.0,455.0,910.0,12402.0,1781.0,455.0,91.0,312.0,2639.0,1287.0,442.0,247.0,2145.0,2158.0,494.0,182.0,273.0,3107.0,507.0,169.0,546.0,338.0,1560.0,16016.0,2379.0,1521.0,2015.0,21931.0,715.0,208.0,351.0,130.0,1404.0,572.0,169.0,130.0,78.0,949.0,1014.0,117.0,52.0,195.0,1378.0,143.0,52.0,299.0,130.0,91.0,65.0,65.0,351.0,156.0,208.0,65.0,247.0,676.0,2730.0,845.0,689.0,793.0,5057.0,18746.0,3224.0,2210.0,2808.0,26988.0,3887.0,2951.0,676.0,403.0,7917.0,260.0,78.0,117.0,65.0,520.0,338.0,117.0,533.0,4485.0,3146.0,832.0,507.0,8970.0,832.0,234.0,195.0,130.0,1391.0,286.0,143.0,520.0,182.0,104.0,26.0,351.0,1625.0,221.0,234.0,455.0,2535.0,78.0,104.0,52.0,78.0,312.0,3003.0,806.0,546.0,754.0,5109.0,7488.0,3952.0,1378.0,1261.0,14079.0,195.0,325.0,156.0,52.0,728.0,1183.0,1573.0,416.0,1209.0,4381.0,1274.0,1183.0,572.0,2717.0,5837.0,2652.0,3081.0,1144.0,3640.0,10946.0,50037.0,22399.0,17043.0,13091.0,104026.0,469901.0,99696.0,433393.0,18544.0,198294.0,56279.0,117227.0,84775.0,28917.0,6968.0,27276.0,6505.0
1999-09-30,,,62960.0,13983.0,29428.0,26629.0,14821.0,116136.0,22284.0,21078.0,26351.0,11436.0,160555.0,229189.0,7538.0,10982.0,7357.0,1197.0,75299.0,54655.0,10712.0,21584.0,13618.0,5247.0,10073.0,3443.0,6826.0,6926.0,7718.0,27120.0,5124.0,39279.0,10870.0,31914.0,22684.0,353092.0,37953.0,47565.0,6435.0,14466.0,8414.0,1783.0,7109.0,1695.0,3430.0,2121.0,2220.0,11018.0,2304.0,17706.0,7919.0,16761.0,9053.0,197952.0,18998.0,1353.0,1836.0,2374.0,2503.0,1236.0,622.0,517.0,1011.0,1267.0,2103.0,5072.0,1319.0,14576.0,1140.0,5677.0,5366.0,66970.0,12091.0,2432.0,1376.0,3445.0,1749.0,865.0,539.0,531.0,1156.0,2119.0,1720.0,7632.0,815.0,3527.0,914.0,3910.0,3208.0,48029.0,6257.0,3305.0,1065.0,1299.0,952.0,1363.0,1803.0,700.0,1229.0,1419.0,1675.0,3398.0,686.0,3470.0,897.0,5566.0,5057.0,40141.0,1000.0,13800.0,600.0,1600.0,46000.0,3200.0,5300.0,900.0,600.0,4000.0,1200.0,78100.0,1900.0,5100.0,4000.0,3600.0,1600.0,600.0,1500.0,35200.0,1200.0,54700.0,3400.0,8000.0,800.0,200.0,1500.0,3900.0,18600.0,1100.0,900.0,1900.0,1600.0,200.0,1000.0,6700.0,100.0,,26300.0,11800.0,3700.0,14400.0,13700.0,3400.0,200.0,73700.0,10800.0,13200.0,9300.0,1400.0,2600.0,200.0,37600.0,2900.0,400.0,1400.0,800.0,6000.0,600.0,400.0,5900.0,300.0,100.0,37000.0,1300.0,45700.0,1100.0,3800.0,1700.0,6600.0,3000.0,330700.0,488.0,668.0,231.0,108.0,267.0,1762.0,21125.0,13611.0,9529.0,4771.0,49036.0,5239.0,1209.0,2184.0,1417.0,10049.0,806.0,364.0,169.0,182.0,1521.0,390.0,104.0,169.0,741.0,104.0,325.0,6539.0,1729.0,2470.0,1898.0,12636.0,7462.0,507.0,416.0,923.0,9308.0,1560.0,637.0,117.0,390.0,2704.0,884.0,442.0,390.0,1859.0,1807.0,429.0,208.0,559.0,3003.0,390.0,403.0,728.0,585.0,2106.0,12129.0,2431.0,1859.0,2600.0,19019.0,1521.0,286.0,364.0,130.0,2301.0,1040.0,208.0,39.0,221.0,1508.0,715.0,182.0,78.0,273.0,1248.0,52.0,130.0,351.0,221.0,143.0,130.0,169.0,663.0,65.0,143.0,130.0,598.0,936.0,3614.0,1092.0,767.0,1534.0,7007.0,15743.0,3523.0,2626.0,4134.0,26026.0,4446.0,2925.0,676.0,520.0,8567.0,533.0,156.0,130.0,143.0,962.0,286.0,91.0,455.0,5265.0,3172.0,871.0,676.0,9984.0,1378.0,195.0,117.0,169.0,1859.0,520.0,130.0,780.0,416.0,39.0,130.0,637.0,858.0,286.0,286.0,377.0,1807.0,182.0,78.0,78.0,195.0,533.0,3354.0,728.0,611.0,923.0,5616.0,8619.0,3900.0,1482.0,1599.0,15600.0,429.0,663.0,39.0,156.0,1287.0,1196.0,1677.0,377.0,1274.0,4524.0,1391.0,1157.0,416.0,2119.0,5174.0,3016.0,3497.0,832.0,3341.0,10985.0,55042.0,26260.0,16939.0,14248.0,114283.0,432114.0,59137.0,382647.0,14141.0,77369.0,40462.0,92029.0,76408.0,32092.0,5162.0,22046.0,4904.0
1999-10-31,,,96831.0,24130.0,32007.0,38335.0,24507.0,103670.0,25691.0,27702.0,26166.0,19561.0,178987.0,260744.0,8653.0,11738.0,8283.0,1487.0,71841.0,54499.0,10663.0,18709.0,10569.0,5377.0,7828.0,7386.0,10092.0,9494.0,8923.0,36372.0,7257.0,54300.0,17494.0,41371.0,24825.0,397000.0,33681.0,46692.0,6174.0,11566.0,5951.0,1671.0,5255.0,4505.0,5697.0,3103.0,3078.0,17654.0,3693.0,27500.0,13263.0,22364.0,9932.0,221779.0,20472.0,1213.0,1974.0,2061.0,2165.0,1011.0,592.0,810.0,1233.0,1387.0,2185.0,5971.0,1633.0,19603.0,1996.0,7773.0,4905.0,76984.0,10720.0,2540.0,1402.0,3248.0,946.0,681.0,544.0,650.0,1364.0,2846.0,1558.0,9137.0,944.0,3420.0,1108.0,5077.0,3878.0,50063.0,6968.0,4054.0,1113.0,1834.0,1507.0,2014.0,1437.0,1421.0,1798.0,2158.0,2102.0,3610.0,987.0,3777.0,1127.0,6157.0,6110.0,48174.0,1300.0,8500.0,300.0,700.0,35100.0,3300.0,3500.0,900.0,300.0,3800.0,700.0,58400.0,700.0,2600.0,3300.0,1900.0,1500.0,300.0,700.0,23300.0,1000.0,35200.0,1900.0,4200.0,400.0,0.0,1900.0,2900.0,11500.0,700.0,900.0,400.0,1100.0,400.0,600.0,4000.0,600.0,,17900.0,13200.0,5400.0,11500.0,15800.0,3200.0,600.0,68200.0,7900.0,11200.0,5600.0,1700.0,2500.0,300.0,29200.0,4500.0,800.0,800.0,1000.0,8300.0,1000.0,100.0,2600.0,500.0,400.0,35000.0,900.0,40500.0,600.0,2600.0,1500.0,4800.0,1800.0,262000.0,797.0,630.0,246.0,79.0,397.0,2149.0,15036.0,12698.0,9534.0,4312.0,41580.0,11256.0,1540.0,2604.0,1400.0,16800.0,1624.0,588.0,210.0,224.0,2646.0,546.0,14.0,238.0,868.0,140.0,252.0,13566.0,2184.0,2898.0,1918.0,20566.0,8190.0,490.0,504.0,714.0,9898.0,1484.0,364.0,252.0,266.0,2366.0,1400.0,392.0,266.0,2184.0,3108.0,574.0,196.0,378.0,4256.0,826.0,364.0,630.0,504.0,2324.0,15064.0,2184.0,1862.0,1988.0,21098.0,2114.0,238.0,350.0,112.0,2814.0,868.0,280.0,126.0,126.0,1400.0,2464.0,308.0,154.0,448.0,3374.0,112.0,140.0,266.0,252.0,112.0,112.0,140.0,616.0,224.0,168.0,84.0,112.0,588.0,6034.0,1246.0,826.0,952.0,9058.0,21098.0,3430.0,2688.0,2940.0,30156.0,7490.0,4676.0,700.0,896.0,13762.0,1232.0,210.0,238.0,182.0,1862.0,378.0,182.0,574.0,9100.0,5068.0,952.0,1078.0,16198.0,4004.0,210.0,140.0,308.0,4662.0,1470.0,420.0,2086.0,742.0,196.0,56.0,1078.0,1848.0,182.0,434.0,378.0,2842.0,364.0,140.0,434.0,364.0,1302.0,8428.0,1148.0,1120.0,1274.0,11970.0,17528.0,6216.0,2072.0,2352.0,28168.0,406.0,546.0,84.0,84.0,1120.0,1400.0,2058.0,560.0,1246.0,5264.0,1680.0,1442.0,378.0,2422.0,6034.0,3486.0,4046.0,1022.0,3584.0,12418.0,70714.0,28574.0,18214.0,13790.0,132888.0,234176.0,30985.0,248202.0,8853.0,42782.0,18243.0,57720.0,27347.0,20640.0,6308.0,16571.0,4411.0
1999-11-30,,,84010.0,25334.0,27832.0,38051.0,20978.0,111851.0,28379.0,24824.0,44061.0,14539.0,182790.0,287683.0,8551.0,12041.0,8533.0,1475.0,60387.0,57760.0,10358.0,34317.0,12492.0,3835.0,9882.0,4255.0,12389.0,8986.0,9272.0,34244.0,8417.0,67641.0,14912.0,42254.0,25264.0,416665.0,27538.0,49176.0,5654.0,26590.0,8220.0,1279.0,7594.0,2259.0,8198.0,2567.0,3015.0,16245.0,4127.0,30703.0,10340.0,23756.0,9720.0,236981.0,16126.0,1163.0,1982.0,2570.0,2374.0,763.0,323.0,539.0,1145.0,1416.0,2444.0,6768.0,2503.0,26572.0,1835.0,8799.0,6284.0,83606.0,11671.0,3460.0,1872.0,3201.0,983.0,965.0,690.0,646.0,1157.0,3571.0,1868.0,8349.0,1071.0,5335.0,1801.0,5141.0,3848.0,55629.0,5052.0,3961.0,850.0,1956.0,915.0,828.0,1275.0,811.0,1889.0,1432.0,1945.0,2882.0,716.0,5031.0,936.0,4558.0,5412.0,40449.0,1100.0,8300.0,400.0,1500.0,44000.0,2200.0,4500.0,200.0,1000.0,2300.0,400.0,65900.0,700.0,2700.0,2400.0,1000.0,1200.0,300.0,900.0,19300.0,600.0,29200.0,1400.0,3500.0,600.0,300.0,600.0,2900.0,9500.0,1000.0,600.0,1600.0,500.0,500.0,1000.0,5200.0,400.0,,10200.0,8200.0,4800.0,10700.0,13700.0,3100.0,700.0,52200.0,7100.0,11800.0,5900.0,1400.0,3100.0,0.0,29300.0,6400.0,1000.0,1800.0,1400.0,11700.0,500.0,500.0,2700.0,500.0,500.0,28900.0,1700.0,35300.0,600.0,2900.0,1400.0,4900.0,1300.0,244300.0,563.0,718.0,193.0,109.0,314.0,1897.0,14532.0,14686.0,11018.0,4718.0,44954.0,13650.0,1988.0,1974.0,1008.0,18620.0,2422.0,1106.0,224.0,154.0,3906.0,588.0,56.0,224.0,966.0,210.0,378.0,16870.0,3178.0,2338.0,1484.0,23870.0,15932.0,560.0,462.0,714.0,17668.0,2338.0,518.0,112.0,238.0,3206.0,1526.0,504.0,224.0,2450.0,4144.0,896.0,224.0,406.0,5670.0,910.0,448.0,616.0,546.0,2520.0,24892.0,2940.0,1638.0,2128.0,31598.0,5250.0,420.0,462.0,350.0,6482.0,1288.0,378.0,154.0,168.0,1988.0,1176.0,322.0,126.0,532.0,2156.0,140.0,70.0,308.0,224.0,266.0,84.0,112.0,686.0,196.0,280.0,70.0,182.0,728.0,8274.0,1736.0,924.0,1414.0,12348.0,33166.0,4676.0,2562.0,3542.0,43946.0,10724.0,8400.0,728.0,1162.0,21014.0,2170.0,434.0,266.0,266.0,3136.0,560.0,210.0,910.0,13454.0,9044.0,1036.0,1526.0,25060.0,6314.0,672.0,280.0,490.0,7756.0,2282.0,658.0,3108.0,1498.0,154.0,154.0,1862.0,2464.0,420.0,392.0,518.0,3794.0,448.0,238.0,238.0,266.0,1190.0,13006.0,2142.0,1148.0,1414.0,17710.0,26460.0,11186.0,2184.0,2940.0,42770.0,406.0,994.0,84.0,70.0,1554.0,1568.0,2254.0,364.0,1288.0,5474.0,1988.0,1428.0,518.0,2310.0,6356.0,3962.0,4676.0,966.0,3472.0,13384.0,94990.0,38402.0,19068.0,15050.0,168924.0,14166.0,10618.0,32007.0,5122.0,15555.0,1296.0,6078.0,564.0,330.0,5937.0,10575.0,2216.0
1999-12-31,,,66423.0,20337.0,26431.0,23447.0,14949.0,112083.0,29889.0,22726.0,54097.0,22589.0,186021.0,296151.0,6986.0,10881.0,7570.0,1301.0,58233.0,58430.0,13275.0,35357.0,14664.0,8745.0,10055.0,5887.0,14684.0,9117.0,11660.0,45088.0,9703.0,57161.0,18631.0,54093.0,36000.0,460783.0,23329.0,49185.0,7828.0,27681.0,9404.0,5344.0,8114.0,3758.0,8933.0,3946.0,5420.0,23038.0,4906.0,29629.0,13707.0,29910.0,17655.0,271787.0,24249.0,3558.0,3017.0,3967.0,3565.0,1717.0,612.0,1060.0,2610.0,1360.0,3308.0,14942.0,3756.0,22069.0,3184.0,16577.0,11121.0,120672.0,6287.0,1944.0,1187.0,2358.0,542.0,656.0,379.0,432.0,889.0,2638.0,1164.0,3630.0,546.0,2111.0,751.0,3023.0,2034.0,30571.0,4368.0,3743.0,1243.0,1351.0,1153.0,1028.0,950.0,637.0,2252.0,1173.0,1768.0,3478.0,495.0,3352.0,989.0,4583.0,5190.0,37753.0,2100.0,9500.0,500.0,1400.0,64100.0,2600.0,3200.0,1700.0,1000.0,3200.0,800.0,90000.0,900.0,4000.0,2300.0,3400.0,1600.0,200.0,1300.0,27700.0,1000.0,42300.0,1600.0,3700.0,600.0,400.0,600.0,3100.0,10300.0,1400.0,600.0,1800.0,300.0,600.0,1500.0,6200.0,900.0,,16800.0,12100.0,6300.0,9300.0,10400.0,6600.0,900.0,63200.0,8200.0,17100.0,4900.0,1700.0,4700.0,0.0,36700.0,6400.0,300.0,3400.0,900.0,11900.0,600.0,400.0,6400.0,500.0,500.0,30400.0,1500.0,40300.0,600.0,3600.0,1000.0,5200.0,3200.0,309300.0,725.0,1297.0,378.0,240.0,599.0,3239.0,21536.0,37840.0,6512.0,3792.0,69680.0,14304.0,6064.0,1440.0,1296.0,23104.0,2176.0,1872.0,96.0,304.0,4448.0,768.0,240.0,80.0,1104.0,480.0,640.0,17728.0,8320.0,1568.0,1680.0,29296.0,13104.0,1376.0,496.0,560.0,15536.0,2240.0,512.0,240.0,192.0,3184.0,2320.0,816.0,176.0,3424.0,3824.0,1680.0,320.0,800.0,6624.0,1296.0,512.0,960.0,544.0,3312.0,22960.0,4944.0,2192.0,2224.0,32320.0,4000.0,688.0,256.0,256.0,5200.0,1392.0,592.0,112.0,80.0,2176.0,1152.0,384.0,48.0,96.0,1680.0,736.0,336.0,1248.0,336.0,176.0,64.0,80.0,656.0,368.0,656.0,80.0,352.0,1456.0,7984.0,2832.0,608.0,992.0,12416.0,30944.0,7776.0,2800.0,3216.0,44736.0,6848.0,11248.0,576.0,1296.0,19968.0,2848.0,912.0,160.0,256.0,4176.0,304.0,368.0,768.0,10000.0,12528.0,768.0,1616.0,24912.0,4976.0,1200.0,128.0,304.0,6608.0,1712.0,1040.0,2992.0,1440.0,480.0,32.0,2080.0,2592.0,1152.0,176.0,352.0,4272.0,320.0,464.0,80.0,208.0,1072.0,11040.0,4336.0,480.0,1168.0,17024.0,21040.0,16864.0,1248.0,2784.0,41936.0,560.0,1440.0,32.0,64.0,2096.0,3216.0,4672.0,320.0,1408.0,9616.0,2368.0,3248.0,256.0,2112.0,8032.0,6144.0,9360.0,608.0,3472.0,19744.0,97392.0,80160.0,12736.0,13952.0,205392.0,20928.0,6664.0,16239.0,4052.0,11813.0,469.0,6242.0,1053.0,935.0,7699.0,10492.0,2288.0
2000-01-31,,,66513.0,18946.0,30603.0,23876.0,14575.0,104119.0,33182.0,17761.0,24724.0,14817.0,170371.0,308782.0,7480.0,11087.0,7745.0,1362.0,47780.0,50264.0,10857.0,10379.0,8874.0,9997.0,10096.0,3851.0,19750.0,8859.0,9015.0,34835.0,8208.0,46428.0,14134.0,39577.0,27916.0,360820.0,22417.0,41118.0,5543.0,4197.0,4339.0,4456.0,6976.0,1378.0,12323.0,2764.0,2181.0,17967.0,3999.0,21729.0,9560.0,21417.0,13012.0,195376.0,13327.0,1908.0,1342.0,1431.0,1506.0,964.0,522.0,379.0,2089.0,1149.0,1792.0,5468.0,2158.0,17150.0,2062.0,7750.0,5147.0,66144.0,6098.0,2298.0,1288.0,1841.0,997.0,439.0,517.0,325.0,1199.0,1877.0,1954.0,6998.0,869.0,2506.0,1058.0,3583.0,2273.0,36120.0,5938.0,4940.0,2684.0,2910.0,2032.0,4138.0,2081.0,1769.0,4139.0,3069.0,3088.0,4402.0,1182.0,5043.0,1454.0,6827.0,7484.0,63180.0,1000.0,7600.0,400.0,1500.0,42900.0,2000.0,3500.0,500.0,300.0,2100.0,1000.0,62800.0,800.0,2000.0,2800.0,800.0,900.0,500.0,1000.0,17300.0,600.0,26600.0,900.0,2200.0,0.0,100.0,800.0,1600.0,5700.0,1300.0,500.0,800.0,300.0,700.0,1900.0,5600.0,700.0,100.0,20400.0,10700.0,5500.0,10000.0,12400.0,7900.0,800.0,68500.0,6600.0,13300.0,5200.0,1800.0,2800.0,100.0,29800.0,4300.0,500.0,1000.0,700.0,6700.0,300.0,300.0,5900.0,700.0,400.0,28000.0,600.0,36100.0,200.0,2400.0,1300.0,3900.0,1300.0,246900.0,2033.0,1444.0,217.0,69.0,412.0,4175.0,17731.0,18326.0,6171.0,3485.0,45713.0,14892.0,2720.0,1717.0,1394.0,20723.0,2363.0,1020.0,221.0,476.0,4080.0,1751.0,153.0,476.0,2380.0,153.0,357.0,19159.0,3961.0,1972.0,2448.0,27540.0,10744.0,782.0,561.0,1275.0,13362.0,2040.0,884.0,0.0,340.0,3264.0,1190.0,595.0,136.0,2006.0,7021.0,1479.0,119.0,969.0,9588.0,697.0,306.0,527.0,697.0,2227.0,21709.0,4046.0,1343.0,3366.0,30464.0,935.0,204.0,493.0,561.0,2193.0,765.0,136.0,102.0,85.0,1088.0,442.0,102.0,34.0,221.0,799.0,969.0,136.0,1190.0,238.0,136.0,34.0,68.0,476.0,204.0,153.0,68.0,408.0,833.0,3553.0,867.0,748.0,1411.0,6579.0,25262.0,4913.0,2091.0,4777.0,37043.0,10472.0,9792.0,901.0,969.0,22134.0,2516.0,680.0,68.0,272.0,3536.0,476.0,272.0,935.0,13464.0,10744.0,1071.0,1326.0,26605.0,5865.0,748.0,136.0,442.0,7191.0,1921.0,1037.0,3332.0,1581.0,510.0,51.0,2261.0,2873.0,595.0,289.0,476.0,4233.0,544.0,136.0,51.0,255.0,986.0,12784.0,3026.0,612.0,1581.0,18003.0,26248.0,13770.0,1683.0,2907.0,44608.0,306.0,612.0,0.0,136.0,1054.0,2652.0,1717.0,289.0,1173.0,5831.0,2074.0,1309.0,238.0,1411.0,5304.0,5032.0,3638.0,527.0,2448.0,12189.0,93432.0,44608.0,12444.0,13141.0,167093.0,7200.0,6118.0,16519.0,2225.0,4304.0,62.0,2162.0,750.0,294.0,3825.0,7192.0,2517.0
2000-02-29,,,58611.0,17229.0,21729.0,27829.0,15439.0,103304.0,27494.0,18488.0,25205.0,12764.0,186071.0,293947.0,7343.0,10833.0,7486.0,1276.0,45011.0,68450.0,20787.0,24628.0,17966.0,9382.0,16342.0,4823.0,12706.0,13970.0,9976.0,41628.0,8599.0,60089.0,14732.0,41701.0,23787.0,434577.0,15480.0,59340.0,12354.0,13319.0,9339.0,2733.0,11809.0,1876.0,7685.0,7249.0,2483.0,20037.0,4463.0,32304.0,9890.0,21782.0,9303.0,241446.0,12037.0,1354.0,2807.0,2390.0,1972.0,1066.0,1344.0,545.0,1504.0,1425.0,1981.0,7163.0,2323.0,20211.0,1854.0,9250.0,5064.0,74290.0,12531.0,2380.0,1191.0,3696.0,1207.0,725.0,532.0,694.0,1077.0,2398.0,1384.0,8601.0,923.0,3463.0,1568.0,4426.0,3325.0,50121.0,4963.0,5376.0,4435.0,5223.0,5448.0,4858.0,2657.0,1708.0,2440.0,2898.0,4128.0,5827.0,890.0,4111.0,1420.0,6243.0,6095.0,68720.0,500.0,6300.0,200.0,400.0,43800.0,1800.0,2500.0,300.0,200.0,2400.0,900.0,59300.0,300.0,2300.0,2500.0,1100.0,900.0,600.0,800.0,14900.0,400.0,23900.0,1200.0,1800.0,200.0,100.0,600.0,1500.0,5600.0,800.0,500.0,700.0,700.0,900.0,1400.0,5100.0,300.0,600.0,12600.0,8400.0,4000.0,10300.0,9200.0,3800.0,500.0,49700.0,4800.0,10900.0,4600.0,1400.0,2700.0,100.0,24500.0,4400.0,900.0,900.0,600.0,7500.0,100.0,300.0,5200.0,600.0,500.0,23200.0,600.0,30600.0,500.0,2700.0,1100.0,4300.0,1400.0,211800.0,951.0,648.0,329.0,98.0,318.0,2344.0,16770.0,17280.0,10425.0,3990.0,48465.0,17640.0,3360.0,2595.0,1710.0,25305.0,2535.0,1560.0,180.0,300.0,4575.0,900.0,105.0,360.0,1395.0,210.0,300.0,21285.0,5055.0,2835.0,2400.0,31575.0,13875.0,1050.0,660.0,840.0,16425.0,4155.0,915.0,180.0,315.0,5565.0,3240.0,900.0,210.0,4635.0,4005.0,900.0,180.0,390.0,5475.0,2070.0,630.0,585.0,390.0,3675.0,27360.0,4395.0,1815.0,2250.0,35820.0,1665.0,195.0,360.0,210.0,2430.0,960.0,300.0,135.0,150.0,1545.0,795.0,180.0,90.0,225.0,1290.0,210.0,135.0,450.0,180.0,165.0,75.0,90.0,510.0,195.0,135.0,150.0,390.0,870.0,4005.0,1110.0,870.0,1110.0,7095.0,31365.0,5505.0,2685.0,3360.0,42915.0,15090.0,13665.0,1080.0,1095.0,30930.0,2610.0,630.0,300.0,345.0,3885.0,540.0,375.0,1005.0,18240.0,14670.0,1410.0,1500.0,35820.0,6585.0,795.0,300.0,300.0,7980.0,2460.0,1155.0,3810.0,1515.0,375.0,105.0,2070.0,3000.0,690.0,525.0,435.0,4650.0,405.0,195.0,150.0,75.0,825.0,13965.0,3210.0,1170.0,990.0,19335.0,32205.0,17880.0,2580.0,2490.0,55155.0,360.0,900.0,135.0,90.0,1485.0,2145.0,2325.0,555.0,1500.0,6525.0,2025.0,1455.0,345.0,2340.0,6645.0,4530.0,4680.0,1035.0,3405.0,14655.0,106155.0,50400.0,19560.0,13305.0,192765.0,12456.0,7316.0,15550.0,1874.0,8081.0,770.0,3123.0,513.0,621.0,5020.0,8249.0,2057.0
2000-03-31,,,84251.0,23880.0,30469.0,38035.0,18679.0,127764.0,28133.0,23197.0,39282.0,20191.0,177703.0,288798.0,8566.0,11671.0,8301.0,1438.0,61746.0,73309.0,10814.0,23700.0,12254.0,6656.0,10214.0,6240.0,12221.0,7323.0,9754.0,42377.0,8232.0,55436.0,13093.0,34630.0,23884.0,411883.0,27793.0,63602.0,5206.0,15665.0,7438.0,2854.0,7947.0,3321.0,7773.0,2332.0,2815.0,22284.0,3567.0,26651.0,8612.0,18259.0,9067.0,235186.0,15741.0,1605.0,2036.0,2883.0,2371.0,1131.0,553.0,854.0,1263.0,1135.0,2349.0,7269.0,2612.0,19800.0,2212.0,6703.0,5775.0,76292.0,12608.0,3059.0,2337.0,3691.0,1242.0,860.0,664.0,559.0,1402.0,2374.0,1749.0,9444.0,1279.0,4664.0,1214.0,4872.0,3761.0,55779.0,5604.0,5043.0,1235.0,1461.0,1203.0,1811.0,1050.0,1506.0,1783.0,1482.0,2841.0,3380.0,774.0,4321.0,1055.0,4796.0,5281.0,44626.0,500.0,8500.0,500.0,700.0,44300.0,1800.0,4000.0,700.0,200.0,3800.0,700.0,65800.0,700.0,2900.0,2200.0,1300.0,900.0,700.0,900.0,22700.0,700.0,32900.0,2100.0,5000.0,200.0,300.0,1100.0,2100.0,11100.0,1000.0,1500.0,1200.0,1000.0,1000.0,2600.0,8300.0,900.0,1100.0,19600.0,9800.0,5100.0,15000.0,11300.0,4300.0,600.0,67700.0,7000.0,15200.0,4400.0,1300.0,2600.0,100.0,30700.0,2300.0,700.0,800.0,500.0,5000.0,300.0,400.0,4400.0,700.0,400.0,26600.0,1100.0,34000.0,700.0,3700.0,1200.0,5700.0,2100.0,263100.0,891.0,876.0,262.0,70.0,291.0,2390.0,18540.0,15945.0,10710.0,3825.0,49020.0,13020.0,3165.0,1905.0,960.0,19050.0,2010.0,1140.0,120.0,285.0,3555.0,585.0,105.0,210.0,945.0,165.0,225.0,15780.0,4410.0,2115.0,1470.0,23775.0,11580.0,795.0,570.0,690.0,13635.0,2715.0,585.0,90.0,195.0,3585.0,1290.0,285.0,345.0,2010.0,4230.0,930.0,180.0,375.0,5715.0,900.0,375.0,570.0,330.0,2175.0,20730.0,2970.0,1755.0,1710.0,27165.0,1800.0,315.0,420.0,150.0,2685.0,735.0,405.0,75.0,120.0,1335.0,1545.0,225.0,105.0,495.0,2370.0,255.0,135.0,495.0,165.0,120.0,45.0,135.0,465.0,165.0,255.0,75.0,300.0,795.0,4665.0,1455.0,795.0,1230.0,8145.0,25395.0,4425.0,2550.0,2940.0,35310.0,8610.0,7740.0,1185.0,1095.0,18630.0,1515.0,375.0,225.0,150.0,2265.0,465.0,195.0,750.0,10590.0,8310.0,1440.0,1305.0,21645.0,3780.0,555.0,300.0,330.0,4965.0,1110.0,420.0,1740.0,825.0,195.0,105.0,1200.0,1545.0,225.0,480.0,195.0,2445.0,435.0,135.0,75.0,135.0,780.0,7695.0,1530.0,1050.0,855.0,11130.0,18285.0,9840.0,2490.0,2160.0,32775.0,735.0,720.0,105.0,135.0,1695.0,1770.0,1890.0,660.0,1245.0,5565.0,1335.0,1395.0,300.0,1575.0,4710.0,3840.0,4005.0,1065.0,2715.0,11970.0,81840.0,38625.0,18930.0,11625.0,152850.0,35080.0,21402.0,45425.0,7925.0,34546.0,1310.0,11963.0,2830.0,1250.0,8311.0,14398.0,2861.0
2000-04-30,,,86790.0,21507.0,31818.0,37509.0,20186.0,94447.0,28604.0,34057.0,33069.0,26325.0,221679.0,305229.0,8008.0,11785.0,8485.0,1510.0,78086.0,54669.0,15256.0,21241.0,12519.0,6525.0,13946.0,13045.0,13162.0,7884.0,12838.0,34702.0,5642.0,52379.0,10604.0,27328.0,25766.0,405592.0,35742.0,47134.0,8707.0,13791.0,7241.0,2393.0,10964.0,8674.0,7723.0,2577.0,4368.0,14498.0,2328.0,24286.0,7300.0,14323.0,9610.0,221659.0,24461.0,1173.0,3140.0,2675.0,3013.0,1273.0,785.0,1525.0,1228.0,1441.0,3728.0,7625.0,1797.0,19907.0,1606.0,5784.0,6568.0,87729.0,11484.0,2060.0,1822.0,3307.0,1066.0,1125.0,647.0,622.0,2253.0,2260.0,1726.0,8308.0,985.0,3768.0,986.0,3493.0,3499.0,49411.0,6399.0,4302.0,1587.0,1468.0,1199.0,1734.0,1550.0,2224.0,1958.0,1606.0,3016.0,4271.0,532.0,4418.0,712.0,3728.0,6089.0,46793.0,900.0,10900.0,600.0,2100.0,47700.0,2200.0,3100.0,600.0,300.0,3300.0,900.0,72800.0,1000.0,4200.0,2700.0,2100.0,2100.0,400.0,800.0,30100.0,800.0,44100.0,4100.0,6500.0,600.0,400.0,700.0,2900.0,15600.0,1100.0,600.0,1400.0,2800.0,1300.0,1000.0,8200.0,900.0,1600.0,24800.0,11000.0,5700.0,14500.0,13900.0,4000.0,900.0,77400.0,9500.0,13400.0,6700.0,1600.0,3300.0,100.0,34700.0,2800.0,600.0,1200.0,1100.0,6900.0,200.0,300.0,4400.0,100.0,400.0,34500.0,1200.0,41100.0,500.0,2900.0,1100.0,4500.0,2300.0,307700.0,623.0,804.0,256.0,71.0,537.0,2291.0,18975.0,20325.0,8505.0,3900.0,51705.0,9255.0,2730.0,1485.0,1200.0,14670.0,1170.0,675.0,210.0,270.0,2325.0,615.0,90.0,255.0,990.0,255.0,375.0,11295.0,3540.0,1770.0,1755.0,18360.0,9060.0,540.0,495.0,705.0,10800.0,2715.0,675.0,60.0,345.0,3795.0,1740.0,690.0,210.0,2805.0,3195.0,690.0,195.0,330.0,4410.0,795.0,360.0,630.0,495.0,2280.0,17535.0,2955.0,1590.0,2040.0,24120.0,1710.0,330.0,150.0,135.0,2325.0,1365.0,435.0,135.0,135.0,2070.0,4695.0,555.0,150.0,825.0,6225.0,330.0,30.0,510.0,345.0,165.0,120.0,105.0,735.0,465.0,315.0,90.0,165.0,1035.0,8910.0,1830.0,720.0,1440.0,12900.0,26445.0,4785.0,2310.0,3480.0,37020.0,6825.0,7200.0,675.0,660.0,15360.0,960.0,285.0,150.0,165.0,1560.0,390.0,180.0,690.0,8175.0,7665.0,870.0,900.0,17610.0,2250.0,345.0,195.0,135.0,2925.0,525.0,270.0,990.0,330.0,240.0,45.0,630.0,990.0,180.0,300.0,180.0,1650.0,240.0,105.0,45.0,165.0,555.0,4335.0,1140.0,675.0,600.0,6750.0,12510.0,8805.0,1545.0,1500.0,24360.0,540.0,690.0,180.0,105.0,1515.0,1515.0,2565.0,405.0,1155.0,5640.0,1275.0,1380.0,420.0,2145.0,5385.0,3330.0,4635.0,1005.0,3180.0,12540.0,72555.0,42090.0,15135.0,11925.0,143985.0,63795.0,65067.0,156331.0,8767.0,41455.0,13395.0,47188.0,21125.0,12515.0,5328.0,19232.0,4766.0
2000-05-31,,,78407.0,20808.0,28177.0,27392.0,14126.0,107565.0,26830.0,33753.0,36669.0,20357.0,186832.0,334287.0,7764.0,11100.0,7845.0,1409.0,60314.0,51336.0,9403.0,21046.0,14925.0,4802.0,10203.0,6380.0,10144.0,8956.0,12315.0,30253.0,4411.0,27222.0,7536.0,20482.0,19696.0,319424.0,21119.0,43812.0,4238.0,13361.0,10741.0,1696.0,7381.0,3590.0,6465.0,2393.0,5242.0,11660.0,1747.0,11440.0,5280.0,9089.0,6883.0,166137.0,17581.0,1046.0,2143.0,2574.0,1664.0,1115.0,789.0,719.0,908.0,885.0,2408.0,7066.0,1544.0,8606.0,672.0,3332.0,4455.0,57507.0,16023.0,2883.0,1995.0,3461.0,1357.0,643.0,725.0,856.0,1262.0,3261.0,1834.0,6968.0,798.0,4431.0,1108.0,5160.0,3501.0,56266.0,5591.0,3595.0,1027.0,1650.0,1163.0,1348.0,1308.0,1215.0,1509.0,2417.0,2831.0,4559.0,322.0,2745.0,476.0,2901.0,4857.0,39514.0,700.0,7400.0,500.0,900.0,28800.0,2900.0,4100.0,900.0,300.0,2500.0,1200.0,50200.0,1700.0,4900.0,5800.0,3300.0,2800.0,800.0,1100.0,38800.0,1800.0,61200.0,7300.0,9300.0,2100.0,1200.0,2100.0,6400.0,29800.0,900.0,600.0,1900.0,2000.0,500.0,900.0,6800.0,300.0,600.0,17000.0,8600.0,3400.0,12100.0,10900.0,3300.0,600.0,56700.0,6600.0,10000.0,5000.0,2400.0,2300.0,0.0,26300.0,1400.0,100.0,800.0,800.0,3200.0,300.0,300.0,6900.0,400.0,200.0,34700.0,900.0,43800.0,700.0,2100.0,1300.0,4000.0,3000.0,284900.0,499.0,755.0,225.0,48.0,232.0,1759.0,8151.0,10538.0,11055.0,3212.0,32956.0,6325.0,1507.0,1540.0,957.0,10329.0,462.0,473.0,242.0,99.0,1276.0,495.0,88.0,44.0,660.0,99.0,187.0,7381.0,2112.0,1837.0,1122.0,12452.0,7579.0,440.0,440.0,330.0,8789.0,2101.0,605.0,110.0,242.0,3058.0,814.0,418.0,220.0,1551.0,2530.0,528.0,231.0,286.0,3575.0,1023.0,407.0,825.0,385.0,2640.0,14047.0,2420.0,1837.0,1342.0,19646.0,1925.0,286.0,374.0,187.0,2772.0,1485.0,341.0,121.0,154.0,2101.0,1881.0,253.0,44.0,165.0,2343.0,176.0,22.0,286.0,1265.0,209.0,33.0,99.0,1606.0,187.0,165.0,88.0,176.0,616.0,6919.0,1276.0,704.0,825.0,9724.0,20966.0,3696.0,2541.0,2167.0,29370.0,4202.0,2530.0,616.0,517.0,7865.0,440.0,55.0,99.0,132.0,726.0,363.0,99.0,528.0,5005.0,2684.0,770.0,660.0,9119.0,1166.0,121.0,231.0,165.0,1683.0,385.0,132.0,638.0,220.0,55.0,44.0,352.0,539.0,187.0,308.0,143.0,1177.0,88.0,55.0,649.0,352.0,1144.0,2398.0,550.0,1309.0,737.0,4994.0,7403.0,3234.0,2079.0,1397.0,14113.0,242.0,440.0,99.0,77.0,858.0,1188.0,2035.0,429.0,1276.0,4928.0,957.0,1177.0,484.0,1650.0,4345.0,2387.0,3652.0,1012.0,2761.0,10131.0,46288.0,23232.0,18524.0,9669.0,99022.0,388152.0,57645.0,313524.0,11589.0,35942.0,40743.0,95726.0,70879.0,23381.0,5022.0,22289.0,7083.0
2000-06-30,,,85116.0,16336.0,28639.0,23824.0,12257.0,110292.0,27427.0,22501.0,47347.0,14667.0,190767.0,279273.0,7510.0,10942.0,7524.0,1412.0,74001.0,48696.0,10694.0,32123.0,9134.0,7424.0,12354.0,3580.0,9602.0,7585.0,9509.0,42358.0,4167.0,25793.0,6497.0,23965.0,20473.0,347955.0,32345.0,41813.0,5217.0,24253.0,5262.0,3452.0,8752.0,1432.0,5532.0,1619.0,3221.0,15730.0,1427.0,12083.0,3621.0,10535.0,7873.0,184167.0,20424.0,1245.0,2608.0,3109.0,2073.0,1623.0,1341.0,622.0,1391.0,1447.0,2272.0,10721.0,1406.0,7921.0,1064.0,5653.0,4712.0,69632.0,14609.0,2147.0,2073.0,2867.0,1017.0,743.0,561.0,745.0,1162.0,2984.0,1716.0,7174.0,866.0,2976.0,877.0,3578.0,3468.0,49563.0,6623.0,3491.0,796.0,1894.0,782.0,1606.0,1700.0,781.0,1517.0,1535.0,2300.0,8733.0,468.0,2813.0,935.0,4199.0,4420.0,44593.0,1100.0,3100.0,800.0,1400.0,31900.0,2600.0,3700.0,700.0,400.0,3000.0,400.0,49200.0,1000.0,5800.0,4600.0,2900.0,2300.0,1100.0,1500.0,37300.0,2300.0,58900.0,7000.0,8600.0,1300.0,1300.0,1900.0,5900.0,27700.0,600.0,300.0,2300.0,2300.0,600.0,900.0,6900.0,400.0,900.0,25500.0,10500.0,5000.0,12800.0,12500.0,4200.0,400.0,72300.0,6600.0,11400.0,5300.0,2200.0,3700.0,300.0,29700.0,2200.0,200.0,1000.0,400.0,3800.0,400.0,500.0,7300.0,400.0,100.0,38700.0,1100.0,48500.0,600.0,2800.0,1300.0,4700.0,2200.0,303800.0,363.0,721.0,117.0,40.0,259.0,1500.0,9528.0,12552.0,8952.0,3768.0,34800.0,7248.0,2208.0,1392.0,2388.0,13236.0,516.0,408.0,180.0,60.0,1164.0,336.0,84.0,144.0,636.0,84.0,120.0,8184.0,2724.0,1656.0,2592.0,15156.0,5424.0,552.0,372.0,300.0,6648.0,1488.0,528.0,48.0,348.0,2412.0,900.0,432.0,192.0,1572.0,2592.0,684.0,108.0,384.0,3768.0,612.0,300.0,852.0,456.0,2220.0,11028.0,2496.0,1572.0,1548.0,16644.0,2748.0,336.0,240.0,180.0,3504.0,492.0,168.0,120.0,36.0,816.0,624.0,276.0,108.0,144.0,1152.0,204.0,108.0,528.0,396.0,156.0,108.0,48.0,708.0,168.0,180.0,120.0,192.0,660.0,4632.0,1224.0,744.0,768.0,7368.0,15660.0,3720.0,2316.0,2316.0,24012.0,4332.0,2064.0,624.0,396.0,7416.0,468.0,180.0,120.0,132.0,900.0,300.0,216.0,564.0,5100.0,2460.0,756.0,564.0,8880.0,684.0,168.0,108.0,144.0,1104.0,324.0,120.0,504.0,192.0,60.0,0.0,288.0,528.0,240.0,252.0,132.0,1152.0,96.0,84.0,60.0,132.0,372.0,1824.0,672.0,432.0,492.0,3420.0,6924.0,3132.0,1188.0,1056.0,12300.0,396.0,408.0,108.0,48.0,960.0,1296.0,1656.0,324.0,1296.0,4572.0,1260.0,1668.0,360.0,2220.0,5664.0,2952.0,3732.0,792.0,3252.0,11196.0,43248.0,25860.0,14904.0,10536.0,97464.0,436969.0,70035.0,339453.0,11964.0,100543.0,70752.0,89057.0,89347.0,24879.0,7952.0,27271.0,7137.0
2000-07-31,,,83509.0,20887.0,28171.0,26000.0,12433.0,109146.0,32648.0,20328.0,31983.0,18199.0,215890.0,332684.0,7148.0,11231.0,8083.0,1390.0,82398.0,62875.0,16702.0,16361.0,10212.0,10549.0,16892.0,5696.0,15630.0,12466.0,11386.0,43828.0,6687.0,38661.0,9826.0,38148.0,30722.0,429039.0,37260.0,51826.0,8670.0,6838.0,3925.0,3636.0,11038.0,2393.0,8002.0,3712.0,2232.0,14212.0,2409.0,18270.0,5595.0,20082.0,14108.0,214208.0,19738.0,2189.0,3296.0,2122.0,1477.0,1711.0,1284.0,831.0,2229.0,1912.0,2251.0,9117.0,2451.0,11481.0,1974.0,7121.0,5354.0,76538.0,15802.0,3172.0,1889.0,3425.0,1423.0,913.0,421.0,660.0,1737.0,2736.0,2949.0,7500.0,1031.0,3440.0,1043.0,3988.0,3747.0,55876.0,9598.0,5688.0,2847.0,3976.0,3387.0,4289.0,4149.0,1812.0,3662.0,4106.0,3954.0,12999.0,796.0,5470.0,1214.0,6957.0,7513.0,82417.0,1000.0,1500.0,200.0,1700.0,39500.0,2500.0,4000.0,1000.0,200.0,3900.0,600.0,56100.0,1300.0,4100.0,3900.0,2600.0,1700.0,1000.0,1200.0,35500.0,1200.0,52500.0,7800.0,7700.0,700.0,1200.0,1100.0,7300.0,28200.0,500.0,600.0,3000.0,1500.0,500.0,1100.0,7200.0,400.0,800.0,26600.0,13100.0,4000.0,14600.0,14200.0,3900.0,600.0,78100.0,6400.0,10400.0,5400.0,1900.0,3100.0,200.0,27400.0,1600.0,100.0,800.0,600.0,3100.0,300.0,400.0,6900.0,100.0,500.0,26800.0,1300.0,36300.0,400.0,2800.0,1400.0,4600.0,3500.0,296900.0,448.0,1203.0,201.0,66.0,600.0,2518.0,17535.0,12015.0,10230.0,3750.0,43530.0,8355.0,2280.0,1575.0,4245.0,16455.0,645.0,510.0,240.0,225.0,1620.0,480.0,105.0,330.0,960.0,165.0,375.0,9645.0,3000.0,1920.0,4845.0,19410.0,10410.0,690.0,735.0,1065.0,12900.0,2415.0,1170.0,45.0,615.0,4245.0,1830.0,690.0,225.0,3105.0,4800.0,1230.0,330.0,990.0,7350.0,885.0,540.0,690.0,720.0,2835.0,20340.0,4365.0,2025.0,3750.0,30480.0,720.0,330.0,495.0,75.0,1620.0,570.0,225.0,195.0,165.0,1155.0,945.0,330.0,90.0,375.0,1740.0,240.0,180.0,615.0,180.0,120.0,15.0,150.0,465.0,90.0,270.0,90.0,285.0,735.0,2745.0,1455.0,960.0,1170.0,6330.0,23085.0,5820.0,2985.0,4920.0,36810.0,4800.0,3465.0,810.0,840.0,9915.0,495.0,165.0,105.0,345.0,1110.0,645.0,105.0,765.0,5940.0,3735.0,915.0,1200.0,11790.0,855.0,330.0,210.0,315.0,1710.0,495.0,300.0,1035.0,300.0,105.0,30.0,480.0,1230.0,330.0,300.0,390.0,2250.0,150.0,105.0,75.0,180.0,510.0,3030.0,1170.0,735.0,1050.0,5985.0,8970.0,4905.0,1650.0,2250.0,17775.0,645.0,450.0,105.0,210.0,1410.0,1665.0,1650.0,375.0,1380.0,5070.0,1605.0,1845.0,420.0,2490.0,6885.0,3915.0,3945.0,900.0,3780.0,13365.0,63150.0,29685.0,17685.0,14475.0,130890.0,517571.0,129321.0,426990.0,17127.0,214186.0,65020.0,118979.0,97315.0,25235.0,9029.0,35237.0,8602.0
2000-08-31,,,72482.0,20106.0,26589.0,25879.0,13022.0,123238.0,37310.0,22609.0,38020.0,16713.0,224522.0,354895.0,7548.0,11701.0,8358.0,1416.0,73276.0,69687.0,10874.0,14933.0,11192.0,5106.0,11815.0,4133.0,11635.0,9915.0,9242.0,33141.0,5430.0,33004.0,8215.0,33018.0,28072.0,372688.0,33922.0,58719.0,6075.0,8646.0,7100.0,2190.0,8627.0,2088.0,7141.0,3569.0,2395.0,13157.0,2126.0,16103.0,5045.0,16916.0,11575.0,205394.0,20784.0,2360.0,2377.0,1936.0,1868.0,950.0,771.0,564.0,1584.0,1477.0,2707.0,7818.0,1671.0,9955.0,1239.0,6123.0,6035.0,70219.0,11660.0,3361.0,1547.0,3291.0,1424.0,638.0,647.0,588.0,1240.0,3010.0,1908.0,6572.0,858.0,3285.0,1169.0,3630.0,3848.0,48676.0,6910.0,5247.0,875.0,1060.0,800.0,1328.0,1770.0,893.0,1670.0,1859.0,2232.0,5594.0,775.0,3661.0,762.0,6349.0,6614.0,48399.0,800.0,2000.0,300.0,1800.0,42800.0,2100.0,1700.0,900.0,800.0,2400.0,400.0,56000.0,900.0,3200.0,4100.0,3200.0,2100.0,800.0,1300.0,35300.0,1700.0,52500.0,4500.0,6900.0,600.0,800.0,1400.0,5200.0,20400.0,800.0,1100.0,3100.0,1200.0,200.0,1500.0,7900.0,200.0,1000.0,27700.0,12700.0,4400.0,13700.0,11600.0,4200.0,500.0,76000.0,7200.0,10500.0,3500.0,2100.0,2300.0,100.0,25700.0,2400.0,300.0,1000.0,800.0,4600.0,0.0,400.0,7300.0,500.0,200.0,30100.0,600.0,39000.0,600.0,2900.0,1000.0,4500.0,3700.0,290400.0,513.0,1078.0,279.0,60.0,309.0,2239.0,18088.0,11018.0,11158.0,4256.0,44520.0,5334.0,2310.0,1624.0,1428.0,10696.0,644.0,406.0,126.0,224.0,1400.0,196.0,168.0,98.0,518.0,154.0,224.0,6328.0,2912.0,1820.0,1778.0,12838.0,11788.0,952.0,378.0,756.0,13874.0,1722.0,392.0,98.0,112.0,2324.0,1162.0,476.0,266.0,1946.0,3360.0,630.0,98.0,350.0,4438.0,1008.0,434.0,770.0,434.0,2646.0,19096.0,2884.0,1624.0,1722.0,25326.0,1386.0,252.0,392.0,126.0,2156.0,938.0,238.0,140.0,84.0,1400.0,1120.0,154.0,56.0,126.0,1456.0,154.0,56.0,280.0,182.0,98.0,98.0,84.0,462.0,168.0,224.0,84.0,252.0,728.0,3948.0,1022.0,840.0,672.0,6482.0,23044.0,3906.0,2464.0,2394.0,31808.0,5040.0,3486.0,560.0,840.0,9926.0,364.0,126.0,84.0,112.0,686.0,490.0,126.0,728.0,5894.0,3738.0,700.0,1008.0,11340.0,882.0,182.0,154.0,280.0,1498.0,364.0,210.0,658.0,196.0,84.0,28.0,378.0,1666.0,434.0,154.0,182.0,2436.0,168.0,84.0,28.0,70.0,350.0,3276.0,994.0,378.0,672.0,5320.0,9170.0,4732.0,1078.0,1680.0,16660.0,266.0,546.0,84.0,56.0,952.0,1428.0,1694.0,266.0,1064.0,4452.0,1960.0,1456.0,392.0,2184.0,6202.0,3654.0,3696.0,742.0,3136.0,11606.0,60284.0,26264.0,17262.0,11536.0,117432.0,527756.0,102209.0,409600.0,18146.0,202272.0,59510.0,117435.0,87895.0,23586.0,7398.0,25726.0,7778.0
2000-09-30,,,71027.0,16468.0,31898.0,28472.0,15641.0,132664.0,29116.0,22190.0,37006.0,16148.0,197253.0,311743.0,8077.0,11404.0,7929.0,1401.0,73374.0,49568.0,9970.0,16131.0,9857.0,6086.0,7156.0,4022.0,10226.0,7829.0,10658.0,54864.0,8145.0,35566.0,14255.0,53230.0,32056.0,402993.0,37708.0,39024.0,4741.0,9363.0,5948.0,2445.0,4768.0,1643.0,3667.0,2399.0,2715.0,25234.0,3617.0,18236.0,9019.0,23451.0,10871.0,204849.0,19155.0,1603.0,2248.0,2709.0,1822.0,993.0,689.0,674.0,1448.0,1276.0,2293.0,5033.0,1408.0,8866.0,1205.0,5378.0,4669.0,61469.0,9279.0,3090.0,1307.0,2175.0,799.0,889.0,393.0,641.0,2503.0,2421.0,1644.0,10406.0,1302.0,3998.0,1911.0,7163.0,4392.0,54313.0,7232.0,5851.0,1674.0,1884.0,1288.0,1759.0,1306.0,1064.0,2608.0,1733.0,4006.0,14191.0,1818.0,4466.0,2120.0,17238.0,12124.0,82362.0,700.0,6000.0,0.0,2400.0,49000.0,2500.0,2700.0,400.0,500.0,2900.0,700.0,67800.0,700.0,8100.0,5500.0,3600.0,1600.0,600.0,1800.0,39200.0,1600.0,62700.0,4500.0,10700.0,1600.0,800.0,2200.0,5300.0,25700.0,1300.0,900.0,3000.0,1400.0,900.0,1600.0,9100.0,400.0,1200.0,29200.0,12400.0,4500.0,12300.0,13600.0,3700.0,300.0,77600.0,11100.0,12000.0,7300.0,1700.0,3500.0,100.0,35700.0,3300.0,200.0,1300.0,1100.0,6200.0,800.0,100.0,6600.0,500.0,600.0,50000.0,1500.0,60100.0,1200.0,3700.0,1400.0,6300.0,4900.0,356200.0,824.0,2109.0,431.0,145.0,1461.0,4970.0,23355.0,16275.0,8100.0,4155.0,51885.0,4980.0,1095.0,1245.0,1065.0,8385.0,615.0,375.0,90.0,195.0,1275.0,390.0,60.0,135.0,645.0,285.0,315.0,6270.0,1530.0,1410.0,1410.0,10620.0,7500.0,480.0,390.0,570.0,8940.0,1680.0,540.0,60.0,210.0,2490.0,1215.0,420.0,210.0,1965.0,1365.0,645.0,60.0,255.0,2325.0,225.0,390.0,480.0,540.0,1635.0,11985.0,2490.0,1200.0,1695.0,17370.0,1710.0,180.0,330.0,90.0,2310.0,1155.0,210.0,105.0,75.0,1545.0,885.0,180.0,45.0,240.0,1350.0,225.0,90.0,450.0,150.0,195.0,45.0,150.0,540.0,150.0,165.0,60.0,225.0,600.0,4275.0,1020.0,630.0,870.0,6795.0,16260.0,3510.0,1830.0,2565.0,24165.0,4395.0,2805.0,480.0,420.0,8100.0,555.0,120.0,90.0,240.0,1005.0,420.0,150.0,600.0,5370.0,3075.0,600.0,660.0,9705.0,1320.0,300.0,105.0,255.0,1980.0,495.0,255.0,870.0,330.0,105.0,195.0,705.0,840.0,150.0,165.0,150.0,1305.0,165.0,15.0,60.0,120.0,360.0,3150.0,825.0,435.0,810.0,5220.0,8520.0,3900.0,1035.0,1470.0,14925.0,270.0,375.0,90.0,105.0,840.0,1290.0,1845.0,540.0,1515.0,5190.0,1470.0,1695.0,390.0,2370.0,6090.0,3030.0,3915.0,1020.0,3570.0,12120.0,57435.0,29130.0,13395.0,11055.0,113715.0,479295.0,76453.0,376999.0,13118.0,88869.0,50310.0,95334.0,84169.0,26294.0,5539.0,22754.0,7859.0
2000-10-31,,,102227.0,25025.0,31876.0,38818.0,23681.0,113226.0,33331.0,20804.0,32371.0,24929.0,218993.0,317061.0,8632.0,11673.0,8218.0,1526.0,74423.0,54230.0,11603.0,22421.0,11078.0,8356.0,8491.0,8920.0,10794.0,9962.0,10732.0,42563.0,8022.0,52624.0,15456.0,48967.0,27796.0,426438.0,34392.0,43233.0,4629.0,12650.0,6198.0,3055.0,5255.0,5228.0,6119.0,3329.0,2564.0,21747.0,4238.0,24763.0,10414.0,24831.0,8443.0,221088.0,21919.0,1916.0,2886.0,2266.0,2375.0,1247.0,755.0,938.0,1258.0,1578.0,2821.0,7495.0,1897.0,18530.0,1539.0,7552.0,6149.0,83121.0,12330.0,3896.0,1773.0,5288.0,1354.0,1281.0,681.0,1231.0,1241.0,3061.0,2281.0,7930.0,1021.0,4840.0,1544.0,8116.0,5315.0,63183.0,5782.0,5185.0,2315.0,2217.0,1151.0,2773.0,1800.0,1523.0,2176.0,1994.0,3066.0,5391.0,866.0,4491.0,1959.0,8468.0,7889.0,59046.0,700.0,5700.0,400.0,1900.0,42400.0,2100.0,2600.0,400.0,200.0,3200.0,500.0,60000.0,600.0,4600.0,2800.0,2100.0,1800.0,200.0,700.0,22600.0,600.0,35900.0,2800.0,5100.0,300.0,300.0,2000.0,3000.0,13900.0,1200.0,200.0,1100.0,1500.0,600.0,900.0,5500.0,200.0,1000.0,27800.0,13900.0,5400.0,11600.0,14600.0,3300.0,1000.0,78900.0,9200.0,13100.0,6600.0,1700.0,2900.0,300.0,33700.0,3300.0,500.0,600.0,900.0,6200.0,900.0,200.0,4800.0,700.0,500.0,33500.0,1200.0,41800.0,1200.0,2600.0,800.0,4600.0,3000.0,283700.0,905.0,1213.0,264.0,112.0,746.0,3240.0,16192.0,14432.0,10544.0,5344.0,46512.0,11680.0,1840.0,2656.0,1296.0,17472.0,1536.0,704.0,160.0,336.0,2736.0,736.0,96.0,80.0,976.0,368.0,464.0,14320.0,2704.0,2896.0,1728.0,21648.0,8480.0,576.0,576.0,528.0,10160.0,2288.0,320.0,32.0,176.0,2816.0,1264.0,384.0,272.0,2016.0,3376.0,592.0,208.0,304.0,4480.0,1344.0,432.0,608.0,384.0,2768.0,16832.0,2304.0,1696.0,1504.0,22336.0,2096.0,288.0,368.0,208.0,2960.0,1360.0,208.0,144.0,48.0,1760.0,2704.0,352.0,64.0,912.0,4032.0,192.0,144.0,480.0,416.0,112.0,80.0,64.0,672.0,224.0,160.0,80.0,304.0,768.0,6992.0,1264.0,768.0,1648.0,10672.0,23824.0,3568.0,2464.0,3152.0,33008.0,8608.0,4816.0,944.0,672.0,15040.0,1552.0,176.0,144.0,240.0,2112.0,640.0,96.0,816.0,10800.0,5088.0,1120.0,960.0,17968.0,4720.0,224.0,160.0,224.0,5328.0,1872.0,432.0,2512.0,816.0,160.0,80.0,1120.0,2208.0,320.0,240.0,240.0,3008.0,400.0,144.0,176.0,416.0,1136.0,10016.0,1280.0,720.0,1088.0,13104.0,20816.0,6368.0,1840.0,2048.0,31072.0,560.0,576.0,32.0,96.0,1264.0,1872.0,2128.0,624.0,1520.0,6144.0,2096.0,1296.0,656.0,2688.0,6912.0,4528.0,4000.0,1312.0,3984.0,14320.0,79680.0,31072.0,19056.0,14704.0,146560.0,247717.0,37968.0,241738.0,10573.0,50970.0,11441.0,56512.0,29116.0,17851.0,7215.0,17023.0,4802.0
2000-11-30,,,93525.0,27221.0,29887.0,39191.0,21287.0,128638.0,33330.0,19764.0,44822.0,18067.0,189346.0,304466.0,8840.0,12121.0,8593.0,1484.0,72537.0,68892.0,12185.0,37518.0,15089.0,5601.0,8809.0,5014.0,14447.0,10916.0,9057.0,40914.0,9558.0,61579.0,14597.0,45946.0,27226.0,459885.0,29729.0,58031.0,7624.0,26771.0,9821.0,2371.0,5691.0,2156.0,9705.0,3003.0,2537.0,19891.0,4663.0,28802.0,10280.0,24301.0,9876.0,255252.0,20422.0,2323.0,1501.0,3302.0,3122.0,819.0,569.0,694.0,1435.0,1614.0,2181.0,9434.0,2821.0,23022.0,2096.0,9843.0,6999.0,92197.0,14784.0,3552.0,2049.0,4764.0,1182.0,1221.0,684.0,1102.0,1480.0,4187.0,2112.0,7724.0,1278.0,5376.0,1337.0,6824.0,4418.0,64074.0,7602.0,4986.0,1011.0,2681.0,964.0,1190.0,1865.0,1062.0,1827.0,2112.0,2227.0,3865.0,796.0,4379.0,884.0,4978.0,5933.0,48362.0,1100.0,6700.0,400.0,1200.0,45200.0,4200.0,3900.0,400.0,800.0,3000.0,100.0,67000.0,700.0,3500.0,3700.0,1000.0,1300.0,400.0,600.0,19000.0,800.0,30900.0,1800.0,3300.0,200.0,300.0,500.0,2600.0,9100.0,900.0,400.0,1400.0,600.0,500.0,1400.0,5300.0,700.0,600.0,23600.0,10200.0,4500.0,12900.0,14800.0,5000.0,700.0,73100.0,6700.0,14800.0,5400.0,1900.0,2700.0,300.0,31900.0,8500.0,900.0,1800.0,1100.0,13300.0,700.0,500.0,5200.0,800.0,400.0,27200.0,1700.0,36600.0,600.0,2100.0,2100.0,4900.0,2500.0,274500.0,759.0,944.0,301.0,74.0,359.0,2437.0,17520.0,16624.0,10384.0,3456.0,47984.0,13760.0,2432.0,1760.0,1040.0,18992.0,2864.0,752.0,448.0,192.0,4256.0,640.0,112.0,288.0,1072.0,336.0,416.0,17600.0,3296.0,2256.0,1584.0,24736.0,17216.0,656.0,704.0,672.0,19248.0,3472.0,352.0,128.0,112.0,4064.0,1664.0,432.0,160.0,2336.0,5440.0,1088.0,272.0,480.0,7280.0,1488.0,592.0,1072.0,608.0,3760.0,29280.0,3120.0,2352.0,1968.0,36720.0,3696.0,320.0,496.0,240.0,4752.0,2048.0,544.0,208.0,128.0,2928.0,1024.0,256.0,48.0,160.0,1488.0,240.0,80.0,448.0,368.0,208.0,64.0,96.0,736.0,192.0,192.0,80.0,288.0,752.0,7568.0,1600.0,944.0,992.0,11104.0,36848.0,4720.0,3296.0,2960.0,47824.0,12592.0,7488.0,832.0,736.0,21648.0,2256.0,416.0,176.0,224.0,3072.0,720.0,240.0,1056.0,15568.0,8144.0,1088.0,976.0,25776.0,7184.0,576.0,256.0,288.0,8304.0,2800.0,560.0,3568.0,1296.0,208.0,128.0,1696.0,3328.0,352.0,384.0,368.0,4432.0,768.0,304.0,320.0,256.0,1648.0,15376.0,2000.0,1152.0,1120.0,19648.0,30944.0,10144.0,2240.0,2096.0,45424.0,544.0,1136.0,32.0,160.0,1872.0,1840.0,2480.0,512.0,1536.0,6368.0,2432.0,1920.0,608.0,2816.0,7936.0,4816.0,5536.0,1152.0,4144.0,16176.0,107728.0,40320.0,19328.0,13024.0,182144.0,33355.0,18830.0,32791.0,6697.0,27480.0,558.0,10383.0,1255.0,106.0,5842.0,9877.0,2426.0
2000-12-31,,,83550.0,24682.0,32553.0,31113.0,12511.0,128014.0,35234.0,23008.0,60071.0,25597.0,206312.0,354680.0,7772.0,12139.0,8548.0,1433.0,74111.0,69013.0,14951.0,45252.0,18947.0,17623.0,8011.0,7048.0,16992.0,14572.0,12368.0,46623.0,11157.0,91671.0,14310.0,56299.0,40973.0,559921.0,27247.0,58550.0,10215.0,35721.0,12991.0,12848.0,5622.0,4780.0,10248.0,5646.0,4593.0,20330.0,4675.0,42757.0,9301.0,29110.0,17582.0,312216.0,33496.0,2816.0,2787.0,4897.0,3864.0,2214.0,632.0,951.0,3332.0,1874.0,4478.0,17369.0,4886.0,43800.0,3409.0,18511.0,13350.0,162666.0,6897.0,2848.0,879.0,2269.0,804.0,883.0,631.0,561.0,1118.0,4860.0,1299.0,4302.0,838.0,1998.0,781.0,3150.0,3063.0,37181.0,6471.0,4799.0,1070.0,2365.0,1288.0,1678.0,1126.0,756.0,2294.0,2192.0,1998.0,4622.0,758.0,3116.0,819.0,5528.0,6978.0,47858.0,3100.0,9400.0,500.0,1600.0,69300.0,2200.0,2700.0,2000.0,1100.0,3600.0,1000.0,96400.0,1100.0,5000.0,3800.0,2700.0,800.0,800.0,1400.0,26100.0,900.0,42600.0,1800.0,5800.0,700.0,500.0,700.0,3300.0,12800.0,2000.0,400.0,2000.0,800.0,800.0,1700.0,7700.0,1000.0,1700.0,25100.0,14100.0,12000.0,13600.0,12500.0,12300.0,1000.0,93200.0,11100.0,19900.0,5200.0,2700.0,5200.0,300.0,44400.0,8700.0,1400.0,2600.0,1100.0,14400.0,900.0,600.0,8900.0,1100.0,500.0,41800.0,2200.0,56100.0,900.0,4300.0,800.0,6100.0,4400.0,378300.0,770.0,1583.0,336.0,142.0,681.0,3512.0,26044.0,40103.0,7701.0,2924.0,76772.0,12342.0,6086.0,1224.0,816.0,20468.0,1989.0,2091.0,357.0,272.0,4709.0,901.0,170.0,170.0,1292.0,204.0,391.0,15436.0,8517.0,1632.0,1275.0,26860.0,13974.0,1547.0,510.0,561.0,16592.0,2448.0,425.0,136.0,221.0,3230.0,2686.0,1088.0,136.0,3995.0,5134.0,1972.0,204.0,867.0,8177.0,2040.0,884.0,1224.0,493.0,4641.0,26299.0,5933.0,2227.0,2244.0,36703.0,4828.0,850.0,221.0,119.0,6018.0,2040.0,612.0,68.0,68.0,2788.0,1870.0,357.0,51.0,170.0,2448.0,2805.0,374.0,3315.0,476.0,255.0,85.0,136.0,952.0,425.0,629.0,0.0,238.0,1292.0,12444.0,3077.0,476.0,816.0,16813.0,38743.0,9010.0,2703.0,3060.0,53516.0,12665.0,19295.0,561.0,765.0,33286.0,2669.0,816.0,102.0,221.0,3808.0,578.0,476.0,1122.0,15912.0,20587.0,697.0,1020.0,38216.0,5270.0,1156.0,187.0,170.0,6783.0,2652.0,1394.0,4216.0,1496.0,663.0,51.0,2261.0,2278.0,1088.0,238.0,170.0,3774.0,578.0,391.0,51.0,187.0,1207.0,12274.0,4692.0,527.0,748.0,18241.0,28186.0,25279.0,1224.0,1768.0,56457.0,578.0,1513.0,68.0,136.0,2295.0,4624.0,6018.0,425.0,1343.0,12410.0,3842.0,4658.0,663.0,5202.0,14535.0,9044.0,12189.0,1156.0,6511.0,29240.0,117453.0,95098.0,14416.0,14518.0,242845.0,22910.0,9989.0,20265.0,5427.0,14597.0,353.0,7423.0,555.0,561.0,7929.0,9483.0,637.0
2001-01-31,,,67809.0,20114.0,29893.0,26389.0,11166.0,105985.0,33541.0,16663.0,25379.0,14307.0,196194.0,370531.0,6587.0,10637.0,7655.0,1247.0,50596.0,58699.0,16966.0,19021.0,11372.0,7831.0,11153.0,5541.0,20902.0,21481.0,9074.0,35690.0,9672.0,56904.0,13049.0,38810.0,29836.0,416597.0,20268.0,46773.0,10447.0,10966.0,7177.0,3292.0,7502.0,2139.0,12614.0,14255.0,2076.0,16469.0,5105.0,26757.0,8547.0,19245.0,13028.0,226660.0,16713.0,2339.0,2326.0,1707.0,1475.0,888.0,826.0,822.0,2778.0,1637.0,1915.0,7092.0,2406.0,21794.0,2144.0,9230.0,5098.0,81190.0,7148.0,2822.0,1477.0,3147.0,621.0,389.0,222.0,545.0,1109.0,1872.0,1359.0,5418.0,555.0,3772.0,1220.0,3522.0,2559.0,37757.0,6467.0,6765.0,2716.0,3201.0,2099.0,3262.0,2603.0,2035.0,4401.0,3717.0,3724.0,6711.0,1606.0,4581.0,1138.0,6813.0,9151.0,70990.0,800.0,7000.0,100.0,1000.0,49700.0,1400.0,3800.0,1200.0,500.0,3000.0,900.0,69500.0,1100.0,2600.0,2300.0,700.0,800.0,300.0,800.0,16800.0,1200.0,26700.0,1000.0,2800.0,300.0,300.0,700.0,1800.0,7200.0,1500.0,600.0,1000.0,600.0,900.0,1500.0,6100.0,600.0,1000.0,23400.0,11300.0,3900.0,10800.0,13100.0,9300.0,400.0,73800.0,7600.0,13100.0,5000.0,1600.0,2900.0,200.0,30300.0,3700.0,400.0,1100.0,1000.0,6500.0,700.0,500.0,6700.0,500.0,300.0,27200.0,800.0,36800.0,200.0,2900.0,500.0,3700.0,2500.0,263100.0,1624.0,1708.0,394.0,60.0,281.0,4067.0,21580.0,19620.0,7720.0,3520.0,52440.0,11780.0,2940.0,1620.0,1860.0,18200.0,3040.0,1280.0,220.0,280.0,4820.0,1580.0,160.0,500.0,2320.0,80.0,180.0,16480.0,4480.0,1920.0,2640.0,25520.0,13520.0,740.0,480.0,1260.0,16000.0,3960.0,900.0,40.0,340.0,5240.0,2920.0,900.0,120.0,4000.0,8240.0,2080.0,140.0,880.0,11340.0,3440.0,860.0,720.0,620.0,5640.0,32100.0,5500.0,1500.0,3180.0,42280.0,1520.0,340.0,260.0,620.0,2740.0,560.0,380.0,60.0,40.0,1040.0,700.0,120.0,20.0,260.0,1100.0,300.0,120.0,580.0,280.0,160.0,40.0,180.0,660.0,220.0,200.0,20.0,260.0,700.0,3580.0,1320.0,440.0,1480.0,6820.0,35680.0,6820.0,1940.0,4660.0,49100.0,15920.0,11900.0,700.0,900.0,29420.0,2560.0,220.0,300.0,320.0,3400.0,740.0,320.0,1120.0,19220.0,12440.0,1000.0,1280.0,33940.0,6440.0,780.0,140.0,360.0,7720.0,2840.0,1060.0,4020.0,1880.0,380.0,60.0,2400.0,2320.0,460.0,260.0,360.0,3400.0,420.0,240.0,40.0,180.0,880.0,13900.0,2920.0,480.0,1120.0,18420.0,33120.0,15360.0,1480.0,2400.0,52360.0,420.0,480.0,100.0,80.0,1080.0,3340.0,2120.0,340.0,1620.0,7420.0,3040.0,2220.0,560.0,3540.0,9740.0,6800.0,4820.0,1000.0,5000.0,18240.0,113660.0,51100.0,14060.0,14420.0,197660.0,,,,,,,,,,,,
2001-02-28,,,68639.0,21251.0,23865.0,29689.0,13364.0,124078.0,33297.0,18503.0,26571.0,18256.0,179469.0,277074.0,7679.0,11015.0,7180.0,1176.0,49532.0,64789.0,11365.0,17073.0,12039.0,9650.0,9855.0,4904.0,14790.0,13422.0,10382.0,45102.0,10580.0,69482.0,17868.0,41355.0,27029.0,429217.0,18422.0,52543.0,4192.0,5786.0,3946.0,2373.0,6342.0,1593.0,9326.0,4290.0,2082.0,21788.0,5685.0,35985.0,12335.0,21702.0,9863.0,218253.0,13767.0,2508.0,1393.0,1797.0,1911.0,1265.0,647.0,648.0,1947.0,1302.0,1792.0,7740.0,2831.0,23324.0,2385.0,8980.0,6213.0,80450.0,11615.0,3203.0,2402.0,3859.0,991.0,1053.0,428.0,769.0,879.0,3706.0,1865.0,6189.0,972.0,4735.0,1565.0,4195.0,3870.0,52296.0,5728.0,6535.0,3378.0,5631.0,5191.0,4959.0,2438.0,1894.0,2638.0,4124.0,4643.0,9385.0,1092.0,5438.0,1583.0,6478.0,7083.0,78218.0,800.0,4700.0,200.0,500.0,47100.0,3100.0,2800.0,700.0,300.0,1900.0,600.0,62600.0,400.0,2300.0,2100.0,1000.0,900.0,800.0,700.0,12200.0,700.0,21100.0,1200.0,2700.0,400.0,100.0,1400.0,1400.0,7700.0,500.0,400.0,1000.0,1000.0,1200.0,2500.0,6600.0,500.0,1200.0,17400.0,7700.0,4000.0,12100.0,11800.0,6200.0,700.0,61500.0,5900.0,12100.0,3200.0,1600.0,2600.0,0.0,25400.0,5700.0,900.0,1200.0,1000.0,8900.0,700.0,700.0,4200.0,600.0,400.0,19500.0,800.0,26900.0,200.0,2800.0,600.0,3600.0,2700.0,226900.0,916.0,981.0,373.0,56.0,345.0,2671.0,20757.0,16388.0,10489.0,4454.0,52088.0,19091.0,2771.0,2006.0,1819.0,25687.0,3400.0,1360.0,272.0,306.0,5338.0,1037.0,68.0,391.0,1547.0,238.0,306.0,23766.0,4216.0,2363.0,2533.0,32878.0,15113.0,799.0,476.0,986.0,17374.0,2669.0,425.0,85.0,476.0,3655.0,1190.0,357.0,170.0,2023.0,4981.0,1156.0,221.0,595.0,6953.0,2193.0,544.0,629.0,1105.0,4471.0,26146.0,3298.0,1581.0,3485.0,34510.0,1088.0,170.0,306.0,85.0,1649.0,578.0,187.0,153.0,255.0,1173.0,374.0,102.0,102.0,238.0,816.0,306.0,102.0,510.0,340.0,255.0,136.0,255.0,986.0,119.0,255.0,119.0,544.0,1037.0,2805.0,1071.0,850.0,1445.0,6171.0,28951.0,4369.0,2431.0,4930.0,40681.0,17561.0,12359.0,1173.0,986.0,32079.0,2686.0,646.0,204.0,374.0,3910.0,680.0,323.0,1088.0,20927.0,13328.0,1445.0,1377.0,37077.0,8109.0,544.0,221.0,391.0,9265.0,2958.0,1122.0,4437.0,1394.0,340.0,34.0,1853.0,2805.0,357.0,391.0,340.0,3893.0,595.0,221.0,51.0,119.0,986.0,15861.0,2584.0,867.0,1122.0,20434.0,36788.0,15912.0,2312.0,2499.0,57511.0,510.0,884.0,153.0,68.0,1615.0,1989.0,1819.0,442.0,1598.0,5848.0,2856.0,2006.0,527.0,3111.0,9180.0,5355.0,4709.0,1122.0,4216.0,16643.0,115617.0,45594.0,18717.0,15215.0,199801.0,,,,,,,,,,,,
2001-03-31,,,91386.0,26398.0,30583.0,38918.0,16817.0,132012.0,33797.0,26393.0,40350.0,28934.0,199553.0,329777.0,8028.0,11924.0,8302.0,1377.0,62352.0,70157.0,14076.0,23884.0,11490.0,8013.0,8814.0,7314.0,13039.0,10401.0,10633.0,45910.0,10275.0,58515.0,14150.0,33523.0,26235.0,428781.0,23122.0,59406.0,8375.0,14956.0,6645.0,3665.0,6118.0,3403.0,7899.0,3879.0,2340.0,23074.0,5424.0,28251.0,9419.0,17814.0,9467.0,233257.0,20030.0,2495.0,2292.0,2752.0,2054.0,1433.0,381.0,1475.0,2083.0,1757.0,2529.0,10790.0,2578.0,22230.0,1853.0,6651.0,6875.0,90258.0,12951.0,2750.0,1777.0,3838.0,1327.0,1011.0,655.0,837.0,1029.0,2798.0,2134.0,8040.0,1279.0,4731.0,1508.0,4761.0,4128.0,55554.0,6249.0,5506.0,1632.0,2338.0,1464.0,1904.0,1660.0,1599.0,2028.0,1967.0,3630.0,4006.0,994.0,3303.0,1370.0,4297.0,5765.0,49712.0,1300.0,6300.0,200.0,900.0,54300.0,3000.0,2400.0,700.0,300.0,4300.0,400.0,74000.0,1000.0,2600.0,3600.0,1800.0,1400.0,300.0,700.0,20100.0,800.0,32400.0,2400.0,4300.0,500.0,100.0,800.0,3200.0,11900.0,1100.0,500.0,1500.0,1000.0,500.0,2000.0,6600.0,900.0,900.0,22800.0,12900.0,5300.0,13700.0,12600.0,6300.0,1100.0,76600.0,9000.0,13500.0,6300.0,2200.0,2100.0,0.0,33000.0,5100.0,1000.0,700.0,900.0,8500.0,500.0,300.0,5200.0,500.0,0.0,25900.0,1000.0,33500.0,300.0,2400.0,800.0,3600.0,3700.0,283800.0,1146.0,1252.0,394.0,73.0,395.0,3260.0,22848.0,18020.0,11849.0,4828.0,57545.0,14348.0,3672.0,1717.0,1224.0,20961.0,2856.0,799.0,442.0,374.0,4471.0,799.0,68.0,238.0,1122.0,153.0,306.0,18156.0,4624.0,2227.0,1853.0,26860.0,13668.0,901.0,680.0,935.0,16184.0,2465.0,408.0,85.0,187.0,3145.0,2091.0,561.0,255.0,3094.0,4522.0,1224.0,238.0,578.0,6562.0,1734.0,425.0,850.0,612.0,3621.0,24497.0,3519.0,2142.0,2499.0,32657.0,1802.0,238.0,561.0,136.0,2737.0,1292.0,238.0,85.0,102.0,1717.0,1275.0,306.0,51.0,306.0,1938.0,238.0,136.0,595.0,238.0,255.0,102.0,85.0,680.0,153.0,340.0,102.0,187.0,782.0,4998.0,1513.0,952.0,986.0,8449.0,29495.0,5032.0,3094.0,3485.0,41106.0,9843.0,8143.0,1292.0,595.0,19873.0,1547.0,204.0,340.0,119.0,2210.0,680.0,238.0,935.0,12070.0,8585.0,1632.0,731.0,23018.0,4658.0,425.0,187.0,272.0,5542.0,1309.0,459.0,1955.0,1190.0,204.0,85.0,1513.0,1564.0,374.0,340.0,153.0,2431.0,323.0,153.0,51.0,187.0,714.0,9044.0,1615.0,714.0,782.0,12155.0,21114.0,10200.0,2346.0,1513.0,35173.0,476.0,799.0,255.0,187.0,1717.0,2142.0,2295.0,425.0,1513.0,6375.0,2431.0,1853.0,612.0,2958.0,8160.0,5049.0,4947.0,1292.0,4352.0,16252.0,96662.0,42823.0,20808.0,13906.0,176936.0,,,,,,,,,,,,
2001-04-30,,,92745.0,21951.0,29495.0,34295.0,18233.0,106145.0,33804.0,33428.0,31764.0,25668.0,226892.0,318899.0,7322.0,11619.0,8458.0,1380.0,74964.0,58695.0,15611.0,21994.0,11162.0,7975.0,10074.0,14261.0,13038.0,12666.0,12323.0,35901.0,6936.0,46078.0,11010.0,25473.0,27234.0,405395.0,32031.0,48064.0,9295.0,13441.0,6038.0,3550.0,7450.0,9369.0,8297.0,5302.0,5012.0,15039.0,2984.0,20212.0,7833.0,12796.0,10813.0,217526.0,24873.0,2338.0,3050.0,3515.0,2897.0,1474.0,636.0,1523.0,1567.0,1297.0,2632.0,9103.0,2354.0,19844.0,1436.0,5573.0,6813.0,90925.0,11096.0,2939.0,2084.0,3276.0,1243.0,887.0,456.0,901.0,960.0,3948.0,1963.0,6172.0,1023.0,2987.0,724.0,3707.0,3847.0,48213.0,6964.0,5354.0,1182.0,1762.0,984.0,2064.0,1532.0,2468.0,2214.0,2119.0,2716.0,5587.0,575.0,3035.0,1017.0,3397.0,5761.0,48731.0,400.0,6400.0,600.0,2100.0,55600.0,3800.0,3100.0,700.0,800.0,3700.0,900.0,78100.0,500.0,4300.0,3000.0,2200.0,1200.0,200.0,700.0,25500.0,700.0,38200.0,3000.0,7000.0,400.0,400.0,1300.0,3500.0,16400.0,800.0,600.0,1400.0,2100.0,1100.0,1500.0,7500.0,800.0,1500.0,21600.0,9400.0,5600.0,13800.0,12700.0,4400.0,500.0,70200.0,11300.0,14800.0,7700.0,1800.0,2800.0,300.0,38700.0,2300.0,400.0,1500.0,700.0,5400.0,700.0,500.0,4600.0,600.0,400.0,26300.0,900.0,34000.0,200.0,2700.0,1500.0,4400.0,7000.0,299900.0,639.0,924.0,221.0,144.0,382.0,2310.0,21709.0,20672.0,9384.0,3944.0,55709.0,8823.0,2108.0,1343.0,1241.0,13515.0,1173.0,697.0,340.0,136.0,2346.0,595.0,170.0,221.0,1003.0,204.0,306.0,10795.0,3026.0,1717.0,1632.0,17170.0,9945.0,697.0,442.0,1020.0,12104.0,2414.0,527.0,85.0,221.0,3247.0,1785.0,731.0,238.0,2958.0,3910.0,1207.0,204.0,459.0,5780.0,1666.0,476.0,1037.0,952.0,4131.0,19754.0,3638.0,2006.0,2856.0,28254.0,1496.0,272.0,340.0,221.0,2329.0,1649.0,442.0,85.0,102.0,2278.0,3859.0,578.0,85.0,1173.0,5695.0,289.0,119.0,578.0,476.0,238.0,102.0,238.0,1054.0,357.0,306.0,119.0,221.0,1003.0,8126.0,1955.0,816.0,2040.0,12937.0,27880.0,5593.0,2822.0,4896.0,41191.0,7157.0,5695.0,612.0,527.0,13991.0,986.0,221.0,102.0,136.0,1445.0,544.0,119.0,782.0,8687.0,6035.0,782.0,714.0,16218.0,1768.0,391.0,204.0,255.0,2618.0,493.0,340.0,969.0,408.0,204.0,68.0,731.0,935.0,391.0,221.0,170.0,1717.0,238.0,119.0,340.0,153.0,850.0,3842.0,1445.0,901.0,697.0,6885.0,12529.0,7480.0,1683.0,1411.0,23103.0,748.0,714.0,187.0,238.0,1887.0,1904.0,2618.0,459.0,1241.0,6222.0,2278.0,2040.0,629.0,2686.0,7922.0,4930.0,5372.0,1275.0,3825.0,16031.0,77843.0,42143.0,16881.0,13107.0,153204.0,,,,,,,,,,,,
2001-05-31,,,82683.0,20521.0,26693.0,27475.0,14965.0,116515.0,36286.0,30181.0,37937.0,23414.0,201596.0,380989.0,7541.0,11562.0,8062.0,1331.0,63454.0,48534.0,8080.0,24464.0,17095.0,4593.0,10205.0,6995.0,12037.0,11331.0,12441.0,34486.0,5487.0,25474.0,7573.0,17920.0,20022.0,330191.0,23930.0,40529.0,3876.0,16512.0,11325.0,1762.0,7264.0,3798.0,7770.0,5002.0,5520.0,14489.0,2602.0,11574.0,4969.0,8480.0,7126.0,176528.0,19320.0,1356.0,1902.0,2472.0,2248.0,1135.0,812.0,960.0,1503.0,1122.0,2225.0,8973.0,1455.0,7933.0,907.0,3174.0,3950.0,61447.0,15178.0,2473.0,1576.0,3652.0,2070.0,686.0,539.0,891.0,1218.0,3237.0,1985.0,5822.0,951.0,3851.0,956.0,3223.0,3634.0,51942.0,5026.0,4176.0,726.0,1828.0,1452.0,1010.0,1590.0,1346.0,1546.0,1970.0,2711.0,5202.0,479.0,2116.0,741.0,3043.0,5312.0,40274.0,700.0,5400.0,200.0,2500.0,38700.0,3000.0,2600.0,700.0,100.0,3000.0,800.0,57800.0,1600.0,6300.0,5600.0,2600.0,2000.0,800.0,1300.0,35900.0,2000.0,58000.0,5100.0,11000.0,1400.0,1600.0,2000.0,5300.0,27600.0,600.0,400.0,2000.0,3600.0,800.0,1500.0,9000.0,700.0,1000.0,21200.0,8800.0,4600.0,12000.0,10100.0,2900.0,300.0,61500.0,7800.0,10800.0,6000.0,1700.0,2200.0,300.0,28700.0,2100.0,600.0,400.0,500.0,4000.0,300.0,500.0,7400.0,500.0,400.0,29500.0,900.0,39600.0,400.0,1900.0,1100.0,3400.0,6500.0,296000.0,333.0,890.0,289.0,82.0,462.0,2056.0,9451.0,14482.0,11505.0,3588.0,39026.0,5655.0,1768.0,1612.0,1066.0,10101.0,767.0,351.0,195.0,338.0,1651.0,559.0,117.0,104.0,793.0,182.0,273.0,7163.0,2301.0,1833.0,1521.0,12818.0,8775.0,442.0,325.0,533.0,10075.0,1430.0,377.0,91.0,78.0,1976.0,520.0,364.0,286.0,1287.0,3263.0,832.0,195.0,403.0,4693.0,1742.0,481.0,988.0,481.0,3692.0,15743.0,2496.0,1885.0,1625.0,21749.0,1742.0,195.0,507.0,221.0,2665.0,1976.0,338.0,130.0,208.0,2652.0,1482.0,169.0,78.0,234.0,1963.0,143.0,117.0,377.0,1807.0,273.0,143.0,221.0,2444.0,208.0,208.0,91.0,273.0,780.0,7358.0,1300.0,1027.0,1196.0,10881.0,23101.0,3796.0,2912.0,2821.0,32630.0,4355.0,2639.0,806.0,416.0,8216.0,468.0,91.0,169.0,91.0,819.0,390.0,130.0,624.0,5213.0,2860.0,1027.0,559.0,9659.0,1378.0,39.0,169.0,117.0,1703.0,299.0,195.0,650.0,221.0,39.0,26.0,312.0,546.0,117.0,221.0,143.0,1027.0,143.0,91.0,273.0,247.0,754.0,2587.0,481.0,780.0,598.0,4446.0,7800.0,3341.0,1807.0,1157.0,14105.0,338.0,364.0,143.0,39.0,884.0,1482.0,2249.0,559.0,1222.0,5512.0,1105.0,1547.0,819.0,2249.0,5967.0,2925.0,4160.0,1521.0,3263.0,12363.0,50440.0,28080.0,19578.0,10712.0,110942.0,,,,,,,,,,,,
2001-06-30,,,87511.0,16630.0,25890.0,23652.0,12712.0,110706.0,34135.0,22451.0,44961.0,19081.0,206341.0,337137.0,6755.0,11224.0,7644.0,1344.0,77422.0,49074.0,11771.0,34247.0,8879.0,6890.0,13076.0,4012.0,11062.0,8522.0,9196.0,43084.0,4187.0,35902.0,7224.0,23507.0,21939.0,369994.0,36841.0,40478.0,6713.0,26405.0,5872.0,3175.0,9927.0,1686.0,6462.0,2926.0,3261.0,17070.0,1631.0,21082.0,4277.0,11330.0,8108.0,207244.0,22419.0,1556.0,2729.0,3106.0,1387.0,1410.0,989.0,614.0,1891.0,1575.0,2164.0,8857.0,1507.0,8871.0,970.0,5035.0,4826.0,69906.0,12113.0,2599.0,1273.0,2839.0,973.0,663.0,342.0,702.0,993.0,2674.0,1788.0,4286.0,647.0,2980.0,937.0,3338.0,2932.0,42079.0,6049.0,4441.0,1056.0,1897.0,647.0,1642.0,1818.0,1010.0,1716.0,1347.0,1983.0,12871.0,402.0,2969.0,1040.0,3804.0,6073.0,50765.0,1000.0,8800.0,800.0,2400.0,41000.0,1700.0,3900.0,700.0,900.0,3400.0,800.0,65200.0,800.0,6200.0,3100.0,4400.0,2300.0,1100.0,1400.0,35100.0,2700.0,57200.0,7800.0,9400.0,900.0,900.0,1600.0,5800.0,28100.0,600.0,800.0,2900.0,2300.0,800.0,1600.0,9000.0,400.0,1000.0,28400.0,8300.0,4300.0,12500.0,16200.0,5700.0,300.0,77000.0,7300.0,11800.0,6200.0,2200.0,3600.0,200.0,31400.0,1900.0,100.0,1600.0,400.0,4200.0,0.0,500.0,10000.0,100.0,300.0,34900.0,600.0,46500.0,200.0,2600.0,1300.0,4100.0,5100.0,327600.0,319.0,768.0,144.0,0.0,331.0,1562.0,13052.0,16016.0,10361.0,3887.0,43316.0,7397.0,2808.0,1144.0,2405.0,13754.0,507.0,390.0,169.0,156.0,1222.0,299.0,78.0,247.0,650.0,130.0,234.0,8333.0,3328.0,1339.0,2860.0,15860.0,6461.0,481.0,468.0,416.0,7826.0,1170.0,858.0,52.0,247.0,2327.0,910.0,416.0,260.0,1755.0,3315.0,1248.0,169.0,507.0,5239.0,949.0,650.0,767.0,689.0,3055.0,12818.0,3653.0,1716.0,2028.0,20215.0,2223.0,351.0,351.0,117.0,3042.0,559.0,221.0,91.0,65.0,936.0,481.0,143.0,91.0,247.0,962.0,312.0,117.0,663.0,559.0,312.0,52.0,234.0,1157.0,182.0,221.0,78.0,130.0,611.0,4316.0,1365.0,728.0,962.0,7371.0,17134.0,5018.0,2444.0,2990.0,27586.0,4368.0,2236.0,585.0,676.0,7865.0,494.0,156.0,117.0,52.0,819.0,481.0,130.0,676.0,5343.0,2522.0,715.0,780.0,9360.0,494.0,195.0,130.0,208.0,1027.0,338.0,78.0,546.0,221.0,39.0,26.0,338.0,533.0,78.0,260.0,364.0,1235.0,65.0,169.0,39.0,26.0,299.0,1651.0,559.0,520.0,715.0,3445.0,6994.0,3081.0,1235.0,1495.0,12805.0,182.0,520.0,104.0,104.0,910.0,1690.0,1794.0,533.0,1300.0,5317.0,1404.0,1716.0,598.0,2548.0,6435.0,3276.0,4030.0,1235.0,3705.0,12662.0,48789.0,31473.0,16614.0,11401.0,112229.0,,,,,,,,,,,,
2001-07-31,,,85417.0,20347.0,25132.0,25928.0,11675.0,108803.0,36386.0,20574.0,29609.0,18302.0,221048.0,400172.0,6289.0,11646.0,8215.0,1422.0,74477.0,62933.0,17312.0,22744.0,12095.0,10556.0,11670.0,7266.0,16451.0,15997.0,10905.0,47625.0,6908.0,46787.0,12578.0,40577.0,30038.0,446919.0,32485.0,38652.0,7955.0,9465.0,5073.0,3679.0,7303.0,2731.0,8752.0,5659.0,2753.0,16806.0,2757.0,25502.0,8078.0,21428.0,13102.0,212180.0,17971.0,1836.0,2919.0,2524.0,1627.0,1359.0,925.0,1002.0,1925.0,1778.0,1697.0,7924.0,2053.0,11166.0,1404.0,6789.0,5416.0,70315.0,14319.0,3287.0,1518.0,3186.0,1193.0,735.0,376.0,740.0,1411.0,2562.0,2051.0,8212.0,797.0,3964.0,947.0,3302.0,3219.0,51819.0,9702.0,19158.0,4920.0,7569.0,4202.0,4783.0,3066.0,2793.0,4363.0,5998.0,4404.0,14683.0,1301.0,6155.0,2149.0,9058.0,8301.0,112605.0,600.0,9500.0,400.0,2300.0,46500.0,1600.0,2800.0,1000.0,300.0,3000.0,300.0,68400.0,900.0,3800.0,5200.0,3400.0,1400.0,600.0,1700.0,31800.0,2700.0,51400.0,7800.0,8900.0,1500.0,1400.0,1800.0,5500.0,28500.0,600.0,200.0,3200.0,2600.0,900.0,1900.0,9400.0,500.0,1100.0,33100.0,10700.0,3300.0,15300.0,16300.0,3800.0,400.0,84400.0,7100.0,9300.0,6500.0,2200.0,2200.0,0.0,27400.0,1900.0,500.0,1300.0,600.0,4500.0,300.0,100.0,7000.0,200.0,300.0,24600.0,1200.0,33700.0,400.0,2600.0,1300.0,4200.0,1600.0,313500.0,709.0,1123.0,257.0,54.0,570.0,2713.0,22491.0,12733.0,10404.0,4080.0,49708.0,8262.0,2227.0,986.0,3417.0,14892.0,986.0,561.0,119.0,221.0,1887.0,646.0,136.0,476.0,1343.0,204.0,323.0,10098.0,2992.0,1207.0,4148.0,18445.0,9996.0,918.0,578.0,986.0,12478.0,2244.0,1105.0,17.0,850.0,4216.0,1496.0,833.0,238.0,3111.0,6681.0,1870.0,255.0,1479.0,10285.0,1972.0,765.0,935.0,1343.0,5015.0,22389.0,5508.0,2023.0,5202.0,35122.0,969.0,238.0,374.0,170.0,1751.0,391.0,187.0,119.0,119.0,816.0,578.0,221.0,51.0,289.0,1139.0,374.0,102.0,646.0,323.0,187.0,34.0,238.0,782.0,204.0,272.0,34.0,255.0,765.0,2839.0,1207.0,663.0,1190.0,5899.0,25228.0,6715.0,2686.0,6392.0,41021.0,6018.0,4046.0,646.0,782.0,11492.0,629.0,187.0,68.0,187.0,1071.0,748.0,170.0,1020.0,7395.0,4403.0,748.0,1037.0,13583.0,1020.0,289.0,136.0,374.0,1819.0,578.0,357.0,969.0,170.0,204.0,34.0,459.0,1411.0,374.0,102.0,476.0,2363.0,119.0,153.0,17.0,119.0,408.0,3298.0,1377.0,323.0,1020.0,6018.0,10693.0,5780.0,1071.0,2057.0,19601.0,442.0,544.0,85.0,119.0,1190.0,2584.0,1870.0,493.0,1394.0,6341.0,1802.0,1955.0,714.0,2856.0,8058.0,4828.0,4369.0,1292.0,3876.0,15589.0,73338.0,32589.0,16660.0,13634.0,144364.0,,,,,,,,,,,,
2001-08-31,,,77333.0,18710.0,23440.0,26064.0,12075.0,121093.0,44609.0,25040.0,35675.0,17027.0,227488.0,423883.0,6497.0,12182.0,8487.0,1403.0,74496.0,74348.0,12176.0,21600.0,11054.0,5279.0,8706.0,5482.0,12241.0,13456.0,8343.0,33552.0,5283.0,35305.0,9574.0,28202.0,25414.0,384511.0,33922.0,45112.0,6603.0,11542.0,6429.0,1808.0,6178.0,2260.0,7627.0,5813.0,2601.0,14278.0,2040.0,16552.0,6002.0,15158.0,10943.0,194868.0,15982.0,2739.0,2443.0,2175.0,1584.0,904.0,651.0,671.0,1405.0,1243.0,1762.0,5368.0,1618.0,10121.0,1128.0,5218.0,4773.0,59785.0,14445.0,3100.0,1432.0,3007.0,969.0,619.0,334.0,635.0,626.0,3091.0,1199.0,7665.0,717.0,2687.0,1040.0,2576.0,2945.0,47087.0,10147.0,23397.0,1698.0,4876.0,2072.0,1948.0,1543.0,1916.0,2583.0,3309.0,2781.0,6241.0,908.0,5945.0,1404.0,5250.0,6753.0,82771.0,900.0,7800.0,300.0,1300.0,53100.0,1900.0,2700.0,400.0,400.0,3000.0,400.0,72200.0,700.0,3300.0,3900.0,3000.0,1600.0,700.0,1000.0,32700.0,1600.0,48600.0,4400.0,7100.0,800.0,1300.0,1400.0,3600.0,19600.0,500.0,400.0,1300.0,1400.0,600.0,1300.0,5600.0,500.0,900.0,29200.0,9500.0,4100.0,13900.0,13400.0,3600.0,200.0,75100.0,7600.0,11100.0,4900.0,1200.0,2300.0,100.0,27100.0,2500.0,500.0,800.0,400.0,4300.0,200.0,100.0,5800.0,300.0,200.0,24300.0,900.0,31900.0,500.0,2500.0,1800.0,4800.0,2500.0,291700.0,290.0,627.0,276.0,36.0,322.0,1551.0,23580.0,13230.0,10830.0,6480.0,54120.0,6000.0,2235.0,1620.0,1815.0,11670.0,810.0,570.0,105.0,255.0,1740.0,300.0,90.0,150.0,585.0,120.0,180.0,7230.0,2940.0,1785.0,2220.0,14175.0,12615.0,1260.0,390.0,1275.0,15540.0,1365.0,525.0,30.0,300.0,2220.0,1530.0,375.0,210.0,2235.0,4890.0,1245.0,165.0,510.0,6810.0,1950.0,570.0,900.0,1155.0,4575.0,22365.0,3975.0,1695.0,3390.0,31425.0,1200.0,225.0,420.0,105.0,1950.0,780.0,285.0,75.0,105.0,1245.0,375.0,195.0,75.0,165.0,810.0,105.0,90.0,315.0,150.0,195.0,120.0,165.0,630.0,90.0,225.0,105.0,180.0,600.0,2700.0,1215.0,825.0,810.0,5550.0,25065.0,5190.0,2520.0,4200.0,36975.0,5370.0,3315.0,705.0,720.0,10110.0,390.0,75.0,90.0,195.0,750.0,510.0,90.0,690.0,6270.0,3480.0,825.0,975.0,11550.0,900.0,240.0,165.0,375.0,1680.0,285.0,180.0,645.0,255.0,60.0,45.0,435.0,1710.0,450.0,105.0,420.0,2685.0,195.0,135.0,30.0,180.0,540.0,3345.0,1065.0,420.0,1155.0,5985.0,9615.0,4545.0,1245.0,2130.0,17535.0,825.0,480.0,135.0,165.0,1605.0,1530.0,1995.0,705.0,1110.0,5340.0,2010.0,1575.0,540.0,2655.0,7065.0,4365.0,4050.0,1380.0,3795.0,14010.0,69855.0,29955.0,17760.0,16260.0,136815.0,,,,,,,,,,,,
2001-09-30,,,58667.0,14964.0,28180.0,27213.0,13807.0,117575.0,31246.0,21011.0,29242.0,14334.0,177800.0,348174.0,6262.0,11188.0,7673.0,1198.0,84101.0,49580.0,10592.0,21050.0,15435.0,5951.0,6268.0,5303.0,10486.0,11487.0,9547.0,24062.0,5315.0,39797.0,11859.0,31761.0,23628.0,366222.0,39253.0,27956.0,4964.0,11654.0,9354.0,2001.0,4309.0,1906.0,5675.0,4699.0,2405.0,8836.0,2026.0,17505.0,7782.0,15285.0,7985.0,173595.0,20268.0,2094.0,2259.0,2168.0,2177.0,1053.0,641.0,735.0,1378.0,1594.0,1978.0,4710.0,1269.0,12249.0,1178.0,4935.0,5030.0,65716.0,13484.0,2482.0,1475.0,2549.0,967.0,762.0,364.0,787.0,930.0,2716.0,1931.0,6228.0,882.0,3729.0,943.0,3580.0,3675.0,47484.0,11096.0,17048.0,1894.0,4679.0,2937.0,2135.0,954.0,1875.0,2503.0,2478.0,3233.0,4288.0,1138.0,6314.0,1956.0,7961.0,6938.0,79427.0,1000.0,9900.0,200.0,2300.0,54000.0,2100.0,2900.0,800.0,200.0,3700.0,700.0,77800.0,1100.0,5800.0,4800.0,2800.0,1600.0,400.0,1200.0,30900.0,1100.0,49700.0,3600.0,10800.0,1000.0,400.0,1900.0,3400.0,21500.0,1600.0,600.0,1500.0,1600.0,600.0,2000.0,7900.0,400.0,1000.0,33000.0,11300.0,3600.0,16100.0,18100.0,5000.0,700.0,89100.0,15500.0,11400.0,8300.0,2500.0,3000.0,100.0,40800.0,2700.0,500.0,1100.0,1100.0,6000.0,500.0,400.0,6600.0,700.0,600.0,23600.0,700.0,33100.0,500.0,3200.0,1300.0,5000.0,2100.0,333000.0,481.0,826.0,305.0,50.0,223.0,1885.0,27750.0,16245.0,9450.0,4650.0,58095.0,4815.0,1380.0,1185.0,870.0,8250.0,885.0,300.0,165.0,180.0,1530.0,615.0,60.0,225.0,915.0,105.0,180.0,6420.0,1770.0,1365.0,1320.0,10875.0,7890.0,660.0,315.0,870.0,9735.0,1095.0,570.0,45.0,300.0,2010.0,1170.0,600.0,135.0,2025.0,3375.0,1485.0,210.0,450.0,5520.0,1290.0,645.0,1110.0,1050.0,4095.0,14820.0,3990.0,1815.0,2820.0,23445.0,1425.0,210.0,255.0,150.0,2040.0,1860.0,300.0,60.0,165.0,2385.0,705.0,180.0,75.0,240.0,1200.0,195.0,90.0,405.0,330.0,240.0,60.0,285.0,915.0,210.0,180.0,45.0,225.0,660.0,4725.0,1200.0,570.0,1110.0,7605.0,19545.0,5190.0,2385.0,3930.0,31050.0,4785.0,3015.0,780.0,675.0,9255.0,615.0,240.0,60.0,165.0,1080.0,420.0,165.0,720.0,5820.0,3420.0,900.0,915.0,11055.0,1530.0,210.0,150.0,360.0,2250.0,660.0,225.0,915.0,555.0,135.0,150.0,900.0,1320.0,120.0,210.0,345.0,1995.0,225.0,90.0,45.0,165.0,525.0,4290.0,780.0,465.0,1050.0,6585.0,10110.0,4200.0,1365.0,1965.0,17640.0,420.0,630.0,135.0,75.0,1260.0,1845.0,2055.0,510.0,1170.0,5580.0,1665.0,1605.0,525.0,2700.0,6675.0,3930.0,4290.0,1170.0,3750.0,13515.0,67755.0,31695.0,15735.0,12780.0,131175.0,,,,,,,,,,,,
2001-10-31,,,73983.0,21900.0,27711.0,35944.0,19850.0,84667.0,34072.0,24244.0,25531.0,18497.0,197655.0,397809.0,6776.0,11420.0,7653.0,1269.0,70843.0,40534.0,10768.0,22426.0,9731.0,8381.0,6715.0,7329.0,12068.0,13079.0,10184.0,29836.0,7634.0,53163.0,15992.0,38216.0,21608.0,378507.0,29705.0,22465.0,5591.0,8849.0,4273.0,3358.0,4408.0,3315.0,6505.0,5462.0,2573.0,13735.0,3659.0,24322.0,10796.0,20515.0,6721.0,176252.0,16053.0,1434.0,1826.0,1721.0,1642.0,1217.0,472.0,772.0,1152.0,1684.0,1764.0,4599.0,1882.0,15807.0,1459.0,5984.0,4758.0,64226.0,15008.0,2658.0,1384.0,3206.0,1237.0,1047.0,621.0,1048.0,959.0,2889.0,2621.0,6144.0,954.0,3878.0,946.0,4295.0,3715.0,52610.0,10077.0,13977.0,1967.0,8650.0,2579.0,2759.0,1214.0,2194.0,3452.0,3044.0,3226.0,5358.0,1139.0,9156.0,2791.0,7422.0,6414.0,85419.0,1100.0,9300.0,600.0,1500.0,44000.0,2600.0,2300.0,800.0,600.0,2800.0,1100.0,66500.0,500.0,3400.0,3000.0,1600.0,300.0,200.0,700.0,19000.0,700.0,29500.0,1600.0,4000.0,800.0,700.0,1400.0,1500.0,10400.0,300.0,200.0,500.0,900.0,500.0,1400.0,3800.0,700.0,1900.0,25000.0,9000.0,3900.0,14500.0,15600.0,3400.0,200.0,74300.0,9200.0,11000.0,6100.0,2200.0,2800.0,0.0,31400.0,3200.0,300.0,500.0,700.0,5900.0,500.0,300.0,2300.0,300.0,600.0,15800.0,600.0,20500.0,500.0,1900.0,800.0,3200.0,1000.0,246500.0,476.0,775.0,390.0,133.0,277.0,2051.0,17272.0,14450.0,9350.0,5763.0,46835.0,9146.0,1666.0,1853.0,1377.0,14042.0,1581.0,612.0,238.0,204.0,2635.0,391.0,51.0,204.0,697.0,170.0,204.0,11288.0,2363.0,2142.0,1785.0,17578.0,6426.0,442.0,493.0,816.0,8177.0,1904.0,391.0,238.0,221.0,2754.0,1445.0,340.0,136.0,2142.0,3689.0,1445.0,221.0,629.0,5984.0,1921.0,408.0,901.0,1241.0,4471.0,15419.0,3026.0,1989.0,3145.0,23579.0,1513.0,323.0,323.0,170.0,2329.0,918.0,221.0,102.0,221.0,1462.0,1887.0,340.0,51.0,510.0,2788.0,306.0,85.0,544.0,527.0,221.0,119.0,238.0,1105.0,119.0,204.0,68.0,357.0,748.0,5270.0,1394.0,680.0,1632.0,8976.0,20689.0,4420.0,2669.0,4777.0,32555.0,8279.0,4964.0,442.0,629.0,14314.0,1462.0,255.0,187.0,323.0,2227.0,527.0,306.0,935.0,10268.0,5525.0,697.0,986.0,17476.0,4454.0,374.0,102.0,153.0,5083.0,1785.0,442.0,2414.0,867.0,170.0,34.0,1173.0,1921.0,187.0,357.0,425.0,2890.0,221.0,255.0,85.0,357.0,918.0,9248.0,1428.0,629.0,1173.0,12478.0,19516.0,6953.0,1326.0,2159.0,29954.0,595.0,544.0,51.0,119.0,1309.0,1904.0,2057.0,629.0,1445.0,6035.0,2414.0,1615.0,646.0,2737.0,7701.0,4913.0,4216.0,1326.0,4063.0,15045.0,73678.0,32402.0,16813.0,16031.0,141967.0,,,,,,,,,,,,
2001-11-30,,,75409.0,23807.0,24408.0,35244.0,17111.0,96314.0,36139.0,25133.0,38301.0,16955.0,184930.0,406225.0,6736.0,12084.0,8269.0,1264.0,63176.0,41120.0,9904.0,28919.0,11490.0,4928.0,5874.0,4410.0,14862.0,12266.0,8362.0,30869.0,8596.0,57250.0,13054.0,38065.0,23049.0,376194.0,25521.0,28809.0,4595.0,16959.0,6317.0,1716.0,3732.0,1961.0,9332.0,4176.0,2177.0,15722.0,4344.0,26211.0,8921.0,20265.0,8035.0,188793.0,17396.0,1594.0,1881.0,2578.0,2085.0,1037.0,577.0,623.0,1048.0,1149.0,1389.0,5489.0,1997.0,19516.0,1235.0,6929.0,5812.0,72335.0,12039.0,2153.0,1989.0,3046.0,1029.0,779.0,302.0,678.0,1244.0,3868.0,1807.0,5921.0,1222.0,3703.0,1177.0,4681.0,3125.0,48763.0,8220.0,8564.0,1439.0,6336.0,2059.0,1396.0,1263.0,1148.0,3238.0,3073.0,2989.0,3737.0,1033.0,7820.0,1721.0,6190.0,6077.0,66303.0,600.0,7500.0,500.0,1700.0,44500.0,2000.0,2100.0,200.0,500.0,2800.0,600.0,62900.0,500.0,1900.0,3000.0,1000.0,400.0,400.0,500.0,15600.0,700.0,24000.0,700.0,2400.0,200.0,500.0,700.0,1200.0,6000.0,500.0,300.0,1300.0,600.0,500.0,1300.0,4600.0,400.0,1000.0,16100.0,6600.0,4400.0,12400.0,11700.0,5300.0,700.0,58600.0,7200.0,13300.0,4600.0,1700.0,3300.0,400.0,30700.0,7200.0,500.0,1200.0,1000.0,10800.0,400.0,500.0,3000.0,700.0,400.0,18000.0,1300.0,24300.0,300.0,3000.0,1600.0,4900.0,600.0,227400.0,442.0,678.0,351.0,206.0,356.0,2033.0,16650.0,15705.0,10800.0,4035.0,47190.0,12180.0,1890.0,1440.0,960.0,16470.0,2565.0,960.0,315.0,165.0,4005.0,405.0,60.0,210.0,735.0,210.0,285.0,15360.0,2940.0,1815.0,1380.0,21495.0,8250.0,690.0,495.0,540.0,9975.0,1785.0,420.0,225.0,180.0,2610.0,1185.0,450.0,150.0,1950.0,4665.0,1200.0,285.0,750.0,6900.0,1590.0,645.0,1560.0,1020.0,4815.0,17505.0,3405.0,2730.0,2655.0,26295.0,2595.0,435.0,420.0,210.0,3660.0,1635.0,360.0,165.0,150.0,2310.0,510.0,240.0,30.0,195.0,975.0,270.0,165.0,480.0,405.0,285.0,75.0,195.0,960.0,105.0,210.0,105.0,345.0,765.0,5520.0,1695.0,825.0,1110.0,9150.0,23025.0,5100.0,3555.0,3765.0,35445.0,12480.0,6645.0,1005.0,1020.0,21150.0,2145.0,315.0,210.0,270.0,2940.0,765.0,315.0,1200.0,15390.0,7275.0,1260.0,1365.0,25290.0,6195.0,615.0,270.0,405.0,7485.0,2850.0,555.0,3615.0,1350.0,150.0,75.0,1695.0,2760.0,390.0,225.0,300.0,3675.0,465.0,75.0,495.0,510.0,1545.0,13620.0,1785.0,1125.0,1485.0,18015.0,29010.0,9060.0,2385.0,2850.0,43305.0,435.0,1140.0,90.0,135.0,1800.0,2055.0,2520.0,765.0,1530.0,6870.0,2340.0,1860.0,525.0,3510.0,8415.0,4830.0,5520.0,1380.0,4920.0,17085.0,88875.0,38325.0,19935.0,15150.0,164520.0,,,,,,,,,,,,
2001-12-31,,,74135.0,23114.0,28866.0,29770.0,11584.0,112645.0,38420.0,29484.0,56193.0,26705.0,199861.0,457913.0,6654.0,12844.0,8783.0,1387.0,69474.0,55094.0,15530.0,38554.0,17544.0,17831.0,7679.0,7112.0,24628.0,13898.0,12036.0,40353.0,12286.0,92575.0,13689.0,50897.0,33763.0,522943.0,24047.0,31278.0,9109.0,25033.0,10349.0,12082.0,5730.0,3922.0,13562.0,5345.0,4794.0,18876.0,5235.0,41455.0,8375.0,24976.0,14995.0,259163.0,26573.0,4327.0,3418.0,4748.0,3604.0,2232.0,626.0,1174.0,2557.0,2264.0,3052.0,11404.0,4890.0,37325.0,2743.0,15114.0,9743.0,135794.0,7424.0,3032.0,1345.0,2151.0,792.0,440.0,295.0,712.0,2442.0,3264.0,1007.0,3972.0,724.0,2166.0,574.0,2251.0,1955.0,34546.0,11430.0,16457.0,1658.0,6622.0,2799.0,3077.0,1028.0,1304.0,6067.0,3025.0,3183.0,6101.0,1437.0,11629.0,1997.0,8556.0,7070.0,93440.0,800.0,11600.0,300.0,1500.0,71100.0,1800.0,2100.0,1000.0,600.0,2600.0,800.0,94100.0,1100.0,3500.0,3300.0,2200.0,900.0,300.0,900.0,25200.0,1200.0,38500.0,1400.0,4300.0,800.0,500.0,1000.0,2600.0,11000.0,1300.0,800.0,800.0,800.0,400.0,1800.0,5900.0,1500.0,1200.0,17600.0,10900.0,9100.0,13200.0,14500.0,9600.0,1200.0,78900.0,13900.0,17300.0,6700.0,2700.0,5100.0,300.0,46000.0,8400.0,700.0,2700.0,800.0,13200.0,900.0,900.0,8200.0,1100.0,800.0,23800.0,2500.0,38100.0,1100.0,4300.0,1100.0,6500.0,900.0,333200.0,487.0,1066.0,390.0,72.0,725.0,2740.0,24990.0,38981.0,6800.0,3706.0,74477.0,11560.0,6171.0,1105.0,1003.0,19839.0,2550.0,2125.0,119.0,255.0,5049.0,663.0,289.0,221.0,1258.0,323.0,476.0,15096.0,8653.0,1326.0,1547.0,26622.0,10880.0,1666.0,527.0,544.0,13617.0,2023.0,459.0,170.0,136.0,2788.0,2550.0,901.0,272.0,3859.0,6987.0,2720.0,170.0,1224.0,11101.0,2040.0,867.0,2091.0,595.0,5593.0,24514.0,6613.0,3230.0,2652.0,37009.0,4607.0,867.0,204.0,238.0,5916.0,2040.0,833.0,85.0,102.0,3060.0,952.0,340.0,68.0,68.0,1428.0,3196.0,561.0,3961.0,816.0,306.0,51.0,119.0,1292.0,595.0,544.0,17.0,357.0,1513.0,12206.0,3451.0,442.0,1071.0,17170.0,36720.0,10064.0,3672.0,3723.0,54179.0,12665.0,19516.0,493.0,1207.0,33881.0,2193.0,1020.0,85.0,221.0,3519.0,714.0,663.0,1462.0,15572.0,21199.0,595.0,1496.0,38862.0,4981.0,901.0,119.0,289.0,6290.0,2652.0,1207.0,4029.0,1428.0,680.0,119.0,2346.0,2278.0,1037.0,187.0,340.0,3842.0,340.0,510.0,51.0,187.0,1088.0,11679.0,4335.0,510.0,1071.0,17595.0,27251.0,25534.0,1105.0,2567.0,56457.0,493.0,1326.0,68.0,85.0,1972.0,4709.0,5440.0,442.0,2414.0,13005.0,3655.0,3553.0,646.0,4981.0,13056.0,8857.0,10319.0,1156.0,7089.0,28033.0,112914.0,93551.0,14059.0,17051.0,239768.0,,,,,,,,,,,,
2002-01-31,,,76294.0,21864.0,30578.0,28790.0,11177.0,109993.0,42997.0,17300.0,26545.0,16057.0,188710.0,454817.0,7388.94,13063.68,9531.68,3442.68,48062.0,51491.0,9625.0,13958.0,7024.0,6151.0,9527.0,4763.0,22474.0,15404.0,8061.0,37589.0,11210.0,61102.0,11063.0,35876.0,25694.0,379074.0,19071.0,28090.0,3519.0,4576.0,2098.0,1521.0,5764.0,1294.0,12088.0,4896.0,1590.0,18202.0,6052.0,28543.0,6486.0,17055.0,11716.0,172561.0,12701.0,1943.0,1468.0,1693.0,1171.0,637.0,658.0,567.0,1579.0,1069.0,1313.0,4817.0,2510.0,19963.0,1720.0,7479.0,3941.0,65229.0,7074.0,2158.0,999.0,2388.0,615.0,555.0,415.0,446.0,1354.0,3103.0,938.0,6046.0,655.0,3181.0,644.0,2932.0,1784.0,35287.0,9216.0,19300.0,3639.0,5301.0,3140.0,3438.0,2690.0,2456.0,7453.0,6336.0,4220.0,8524.0,1993.0,9415.0,2213.0,8410.0,8253.0,105997.0,600.0,10200.0,300.0,700.0,47400.0,2100.0,2600.0,200.0,500.0,2200.0,800.0,67600.0,900.0,2900.0,2600.0,1400.0,800.0,600.0,1000.0,17600.0,500.0,28200.0,900.0,2000.0,0.0,300.0,700.0,900.0,5200.0,800.0,700.0,700.0,300.0,800.0,1100.0,4400.0,700.0,1000.0,17500.0,8500.0,4900.0,13200.0,12100.0,8400.0,500.0,66800.0,7900.0,11800.0,5100.0,1700.0,2600.0,200.0,29200.0,3300.0,100.0,900.0,300.0,4800.0,300.0,500.0,4700.0,200.0,300.0,21500.0,900.0,28500.0,200.0,2200.0,1900.0,4300.0,500.0,239500.0,742.0,1150.0,552.0,94.0,217.0,2755.0,21357.0,18123.0,6951.0,4242.0,50673.0,18501.0,3171.0,1617.0,1911.0,25200.0,4242.0,1512.0,126.0,399.0,6279.0,1092.0,147.0,441.0,1680.0,441.0,546.0,24276.0,4893.0,1764.0,2772.0,33705.0,11844.0,945.0,441.0,1239.0,14469.0,2751.0,840.0,126.0,609.0,4326.0,840.0,483.0,105.0,1617.0,9576.0,2772.0,210.0,1680.0,14238.0,2142.0,924.0,1008.0,1911.0,5985.0,27153.0,5985.0,1890.0,5649.0,40677.0,840.0,210.0,315.0,651.0,2016.0,420.0,189.0,63.0,105.0,777.0,567.0,147.0,105.0,483.0,1302.0,84.0,147.0,357.0,441.0,231.0,63.0,273.0,1008.0,210.0,273.0,126.0,357.0,966.0,2562.0,1197.0,714.0,1953.0,6426.0,29715.0,7182.0,2604.0,7602.0,47103.0,17556.0,13335.0,630.0,882.0,32403.0,2583.0,777.0,357.0,378.0,4095.0,840.0,420.0,1407.0,20979.0,14532.0,987.0,1407.0,37905.0,4998.0,798.0,168.0,315.0,6279.0,2982.0,756.0,4053.0,1911.0,210.0,147.0,2373.0,1848.0,714.0,231.0,567.0,3360.0,252.0,294.0,63.0,273.0,882.0,11991.0,2772.0,630.0,1554.0,16947.0,32970.0,17304.0,1617.0,2961.0,54852.0,441.0,336.0,105.0,126.0,1008.0,3675.0,1932.0,231.0,1638.0,7476.0,3276.0,1764.0,378.0,3633.0,9828.0,7392.0,4032.0,714.0,4998.0,18312.0,115710.0,51534.0,13650.0,17787.0,204645.0,,,,,,,,,,,,
2002-02-28,,,58438.0,17663.0,19491.0,27639.0,10491.0,93815.0,36946.0,20173.0,23830.0,12461.0,191475.0,471528.0,6441.64,12130.56,8834.24,3150.34,44826.0,56511.0,17920.0,25817.0,17420.0,7798.0,10797.0,5782.0,14156.0,26201.0,10271.0,42293.0,10865.0,71257.0,14439.0,37280.0,23508.0,437141.0,15090.0,29874.0,9288.0,11743.0,8661.0,1672.0,6239.0,2048.0,7315.0,14521.0,2187.0,20039.0,5650.0,36506.0,8707.0,17718.0,9099.0,206357.0,10081.0,2308.0,2754.0,2436.0,1745.0,699.0,1028.0,423.0,1438.0,2233.0,1667.0,4843.0,2325.0,21429.0,1715.0,6788.0,4225.0,68137.0,11427.0,2803.0,1509.0,2968.0,1012.0,726.0,349.0,665.0,919.0,2498.0,1754.0,7435.0,872.0,3956.0,1200.0,3630.0,2632.0,46355.0,8228.0,21526.0,4369.0,8670.0,6002.0,4701.0,3181.0,2646.0,4484.0,6949.0,4663.0,9976.0,2018.0,9366.0,2817.0,9144.0,7552.0,116292.0,700.0,6800.0,400.0,500.0,48200.0,2500.0,3000.0,600.0,100.0,1500.0,800.0,65100.0,800.0,1600.0,2000.0,1000.0,500.0,200.0,400.0,14200.0,500.0,21200.0,900.0,2000.0,300.0,200.0,600.0,1500.0,5600.0,500.0,300.0,900.0,900.0,500.0,1700.0,4900.0,200.0,1000.0,13600.0,9200.0,4300.0,11600.0,10500.0,6300.0,700.0,57600.0,9200.0,8900.0,4000.0,900.0,2800.0,100.0,26000.0,4800.0,800.0,900.0,800.0,7500.0,300.0,200.0,5000.0,300.0,200.0,18700.0,500.0,25200.0,500.0,3100.0,1100.0,4800.0,700.0,218600.0,461.0,714.0,367.0,65.0,459.0,2066.0,20298.0,17255.0,10846.0,3910.0,52309.0,18292.0,3060.0,2108.0,1870.0,25330.0,3808.0,1258.0,272.0,323.0,5661.0,680.0,153.0,221.0,1122.0,272.0,391.0,23052.0,4488.0,2448.0,2516.0,32504.0,14790.0,969.0,476.0,1139.0,17374.0,2924.0,901.0,153.0,425.0,4403.0,2958.0,646.0,323.0,4233.0,5287.0,1751.0,459.0,969.0,8466.0,5168.0,1071.0,833.0,1921.0,8993.0,31144.0,5372.0,2244.0,4777.0,43537.0,1326.0,374.0,408.0,289.0,2397.0,969.0,323.0,102.0,323.0,1717.0,561.0,170.0,102.0,238.0,1071.0,136.0,119.0,442.0,459.0,255.0,153.0,459.0,1326.0,255.0,153.0,102.0,323.0,833.0,3706.0,1394.0,884.0,1802.0,7786.0,34850.0,6766.0,3128.0,6579.0,51323.0,20077.0,12852.0,1071.0,1088.0,35088.0,2839.0,391.0,204.0,374.0,3808.0,884.0,391.0,1326.0,23800.0,13634.0,1309.0,1479.0,40222.0,6052.0,799.0,306.0,527.0,7684.0,2635.0,1020.0,3978.0,1258.0,425.0,102.0,1853.0,2227.0,697.0,391.0,272.0,3587.0,425.0,255.0,17.0,221.0,918.0,12597.0,3196.0,969.0,1258.0,18020.0,36397.0,16830.0,2278.0,2737.0,58242.0,425.0,782.0,238.0,102.0,1547.0,2499.0,1972.0,595.0,1428.0,6494.0,3026.0,1785.0,527.0,3655.0,9622.0,5950.0,4539.0,1360.0,4658.0,17663.0,120547.0,49878.0,20060.0,15725.0,212041.0,,,,,,,,,,,,
2002-03-31,,,93484.0,25826.0,30137.0,40683.0,16763.0,129040.0,38874.0,34320.0,37530.0,22182.0,189600.0,465230.0,7767.86,13841.28,10229.12,3663.66,66994.0,69261.0,15460.0,24477.0,10759.0,8112.0,7818.0,8217.0,14810.0,12295.0,11323.0,41245.0,10326.0,74294.0,12714.0,34547.0,23782.0,446434.0,26033.0,41830.0,7639.0,11944.0,5801.0,3097.0,4175.0,3234.0,9175.0,4422.0,3507.0,18911.0,5208.0,34554.0,7705.0,17250.0,8749.0,213234.0,16709.0,2043.0,3007.0,3655.0,1914.0,1187.0,798.0,1069.0,1057.0,1763.0,2455.0,8161.0,2388.0,26132.0,1885.0,7275.0,6204.0,87702.0,13060.0,2922.0,1558.0,2904.0,1001.0,905.0,314.0,749.0,1290.0,2642.0,1524.0,7594.0,992.0,3844.0,1138.0,3651.0,2944.0,49032.0,11192.0,22466.0,3256.0,5974.0,2043.0,2923.0,2531.0,3165.0,3288.0,3468.0,3837.0,6579.0,1738.0,9764.0,1986.0,6371.0,5885.0,96466.0,600.0,10100.0,200.0,1600.0,59000.0,2500.0,2600.0,600.0,200.0,2300.0,800.0,80600.0,700.0,3000.0,2800.0,1700.0,700.0,300.0,700.0,22300.0,600.0,33000.0,1600.0,4800.0,600.0,300.0,2100.0,2100.0,12000.0,600.0,500.0,1100.0,1200.0,1500.0,1100.0,6100.0,900.0,1300.0,20100.0,9500.0,6100.0,13300.0,12700.0,6100.0,600.0,70600.0,11900.0,13400.0,5600.0,2200.0,3200.0,0.0,36300.0,4300.0,300.0,1700.0,900.0,8000.0,300.0,400.0,4100.0,700.0,200.0,24800.0,900.0,31400.0,400.0,3700.0,600.0,4700.0,800.0,283500.0,364.0,926.0,172.0,101.0,551.0,2114.0,24048.0,22824.0,9918.0,5598.0,62388.0,15894.0,4176.0,1692.0,1296.0,23058.0,3060.0,1152.0,216.0,378.0,4806.0,738.0,126.0,270.0,1188.0,468.0,558.0,20160.0,5508.0,1962.0,1980.0,29610.0,15210.0,1224.0,558.0,1134.0,18126.0,1998.0,576.0,180.0,414.0,3168.0,1854.0,756.0,216.0,3078.0,5904.0,1458.0,216.0,684.0,8262.0,1692.0,684.0,1602.0,1350.0,5328.0,26676.0,4698.0,2772.0,3888.0,38034.0,1638.0,396.0,306.0,270.0,2610.0,918.0,234.0,108.0,126.0,1386.0,1584.0,342.0,144.0,774.0,2844.0,378.0,108.0,630.0,504.0,396.0,54.0,324.0,1278.0,306.0,270.0,108.0,306.0,990.0,5328.0,1746.0,738.0,1926.0,9738.0,32004.0,6444.0,3510.0,5814.0,47772.0,16146.0,10962.0,828.0,936.0,28872.0,1818.0,360.0,306.0,162.0,2646.0,882.0,324.0,1242.0,18846.0,11646.0,1152.0,1116.0,32760.0,4338.0,648.0,180.0,198.0,5364.0,1476.0,288.0,2124.0,972.0,270.0,144.0,1494.0,1836.0,396.0,288.0,414.0,2934.0,630.0,180.0,90.0,288.0,1188.0,9252.0,1782.0,810.0,1260.0,13104.0,28098.0,13428.0,1962.0,2376.0,45864.0,450.0,1080.0,270.0,180.0,1980.0,2574.0,2448.0,738.0,1764.0,7524.0,2736.0,1854.0,360.0,3510.0,8730.0,5760.0,5382.0,1368.0,5076.0,18234.0,110070.0,53586.0,18720.0,17406.0,203868.0,,,,,,,,,,,,
2002-04-30,,,92560.0,24541.0,30754.0,35179.0,17887.0,107378.0,40275.0,28585.0,29679.0,29773.0,218416.0,525498.0,7673.13,13996.8,10236.78,3822.39,60861.0,57671.0,9754.0,18296.0,12972.0,6408.0,7613.0,12680.0,15147.0,15075.0,11686.0,30040.0,5788.0,40034.0,9701.0,25242.0,21296.0,360264.0,22371.0,42879.0,4305.0,8810.0,6898.0,2508.0,4791.0,7560.0,9886.0,7113.0,3789.0,10896.0,2127.0,19378.0,6786.0,11161.0,7047.0,178305.0,15010.0,2427.0,2549.0,2631.0,2479.0,1040.0,519.0,1348.0,1023.0,1672.0,2242.0,5744.0,1801.0,12752.0,783.0,4891.0,4297.0,63208.0,14724.0,3498.0,1201.0,3225.0,1483.0,918.0,454.0,943.0,1153.0,3186.0,1704.0,8450.0,1098.0,4039.0,1085.0,4722.0,3981.0,55864.0,8756.0,8867.0,1699.0,3630.0,2112.0,1942.0,1849.0,2829.0,3085.0,3104.0,3951.0,4950.0,762.0,3865.0,1047.0,4468.0,5971.0,62887.0,500.0,8600.0,700.0,1200.0,49200.0,1900.0,2600.0,700.0,200.0,2300.0,700.0,68500.0,400.0,3400.0,3600.0,1800.0,1200.0,600.0,900.0,24700.0,600.0,37100.0,3100.0,6400.0,900.0,500.0,800.0,2700.0,14700.0,900.0,400.0,1000.0,2900.0,700.0,1100.0,6900.0,700.0,1700.0,18200.0,6600.0,5000.0,13700.0,12400.0,4600.0,400.0,63400.0,11300.0,12400.0,7400.0,2000.0,2900.0,0.0,36000.0,2900.0,400.0,800.0,500.0,5000.0,400.0,300.0,3900.0,100.0,700.0,24400.0,600.0,30500.0,400.0,3200.0,1300.0,5000.0,900.0,267900.0,300.0,883.0,165.0,81.0,389.0,1818.0,17272.0,15045.0,10523.0,4420.0,47260.0,7191.0,2125.0,1156.0,1020.0,11492.0,1241.0,561.0,119.0,238.0,2159.0,425.0,102.0,306.0,884.0,170.0,323.0,9027.0,2839.0,1360.0,1632.0,14858.0,10693.0,1139.0,612.0,986.0,13430.0,2142.0,510.0,153.0,459.0,3264.0,816.0,544.0,85.0,1632.0,5525.0,1632.0,221.0,595.0,7973.0,2091.0,680.0,1785.0,1496.0,6052.0,21267.0,4522.0,2856.0,3723.0,32368.0,1207.0,306.0,374.0,85.0,1972.0,1037.0,527.0,85.0,119.0,1768.0,4012.0,340.0,153.0,1700.0,6205.0,221.0,102.0,493.0,935.0,255.0,119.0,221.0,1530.0,255.0,408.0,85.0,272.0,1020.0,7667.0,1938.0,901.0,2482.0,12988.0,28934.0,6460.0,3757.0,6205.0,45356.0,7480.0,4267.0,748.0,646.0,13141.0,1003.0,102.0,170.0,119.0,1394.0,612.0,119.0,850.0,9095.0,4488.0,952.0,850.0,15385.0,1921.0,238.0,204.0,102.0,2465.0,544.0,272.0,952.0,442.0,136.0,51.0,680.0,969.0,289.0,357.0,170.0,1785.0,357.0,102.0,187.0,136.0,782.0,4233.0,1037.0,867.0,527.0,6664.0,13328.0,5525.0,1819.0,1377.0,22049.0,374.0,697.0,187.0,68.0,1326.0,1462.0,2346.0,510.0,1564.0,5882.0,1836.0,1496.0,408.0,2941.0,6987.0,3672.0,4539.0,1105.0,4216.0,14195.0,72233.0,34408.0,18564.0,14416.0,143718.0,,,,,,,,,,,,
2002-05-31,,,81826.0,21020.0,29170.0,26774.0,13878.0,114744.0,31423.0,36443.0,37075.0,24638.0,193141.0,544163.0,7388.94,13497.15,9661.68,3532.5,60269.0,50530.0,9097.0,26082.0,19136.0,5845.0,8936.0,7075.0,12212.0,12636.0,13333.0,27229.0,4801.0,28545.0,6225.0,19715.0,18258.0,329924.0,19986.0,37194.0,3920.0,15015.0,12821.0,1891.0,5842.0,3414.0,6931.0,5358.0,5714.0,9066.0,1768.0,12902.0,3507.0,7294.0,6567.0,159190.0,13571.0,1139.0,1877.0,2177.0,2048.0,932.0,487.0,833.0,1237.0,1095.0,1802.0,4968.0,928.0,6400.0,539.0,2477.0,3197.0,45707.0,15556.0,3467.0,1523.0,3055.0,1817.0,1083.0,430.0,884.0,946.0,3534.0,1869.0,6406.0,899.0,3414.0,940.0,4710.0,3780.0,54313.0,11156.0,8730.0,1777.0,5835.0,2450.0,1939.0,2177.0,1944.0,3098.0,2649.0,3948.0,6789.0,1206.0,5829.0,1239.0,5234.0,4714.0,70714.0,300.0,9600.0,200.0,1800.0,37500.0,2000.0,2500.0,200.0,400.0,2000.0,800.0,57300.0,1400.0,6100.0,4200.0,3100.0,1800.0,800.0,800.0,40400.0,2000.0,60600.0,5300.0,9600.0,1600.0,800.0,2600.0,5700.0,27400.0,400.0,300.0,2500.0,3500.0,900.0,1200.0,8800.0,400.0,1100.0,19100.0,7100.0,5100.0,12000.0,11700.0,5800.0,300.0,62500.0,10100.0,11800.0,5800.0,2200.0,2400.0,300.0,32600.0,2200.0,200.0,400.0,700.0,3500.0,300.0,100.0,6600.0,0.0,100.0,26900.0,800.0,34800.0,400.0,2500.0,1100.0,4000.0,3000.0,294500.0,219.0,753.0,157.0,68.0,532.0,1729.0,11550.0,14546.0,9688.0,4200.0,39984.0,5880.0,1904.0,1288.0,910.0,9982.0,1008.0,336.0,126.0,98.0,1568.0,448.0,56.0,112.0,672.0,112.0,224.0,7448.0,2324.0,1470.0,1204.0,12446.0,8918.0,560.0,462.0,644.0,10584.0,1848.0,322.0,84.0,252.0,2506.0,784.0,336.0,266.0,1456.0,4060.0,924.0,224.0,490.0,5698.0,2240.0,686.0,1470.0,1190.0,5586.0,17864.0,2828.0,2506.0,2646.0,25844.0,1708.0,392.0,392.0,182.0,2674.0,2128.0,490.0,56.0,266.0,2940.0,1456.0,196.0,70.0,280.0,2002.0,196.0,70.0,364.0,2198.0,434.0,182.0,280.0,3094.0,280.0,238.0,70.0,196.0,784.0,7966.0,1820.0,812.0,1260.0,11858.0,25830.0,4648.0,3318.0,3906.0,37702.0,5670.0,2800.0,532.0,434.0,9436.0,574.0,56.0,84.0,112.0,826.0,574.0,98.0,756.0,6818.0,2954.0,672.0,574.0,11018.0,952.0,140.0,98.0,84.0,1274.0,392.0,140.0,602.0,238.0,56.0,70.0,434.0,798.0,112.0,294.0,210.0,1414.0,182.0,84.0,462.0,294.0,1022.0,2562.0,532.0,952.0,700.0,4746.0,9380.0,3486.0,1624.0,1274.0,15764.0,308.0,434.0,56.0,56.0,854.0,1834.0,2030.0,672.0,1568.0,6104.0,1316.0,1078.0,462.0,2352.0,5390.0,3458.0,3542.0,1190.0,3752.0,12348.0,57666.0,28546.0,17290.0,12404.0,118244.0,,,,,,,,,,,,
2002-06-30,,,85601.0,17764.0,27027.0,23832.0,11513.0,108850.0,30428.0,28248.0,41820.0,15155.0,181972.0,423763.0,7010.02,13020.78,9086.58,3389.76,70071.0,50156.0,10462.0,31846.0,9560.0,7402.0,7541.0,4580.0,11525.0,10529.0,7937.0,39747.0,4027.0,26981.0,5872.0,21777.0,19282.0,339295.0,28863.0,36294.0,4260.0,19250.0,4877.0,3618.0,4433.0,1538.0,6456.0,2834.0,2307.0,13799.0,1328.0,12225.0,3261.0,9600.0,6920.0,161863.0,17452.0,1331.0,2018.0,3102.0,1774.0,964.0,901.0,619.0,1224.0,1887.0,1477.0,6396.0,947.0,7189.0,607.0,4142.0,4516.0,56546.0,11003.0,2822.0,1430.0,2515.0,1108.0,611.0,336.0,823.0,833.0,3090.0,1270.0,5676.0,784.0,2498.0,707.0,2623.0,2535.0,40664.0,12753.0,9709.0,2754.0,6979.0,1801.0,2209.0,1871.0,1600.0,3012.0,2718.0,2883.0,13876.0,968.0,5069.0,1297.0,5412.0,5311.0,80222.0,500.0,12500.0,400.0,2100.0,37900.0,2000.0,2500.0,1000.0,600.0,2600.0,700.0,62600.0,700.0,6500.0,5300.0,3100.0,2000.0,1300.0,1700.0,33700.0,2200.0,56500.0,7100.0,8700.0,1900.0,1300.0,1500.0,6400.0,28900.0,500.0,700.0,2400.0,2400.0,700.0,1500.0,8200.0,500.0,500.0,28500.0,10600.0,4600.0,13900.0,14500.0,6000.0,500.0,79700.0,10500.0,10300.0,6400.0,2400.0,2800.0,300.0,32700.0,1300.0,100.0,1000.0,300.0,3000.0,600.0,400.0,7000.0,300.0,200.0,29300.0,1000.0,38900.0,500.0,3600.0,1700.0,5800.0,2200.0,318600.0,489.0,875.0,178.0,45.0,426.0,2013.0,13351.0,13650.0,10296.0,3913.0,41210.0,7267.0,2613.0,1365.0,3328.0,14573.0,611.0,390.0,78.0,130.0,1209.0,312.0,91.0,273.0,754.0,182.0,273.0,8372.0,3120.0,1521.0,3796.0,16809.0,5278.0,637.0,403.0,520.0,6838.0,1573.0,598.0,78.0,351.0,2600.0,832.0,468.0,130.0,1586.0,4316.0,1430.0,156.0,741.0,6643.0,1118.0,702.0,1365.0,1417.0,4602.0,13130.0,3848.0,2132.0,3185.0,22295.0,2392.0,325.0,403.0,247.0,3367.0,754.0,169.0,117.0,143.0,1183.0,364.0,182.0,169.0,260.0,975.0,364.0,117.0,598.0,715.0,429.0,78.0,325.0,1547.0,130.0,156.0,65.0,234.0,585.0,4719.0,1378.0,897.0,1261.0,8255.0,17849.0,5226.0,3029.0,4446.0,30550.0,4797.0,2795.0,650.0,702.0,8944.0,364.0,169.0,104.0,130.0,767.0,806.0,247.0,1196.0,5967.0,3211.0,806.0,923.0,10907.0,429.0,143.0,182.0,130.0,884.0,325.0,130.0,507.0,208.0,52.0,91.0,390.0,559.0,234.0,234.0,312.0,1339.0,156.0,117.0,91.0,143.0,507.0,1677.0,676.0,611.0,663.0,3627.0,7644.0,3887.0,1417.0,1586.0,14534.0,299.0,507.0,65.0,143.0,1014.0,1248.0,1560.0,637.0,1456.0,4901.0,1287.0,1534.0,442.0,2483.0,6058.0,2834.0,3601.0,1144.0,3757.0,11973.0,50050.0,29484.0,17407.0,12584.0,115076.0,,,,,,,,,,,,
2002-07-31,,,84516.0,20651.0,26216.0,26829.0,11715.0,110209.0,35122.0,23219.0,32570.0,20856.0,220867.0,565322.0,6915.29,13497.15,9829.8,3567.41,70084.0,61941.0,19452.0,18542.0,10899.0,10198.0,11290.0,6525.0,16766.0,19387.0,8663.0,45176.0,6317.0,41092.0,10819.0,35685.0,25262.0,418098.0,28851.0,43364.0,7392.0,6565.0,3849.0,3428.0,6280.0,2270.0,8771.0,5839.0,1482.0,13219.0,2354.0,17527.0,5517.0,16319.0,10423.0,183450.0,15924.0,1721.0,3436.0,1852.0,1654.0,1027.0,1058.0,604.0,1897.0,1640.0,1493.0,6277.0,1512.0,10269.0,1245.0,5501.0,4046.0,61156.0,13680.0,3620.0,1436.0,2330.0,1227.0,809.0,523.0,713.0,941.0,3164.0,1576.0,7533.0,951.0,3794.0,1020.0,3838.0,3277.0,50432.0,11629.0,13236.0,7188.0,7795.0,4169.0,4934.0,3429.0,2938.0,5157.0,8744.0,4112.0,18147.0,1500.0,9502.0,3037.0,10027.0,7516.0,123060.0,700.0,11500.0,100.0,2000.0,51000.0,1800.0,3300.0,600.0,300.0,2700.0,900.0,74800.0,700.0,4900.0,4000.0,3100.0,1700.0,1300.0,1300.0,33800.0,1800.0,52800.0,7400.0,9100.0,600.0,1200.0,1700.0,5700.0,28600.0,300.0,300.0,3800.0,1600.0,700.0,1600.0,8300.0,300.0,1600.0,27500.0,10000.0,4100.0,14600.0,16600.0,4900.0,600.0,80300.0,7800.0,9900.0,6100.0,1400.0,3000.0,100.0,28200.0,2500.0,300.0,1600.0,400.0,4800.0,400.0,500.0,8000.0,400.0,200.0,24000.0,700.0,34200.0,500.0,3200.0,1000.0,4700.0,1900.0,318700.0,211.0,1198.0,163.0,24.0,606.0,2202.0,24616.0,13838.0,10557.0,5236.0,54247.0,7412.0,2397.0,1258.0,3655.0,14722.0,918.0,697.0,204.0,153.0,1972.0,595.0,51.0,459.0,1173.0,408.0,527.0,9333.0,3247.0,1530.0,4284.0,18394.0,10064.0,1258.0,629.0,1360.0,13311.0,3043.0,901.0,85.0,748.0,4777.0,1581.0,901.0,272.0,3213.0,5882.0,2652.0,272.0,2091.0,10897.0,1734.0,731.0,1258.0,2533.0,6256.0,22321.0,6460.0,2516.0,7208.0,38505.0,629.0,272.0,357.0,102.0,1360.0,459.0,119.0,153.0,119.0,850.0,510.0,357.0,85.0,391.0,1343.0,340.0,170.0,578.0,255.0,255.0,51.0,221.0,782.0,204.0,255.0,34.0,306.0,799.0,2397.0,1428.0,697.0,1190.0,5712.0,24718.0,7888.0,3213.0,8398.0,44217.0,6460.0,3893.0,629.0,714.0,11696.0,595.0,170.0,68.0,289.0,1122.0,833.0,136.0,1054.0,7888.0,4199.0,714.0,1071.0,13872.0,748.0,408.0,204.0,527.0,1887.0,510.0,306.0,935.0,187.0,153.0,85.0,510.0,1496.0,442.0,187.0,493.0,2618.0,170.0,170.0,17.0,136.0,493.0,3111.0,1479.0,527.0,1326.0,6443.0,10999.0,5678.0,1241.0,2397.0,20315.0,527.0,374.0,85.0,85.0,1071.0,2448.0,1615.0,459.0,1904.0,6426.0,1938.0,1496.0,493.0,3162.0,7718.0,4913.0,3485.0,1037.0,4777.0,15215.0,74579.0,34136.0,17578.0,17374.0,152388.0,,,,,,,,,,,,
2002-08-31,,,75714.0,19040.0,23993.0,26495.0,11974.0,121978.0,45384.0,29594.0,34458.0,20382.0,232388.0,659726.0,7388.94,14132.31,10172.7,3749.49,75023.0,69098.0,12170.0,18377.0,10678.0,5712.0,9218.0,5194.0,14452.0,14982.0,8731.0,30700.0,4603.0,35258.0,9098.0,26183.0,22409.0,371886.0,35699.0,49822.0,5306.0,8295.0,6066.0,1813.0,5774.0,2251.0,8810.0,6443.0,2484.0,11251.0,1715.0,15553.0,5555.0,13821.0,8446.0,189104.0,13174.0,2595.0,1928.0,1712.0,1617.0,821.0,510.0,528.0,1172.0,1276.0,1444.0,4950.0,1358.0,9170.0,697.0,3185.0,4699.0,50836.0,13653.0,2554.0,1899.0,2311.0,982.0,730.0,481.0,348.0,712.0,2934.0,1246.0,6280.0,615.0,2632.0,792.0,2313.0,3011.0,43493.0,12497.0,14127.0,3037.0,6059.0,2013.0,2348.0,2453.0,2067.0,3758.0,4329.0,3557.0,8219.0,915.0,7903.0,2054.0,6864.0,6253.0,88453.0,800.0,10600.0,200.0,1200.0,43300.0,2200.0,3000.0,600.0,400.0,2500.0,800.0,65500.0,700.0,4400.0,4200.0,2500.0,1800.0,600.0,1100.0,31400.0,1300.0,48000.0,4500.0,6500.0,600.0,600.0,1500.0,3600.0,18000.0,800.0,400.0,1900.0,1800.0,700.0,2100.0,7700.0,600.0,1400.0,27900.0,9300.0,3600.0,10600.0,15100.0,4000.0,500.0,73100.0,10600.0,8900.0,3600.0,1800.0,2400.0,0.0,27300.0,2000.0,300.0,1300.0,600.0,4100.0,200.0,300.0,7300.0,400.0,600.0,22700.0,1200.0,32700.0,200.0,2700.0,1500.0,4500.0,2300.0,283400.0,218.0,581.0,134.0,36.0,401.0,1370.0,21584.0,12992.0,9040.0,3968.0,47584.0,6352.0,1984.0,1760.0,1248.0,11344.0,720.0,448.0,176.0,224.0,1568.0,272.0,112.0,176.0,608.0,176.0,256.0,7520.0,2592.0,1984.0,1680.0,13776.0,11760.0,1136.0,432.0,1328.0,14656.0,1696.0,512.0,208.0,352.0,2768.0,1600.0,384.0,192.0,2416.0,5504.0,1568.0,208.0,720.0,8000.0,2224.0,832.0,1152.0,1488.0,5696.0,22816.0,4448.0,2192.0,4128.0,33584.0,1456.0,288.0,368.0,464.0,2576.0,784.0,208.0,64.0,432.0,1488.0,656.0,176.0,32.0,176.0,1040.0,144.0,96.0,368.0,352.0,320.0,32.0,176.0,880.0,160.0,224.0,80.0,208.0,672.0,3552.0,1312.0,608.0,1552.0,7024.0,26368.0,5760.0,2800.0,5680.0,40608.0,6112.0,3072.0,624.0,704.0,10512.0,272.0,96.0,96.0,192.0,656.0,672.0,144.0,896.0,7056.0,3312.0,736.0,960.0,12064.0,832.0,224.0,256.0,192.0,1504.0,352.0,128.0,576.0,224.0,96.0,32.0,432.0,2144.0,240.0,240.0,400.0,3024.0,208.0,160.0,48.0,80.0,496.0,3760.0,848.0,576.0,848.0,6032.0,10816.0,4160.0,1312.0,1808.0,18096.0,320.0,464.0,48.0,64.0,896.0,1872.0,1904.0,528.0,1456.0,5760.0,1888.0,1328.0,480.0,2400.0,6384.0,4080.0,3696.0,1056.0,3552.0,13040.0,70368.0,29200.0,16192.0,13424.0,133104.0,,,,,,,,,,,,
2002-09-30,,,72027.0,17065.0,30156.0,29119.0,15537.0,130013.0,32463.0,25815.0,28432.0,16403.0,196415.0,593509.0,7578.4,13338.36,9225.09,3593.46,80894.0,52782.0,9288.0,17398.0,15773.0,6154.0,5609.0,8273.0,10726.0,12873.0,7726.0,26385.0,5376.0,39595.0,11563.0,29667.0,18507.0,358589.0,35107.0,36355.0,3652.0,7476.0,9117.0,2155.0,3164.0,2728.0,6026.0,4834.0,1728.0,8194.0,2017.0,16197.0,7636.0,14001.0,6609.0,166996.0,16997.0,1728.0,1744.0,1965.0,2549.0,1045.0,557.0,716.0,1257.0,1843.0,1183.0,5053.0,1336.0,10758.0,841.0,3835.0,4241.0,57648.0,14272.0,2684.0,1334.0,2697.0,1733.0,581.0,439.0,2368.0,725.0,3238.0,1574.0,7120.0,756.0,3242.0,907.0,3570.0,2504.0,49744.0,14518.0,12015.0,2558.0,5260.0,2374.0,2373.0,1449.0,2461.0,2718.0,2958.0,3241.0,6018.0,1267.0,9398.0,2179.0,8261.0,5153.0,84201.0,800.0,12700.0,300.0,1700.0,52200.0,2200.0,2500.0,500.0,200.0,3300.0,900.0,77200.0,1000.0,6900.0,5200.0,2800.0,2200.0,900.0,1100.0,33500.0,1900.0,55300.0,3100.0,12600.0,500.0,600.0,3100.0,4700.0,25100.0,1800.0,600.0,2000.0,1500.0,900.0,1600.0,8400.0,400.0,1000.0,32100.0,10000.0,4500.0,12600.0,18300.0,6300.0,800.0,86100.0,17100.0,11700.0,9200.0,2500.0,3500.0,300.0,44300.0,2700.0,200.0,1900.0,800.0,6200.0,500.0,400.0,6600.0,800.0,300.0,31200.0,1000.0,40800.0,500.0,4600.0,1000.0,6100.0,2100.0,351600.0,314.0,730.0,265.0,36.0,358.0,1703.0,23940.0,16290.0,9840.0,4485.0,54555.0,5520.0,1665.0,1515.0,870.0,9570.0,915.0,360.0,75.0,195.0,1545.0,390.0,105.0,180.0,720.0,180.0,300.0,7005.0,2175.0,1650.0,1305.0,12135.0,8445.0,825.0,555.0,1200.0,11025.0,1395.0,300.0,90.0,375.0,2160.0,810.0,510.0,180.0,1680.0,3885.0,1740.0,330.0,750.0,6705.0,2025.0,1140.0,1380.0,1845.0,6390.0,16575.0,4545.0,2535.0,4365.0,28020.0,1485.0,270.0,270.0,390.0,2415.0,1425.0,375.0,90.0,150.0,2040.0,1575.0,165.0,105.0,255.0,2100.0,240.0,105.0,510.0,540.0,390.0,105.0,210.0,1245.0,150.0,195.0,60.0,180.0,585.0,5415.0,1500.0,675.0,1305.0,8895.0,21990.0,6045.0,3210.0,5670.0,36915.0,5565.0,3465.0,840.0,600.0,10470.0,690.0,120.0,120.0,210.0,1140.0,540.0,180.0,780.0,6795.0,3765.0,990.0,840.0,12390.0,1530.0,165.0,240.0,315.0,2250.0,720.0,135.0,930.0,525.0,90.0,240.0,945.0,1335.0,225.0,330.0,450.0,2340.0,165.0,75.0,105.0,180.0,525.0,4275.0,690.0,780.0,1245.0,6990.0,11070.0,4455.0,1770.0,2085.0,19380.0,315.0,540.0,90.0,75.0,1020.0,1620.0,2235.0,630.0,1620.0,6105.0,1695.0,1440.0,390.0,2130.0,5820.0,3630.0,4215.0,1110.0,3645.0,12945.0,67635.0,33180.0,17580.0,13920.0,135930.0,,,,,,,,,,,,
2002-10-31,,,104180.0,26673.0,32767.0,41207.0,22414.0,109610.0,38706.0,29191.0,29773.0,26553.0,215486.0,669828.0,8336.24,13497.15,9338.98,3892.7,78757.0,61734.0,12327.0,21546.0,12253.0,7478.0,6553.0,8591.0,18347.0,14723.0,10181.0,37374.0,8257.0,54501.0,16238.0,39307.0,20813.0,428980.0,37533.0,48112.0,5746.0,9650.0,6790.0,2685.0,3904.0,4848.0,12617.0,6633.0,2563.0,17210.0,4501.0,25820.0,11938.0,22212.0,7304.0,230066.0,18491.0,3221.0,2481.0,3130.0,2042.0,1532.0,797.0,932.0,1451.0,1048.0,1961.0,4843.0,1882.0,17045.0,1622.0,6037.0,4393.0,72908.0,14078.0,3339.0,1517.0,3205.0,1328.0,803.0,463.0,607.0,996.0,4013.0,1992.0,9165.0,949.0,5348.0,988.0,4205.0,3408.0,56404.0,8655.0,7062.0,2583.0,5561.0,2093.0,2458.0,1389.0,2204.0,3283.0,3029.0,3665.0,6156.0,925.0,6288.0,1690.0,6853.0,5708.0,69602.0,1100.0,13000.0,300.0,1500.0,44700.0,2600.0,3600.0,400.0,200.0,2300.0,600.0,70400.0,600.0,3400.0,2800.0,1900.0,700.0,300.0,900.0,22400.0,900.0,33800.0,1300.0,5300.0,400.0,200.0,1400.0,2300.0,11200.0,800.0,200.0,1300.0,900.0,900.0,1500.0,5700.0,700.0,1700.0,17700.0,9500.0,4700.0,10500.0,20000.0,5200.0,500.0,70500.0,13500.0,9500.0,6600.0,2600.0,2800.0,200.0,35200.0,4100.0,300.0,1200.0,400.0,7000.0,500.0,500.0,2800.0,600.0,500.0,23200.0,1000.0,29200.0,700.0,2800.0,1100.0,4500.0,900.0,268400.0,297.0,734.0,266.0,64.0,443.0,1804.0,18252.0,16002.0,10224.0,4410.0,48888.0,10476.0,2412.0,2016.0,972.0,15876.0,1764.0,864.0,180.0,360.0,3168.0,486.0,90.0,216.0,846.0,288.0,450.0,13014.0,3456.0,2304.0,1566.0,20340.0,13050.0,828.0,648.0,684.0,15210.0,1584.0,306.0,90.0,288.0,2268.0,828.0,558.0,252.0,1818.0,6372.0,2070.0,396.0,738.0,9576.0,2628.0,792.0,1332.0,1260.0,6012.0,24480.0,4554.0,2718.0,3150.0,34902.0,1710.0,360.0,342.0,108.0,2520.0,1170.0,270.0,234.0,162.0,1836.0,2250.0,324.0,90.0,702.0,3366.0,594.0,180.0,918.0,612.0,360.0,126.0,324.0,1422.0,126.0,234.0,54.0,252.0,666.0,6462.0,1728.0,864.0,1674.0,10728.0,30942.0,6282.0,3582.0,4824.0,45630.0,9648.0,5328.0,972.0,540.0,16488.0,1746.0,198.0,90.0,198.0,2232.0,684.0,216.0,1008.0,12078.0,5742.0,1098.0,810.0,19728.0,3618.0,522.0,396.0,180.0,4716.0,1566.0,648.0,2466.0,990.0,180.0,18.0,1224.0,2520.0,378.0,378.0,540.0,3816.0,504.0,234.0,108.0,306.0,1152.0,9198.0,1962.0,972.0,1242.0,13374.0,21276.0,7704.0,2070.0,2052.0,33102.0,414.0,540.0,144.0,72.0,1170.0,1656.0,2412.0,702.0,1674.0,6444.0,2394.0,1260.0,432.0,2394.0,6678.0,4464.0,4212.0,1278.0,3816.0,14292.0,87948.0,37656.0,19458.0,13914.0,162252.0,,,,,,,,,,,,
2002-11-30,,,95803.0,28147.0,29395.0,41259.0,17921.0,131023.0,43465.0,26950.0,45130.0,22716.0,195465.0,697841.0,8525.7,14449.89,10933.44,4207.5,66118.0,64236.0,10145.0,32614.0,14119.0,5081.0,5607.0,4841.0,20228.0,17769.0,8651.0,35575.0,8913.0,66677.0,14046.0,40099.0,22287.0,437006.0,27820.0,52782.0,5330.0,20698.0,8755.0,1790.0,3636.0,2034.0,14282.0,7337.0,2327.0,17506.0,4496.0,35016.0,9890.0,21297.0,8065.0,243061.0,15481.0,2324.0,1900.0,2833.0,2697.0,1259.0,635.0,636.0,1354.0,1840.0,1843.0,6010.0,2365.0,20494.0,1670.0,7903.0,5635.0,76879.0,14848.0,3128.0,1506.0,3208.0,1054.0,676.0,382.0,677.0,1329.0,5349.0,2064.0,7477.0,1027.0,4933.0,1075.0,4520.0,3476.0,56729.0,7969.0,6002.0,1409.0,5875.0,1613.0,1356.0,954.0,1494.0,3263.0,3243.0,2417.0,4582.0,1025.0,6234.0,1411.0,6379.0,5111.0,60337.0,800.0,10600.0,400.0,1700.0,47900.0,2300.0,2400.0,800.0,600.0,2100.0,800.0,70400.0,500.0,2400.0,3200.0,1100.0,1200.0,400.0,1000.0,16800.0,700.0,27300.0,900.0,3600.0,300.0,400.0,500.0,1700.0,7600.0,1000.0,400.0,1700.0,700.0,700.0,2000.0,6300.0,700.0,900.0,7900.0,6900.0,5300.0,11500.0,12100.0,8000.0,1000.0,54300.0,11300.0,13200.0,5300.0,2200.0,3600.0,200.0,35800.0,8000.0,1400.0,2200.0,1500.0,13300.0,600.0,700.0,3200.0,900.0,900.0,22000.0,1600.0,29900.0,500.0,4000.0,1000.0,5400.0,600.0,251100.0,361.0,713.0,291.0,92.0,372.0,1829.0,17568.0,16038.0,12132.0,4914.0,50652.0,14796.0,2808.0,1962.0,936.0,20502.0,3222.0,864.0,252.0,216.0,4554.0,486.0,72.0,144.0,792.0,198.0,288.0,18702.0,3798.0,2322.0,1314.0,26136.0,16812.0,756.0,576.0,1080.0,19224.0,1854.0,432.0,108.0,324.0,2718.0,1278.0,522.0,180.0,2124.0,8712.0,1566.0,432.0,1188.0,11898.0,3186.0,756.0,2412.0,1440.0,7794.0,31842.0,4032.0,3708.0,4194.0,43776.0,3384.0,450.0,324.0,234.0,4392.0,2178.0,594.0,126.0,252.0,3150.0,414.0,234.0,90.0,306.0,1044.0,180.0,126.0,450.0,666.0,486.0,108.0,198.0,1458.0,162.0,252.0,126.0,288.0,828.0,6984.0,2142.0,882.0,1314.0,11322.0,38826.0,6174.0,4590.0,5508.0,55098.0,13914.0,7974.0,1044.0,684.0,23616.0,2898.0,234.0,270.0,234.0,3636.0,954.0,288.0,1314.0,17766.0,8496.0,1350.0,954.0,28566.0,6804.0,378.0,306.0,216.0,7704.0,3204.0,684.0,4014.0,1800.0,252.0,72.0,2178.0,3222.0,648.0,450.0,558.0,4878.0,990.0,216.0,486.0,432.0,2124.0,16020.0,2178.0,1368.0,1332.0,20898.0,33786.0,10674.0,2718.0,2286.0,49464.0,324.0,1188.0,162.0,90.0,1764.0,1782.0,2790.0,648.0,1584.0,6804.0,2754.0,1638.0,396.0,3222.0,8280.0,4860.0,5616.0,1206.0,4590.0,16848.0,113742.0,42300.0,22968.0,16146.0,198198.0,,,,,,,,,,,,
2002-12-31,,,80401.0,24713.0,33610.0,32159.0,11384.0,128367.0,41355.0,29766.0,59324.0,32160.0,204841.0,753974.0,7862.59,14625.24,10250.1,3973.75,68097.0,70036.0,15226.0,37895.0,18379.0,13080.0,6922.0,6157.0,18845.0,18163.0,10500.0,41154.0,10379.0,103313.0,13032.0,53102.0,29711.0,533991.0,25465.0,57741.0,7909.0,27121.0,11638.0,9009.0,4470.0,3746.0,12117.0,8224.0,3765.0,17494.0,4518.0,54622.0,8528.0,27760.0,13076.0,297203.0,25921.0,4282.0,4471.0,5192.0,4172.0,1840.0,723.0,1070.0,2833.0,2638.0,3376.0,13685.0,4184.0,39256.0,2625.0,15916.0,9437.0,141621.0,7375.0,2919.0,1181.0,1919.0,888.0,539.0,184.0,542.0,811.0,4710.0,943.0,5168.0,545.0,1900.0,671.0,2294.0,1458.0,34047.0,9336.0,5094.0,1665.0,3663.0,1681.0,1692.0,1545.0,799.0,3084.0,2591.0,2416.0,4807.0,1132.0,7535.0,1208.0,7132.0,5740.0,61120.0,600.0,12000.0,300.0,1300.0,79100.0,3300.0,2800.0,1800.0,800.0,3000.0,1000.0,105900.0,1800.0,5500.0,4600.0,2100.0,1300.0,1200.0,2300.0,27600.0,1800.0,48100.0,1400.0,4500.0,600.0,200.0,1500.0,3200.0,12100.0,1500.0,800.0,1700.0,600.0,1300.0,1200.0,7200.0,900.0,1000.0,11700.0,12300.0,8200.0,11400.0,13000.0,13400.0,2200.0,74200.0,15700.0,18800.0,6200.0,2700.0,5000.0,100.0,48500.0,7700.0,1000.0,3400.0,1100.0,13500.0,600.0,1100.0,9600.0,800.0,800.0,30200.0,2200.0,45300.0,1200.0,5800.0,1900.0,8900.0,1300.0,365100.0,380.0,996.0,305.0,70.0,653.0,2404.0,29100.0,42880.0,7100.0,3640.0,82720.0,15200.0,6120.0,1180.0,1140.0,23640.0,2880.0,1960.0,100.0,240.0,5180.0,560.0,300.0,240.0,1120.0,540.0,600.0,19180.0,8440.0,1300.0,1620.0,30540.0,16140.0,1860.0,660.0,660.0,19320.0,2640.0,340.0,100.0,320.0,3400.0,2800.0,900.0,180.0,4020.0,7560.0,2560.0,260.0,1200.0,11580.0,3240.0,1080.0,2320.0,1200.0,7840.0,32380.0,6760.0,3520.0,3540.0,46200.0,4560.0,820.0,180.0,160.0,5720.0,1900.0,820.0,120.0,220.0,3060.0,1100.0,260.0,60.0,120.0,1540.0,2100.0,240.0,2540.0,880.0,460.0,60.0,300.0,1700.0,500.0,600.0,40.0,300.0,1440.0,11040.0,3200.0,520.0,1240.0,16000.0,43420.0,9960.0,4040.0,4780.0,62200.0,14780.0,20000.0,500.0,1040.0,36320.0,2880.0,1080.0,200.0,220.0,4380.0,920.0,640.0,1660.0,18580.0,21720.0,700.0,1360.0,42360.0,5400.0,1120.0,100.0,320.0,6940.0,3420.0,1300.0,4900.0,1820.0,820.0,60.0,2720.0,3480.0,1160.0,200.0,440.0,5280.0,420.0,600.0,80.0,180.0,1280.0,14540.0,5000.0,460.0,1120.0,21120.0,33120.0,26720.0,1160.0,2480.0,63480.0,520.0,1520.0,40.0,60.0,2140.0,4940.0,5440.0,460.0,2060.0,12900.0,3080.0,3580.0,380.0,4420.0,11620.0,8540.0,10540.0,880.0,6300.0,26660.0,133360.0,98540.0,14480.0,16820.0,265600.0,,,,,,,,,,,,
2003-01-31,,,80860.0,22613.0,33734.0,32237.0,11184.0,123019.0,49274.0,22773.0,25719.0,19302.0,200258.0,750929.0,7483.67,13421.5,9384.08,3609.84,47035.0,57386.0,11386.0,15275.0,8320.0,5995.0,9662.0,5120.0,26002.0,20838.0,7563.0,35211.0,10279.0,63564.0,11659.0,37118.0,24224.0,396637.0,18098.0,45114.0,5260.0,6097.0,3230.0,1823.0,6102.0,1249.0,15857.0,10321.0,1684.0,14738.0,5632.0,31143.0,7423.0,19270.0,11119.0,204160.0,12504.0,2763.0,2040.0,1615.0,1837.0,765.0,812.0,528.0,2241.0,1857.0,1546.0,5465.0,1971.0,21400.0,1610.0,6604.0,3731.0,69289.0,8128.0,2968.0,884.0,2048.0,619.0,417.0,436.0,788.0,918.0,2698.0,970.0,6902.0,752.0,3655.0,688.0,2927.0,2116.0,37914.0,8305.0,6541.0,3202.0,5515.0,2634.0,2990.0,2312.0,2555.0,6986.0,5962.0,3363.0,8106.0,1924.0,7366.0,1938.0,8317.0,7258.0,85274.0,500.0,10200.0,200.0,1000.0,49300.0,2700.0,2500.0,700.0,400.0,2700.0,800.0,70900.0,500.0,2600.0,2000.0,1300.0,900.0,600.0,800.0,19100.0,900.0,28800.0,800.0,2400.0,100.0,300.0,700.0,1400.0,5800.0,1100.0,400.0,900.0,300.0,1300.0,2300.0,6400.0,1000.0,1100.0,10000.0,10100.0,3900.0,12100.0,10700.0,11400.0,1000.0,61300.0,10100.0,11100.0,5800.0,1900.0,3000.0,100.0,32000.0,3000.0,200.0,700.0,600.0,4800.0,700.0,500.0,7200.0,1100.0,300.0,22300.0,1200.0,33300.0,400.0,3400.0,1500.0,5400.0,500.0,249100.0,390.0,864.0,325.0,132.0,332.0,2043.0,22586.0,19550.0,6693.0,4370.0,53199.0,17043.0,2921.0,1840.0,2898.0,24702.0,3910.0,1242.0,184.0,483.0,5819.0,874.0,23.0,460.0,1403.0,276.0,437.0,22103.0,4278.0,2093.0,3887.0,32361.0,12742.0,1058.0,460.0,1472.0,15732.0,2530.0,851.0,46.0,483.0,3910.0,1702.0,575.0,161.0,2645.0,12420.0,3703.0,161.0,1978.0,18262.0,3128.0,1127.0,1196.0,2231.0,7682.0,32545.0,7337.0,2024.0,6371.0,48277.0,1265.0,230.0,276.0,575.0,2346.0,621.0,414.0,69.0,161.0,1265.0,230.0,207.0,138.0,368.0,943.0,230.0,92.0,460.0,552.0,322.0,92.0,138.0,1104.0,230.0,184.0,69.0,230.0,713.0,3128.0,1449.0,690.0,1564.0,6831.0,35673.0,8786.0,2714.0,7935.0,55108.0,19964.0,13777.0,874.0,1035.0,35650.0,3243.0,598.0,92.0,506.0,4439.0,1196.0,506.0,1863.0,24403.0,14881.0,989.0,1679.0,41952.0,5727.0,690.0,115.0,644.0,7176.0,3220.0,1081.0,4554.0,2024.0,391.0,161.0,2668.0,2553.0,828.0,276.0,483.0,4140.0,690.0,414.0,69.0,184.0,1357.0,14214.0,3404.0,598.0,1679.0,19895.0,38617.0,18285.0,1587.0,3358.0,61847.0,345.0,483.0,0.0,69.0,897.0,3404.0,2139.0,460.0,1541.0,7544.0,3381.0,1610.0,506.0,3473.0,9821.0,7130.0,4232.0,966.0,4715.0,18262.0,126109.0,55131.0,14053.0,17756.0,220777.0,,,,,,,,,,,,
2003-02-28,,,61444.0,18756.0,23513.0,29960.0,11038.0,99453.0,40655.0,22877.0,24199.0,16406.0,192557.0,713489.0,7199.48,13421.5,9269.64,3432.46,45456.0,58878.0,12474.0,22018.0,15075.0,7801.0,9567.0,5844.0,17874.0,27024.0,9457.0,40277.0,10217.0,70895.0,13850.0,39895.0,20836.0,427438.0,15747.0,45305.0,4782.0,8653.0,6145.0,1854.0,6189.0,1591.0,10732.0,13872.0,2282.0,18283.0,5465.0,37105.0,8844.0,18725.0,7512.0,213086.0,10766.0,2602.0,2033.0,2375.0,1599.0,995.0,734.0,671.0,1996.0,1324.0,1501.0,4739.0,2069.0,22266.0,1557.0,8303.0,4032.0,69562.0,11795.0,2838.0,1394.0,3533.0,877.0,678.0,339.0,900.0,1007.0,3824.0,1495.0,8110.0,1249.0,4696.0,1087.0,3793.0,2535.0,50150.0,7148.0,8133.0,4265.0,7457.0,6454.0,4274.0,2305.0,2682.0,4139.0,8004.0,4179.0,9145.0,1434.0,6828.0,2362.0,9074.0,6757.0,94640.0,400.0,6100.0,300.0,600.0,55500.0,2500.0,2500.0,600.0,300.0,900.0,500.0,70100.0,600.0,1800.0,2100.0,1500.0,900.0,400.0,1100.0,13800.0,600.0,22600.0,1000.0,2300.0,200.0,300.0,800.0,1800.0,6700.0,700.0,100.0,500.0,100.0,600.0,1100.0,3100.0,700.0,1100.0,7800.0,5700.0,4200.0,10200.0,7300.0,6000.0,700.0,43700.0,8900.0,10800.0,5100.0,2200.0,2600.0,100.0,29700.0,6000.0,1000.0,1400.0,1000.0,9900.0,500.0,800.0,4700.0,700.0,500.0,16900.0,1400.0,25300.0,400.0,3200.0,1000.0,4500.0,700.0,216400.0,382.0,576.0,387.0,40.0,399.0,1784.0,23256.0,19260.0,10494.0,4302.0,57312.0,18540.0,3546.0,2142.0,1890.0,26118.0,4410.0,1080.0,216.0,396.0,6102.0,486.0,90.0,252.0,900.0,234.0,342.0,23670.0,4770.0,2430.0,2592.0,33462.0,12996.0,882.0,1062.0,1422.0,16362.0,1530.0,486.0,72.0,270.0,2358.0,1548.0,432.0,180.0,2358.0,7128.0,1656.0,162.0,1026.0,9972.0,5598.0,1062.0,1350.0,2070.0,10080.0,28818.0,4518.0,2826.0,4986.0,41148.0,1188.0,270.0,378.0,180.0,2016.0,522.0,450.0,90.0,252.0,1314.0,612.0,162.0,72.0,270.0,1116.0,72.0,90.0,378.0,486.0,270.0,72.0,378.0,1206.0,198.0,162.0,72.0,540.0,972.0,3078.0,1404.0,774.0,1746.0,7002.0,31896.0,5922.0,3600.0,6732.0,48150.0,22086.0,14040.0,1152.0,1170.0,38448.0,3240.0,720.0,306.0,432.0,4698.0,1152.0,360.0,1602.0,26478.0,15120.0,1512.0,1638.0,44748.0,6714.0,720.0,306.0,486.0,8226.0,3456.0,936.0,4464.0,1854.0,396.0,126.0,2448.0,3168.0,882.0,432.0,414.0,4896.0,666.0,234.0,108.0,180.0,1188.0,15858.0,3168.0,990.0,1206.0,21222.0,42336.0,18288.0,2502.0,2844.0,65970.0,432.0,900.0,162.0,144.0,1638.0,2070.0,2142.0,468.0,1674.0,6354.0,2700.0,1980.0,378.0,3366.0,9216.0,5202.0,5022.0,1008.0,4752.0,17208.0,126360.0,53262.0,20034.0,16308.0,222102.0,,,,,,,,,,,,
2003-03-31,,,70274.0,21823.0,26288.0,36492.0,16003.0,102959.0,30866.0,22606.0,21910.0,17873.0,161885.0,666343.0,6631.1,12632.0,9508.48,3513.0,58187.0,59868.0,9709.0,20957.0,9782.0,6135.0,6525.0,7733.0,16284.0,14273.0,9593.0,37420.0,8501.0,61793.0,13288.0,31159.0,21317.0,392524.0,22057.0,47899.0,3796.0,10547.0,4144.0,2157.0,4245.0,3003.0,9938.0,5236.0,2237.0,17423.0,4413.0,29466.0,8686.0,16090.0,7687.0,199024.0,14052.0,2895.0,2161.0,2612.0,2184.0,1062.0,507.0,953.0,1132.0,1801.0,2144.0,7449.0,2235.0,21433.0,1439.0,5617.0,5221.0,74897.0,12984.0,2930.0,1604.0,3265.0,1072.0,712.0,409.0,881.0,1565.0,3583.0,1613.0,7641.0,833.0,4805.0,1173.0,3877.0,2837.0,51784.0,9094.0,6144.0,2148.0,4533.0,2382.0,2204.0,1364.0,2896.0,3649.0,3653.0,3599.0,4907.0,1020.0,6089.0,1990.0,5575.0,5572.0,66819.0,700.0,8700.0,100.0,1300.0,58100.0,3800.0,3100.0,200.0,400.0,1800.0,600.0,78900.0,500.0,3100.0,2300.0,1400.0,1600.0,300.0,1200.0,18400.0,900.0,29700.0,1400.0,3600.0,500.0,500.0,1300.0,1400.0,8900.0,600.0,500.0,800.0,400.0,800.0,800.0,4000.0,500.0,1100.0,12400.0,7800.0,4500.0,10700.0,10200.0,5200.0,700.0,53100.0,12000.0,9800.0,6100.0,1300.0,3600.0,200.0,33000.0,3500.0,500.0,1600.0,400.0,6600.0,400.0,500.0,3400.0,600.0,300.0,18400.0,1300.0,24800.0,500.0,4100.0,900.0,5500.0,900.0,245500.0,288.0,752.0,248.0,47.0,374.0,1709.0,24643.0,18658.0,12198.0,5244.0,60743.0,16492.0,3363.0,1900.0,1520.0,23275.0,3135.0,1102.0,361.0,228.0,4826.0,551.0,95.0,361.0,1083.0,171.0,380.0,20349.0,4617.0,2394.0,2204.0,29564.0,14193.0,988.0,665.0,1178.0,17024.0,1520.0,342.0,76.0,133.0,2071.0,988.0,456.0,171.0,1710.0,5472.0,1501.0,323.0,817.0,8113.0,2394.0,893.0,1178.0,1311.0,5776.0,24567.0,4199.0,2413.0,3572.0,34751.0,1596.0,323.0,304.0,171.0,2394.0,874.0,456.0,133.0,133.0,1596.0,1368.0,418.0,57.0,798.0,2641.0,304.0,95.0,570.0,361.0,437.0,95.0,95.0,988.0,266.0,323.0,114.0,361.0,1064.0,4769.0,2052.0,760.0,1672.0,9253.0,29336.0,6251.0,3173.0,5244.0,44004.0,14288.0,9215.0,760.0,1045.0,25308.0,2071.0,247.0,247.0,209.0,2774.0,931.0,285.0,1311.0,17290.0,9747.0,1064.0,1292.0,29393.0,4351.0,513.0,323.0,228.0,5415.0,1368.0,551.0,2185.0,1140.0,152.0,95.0,1482.0,1862.0,285.0,399.0,551.0,3097.0,760.0,171.0,57.0,247.0,1235.0,9481.0,1672.0,1007.0,1254.0,13414.0,26771.0,11419.0,2071.0,2546.0,42807.0,342.0,1026.0,228.0,95.0,1691.0,2812.0,2470.0,703.0,1444.0,7429.0,1748.0,1672.0,513.0,3287.0,7505.0,4902.0,5168.0,1444.0,4522.0,16625.0,106001.0,46113.0,21280.0,16340.0,193743.0,,,,,,,,,,,,
2003-04-30,,,13276.0,5351.0,5577.0,5901.0,2247.0,15546.0,5929.0,4553.0,2555.0,1775.0,67149.0,322216.0,1326.22,3789.6,2864.0,1268.73,68546.0,43583.0,9491.0,12918.0,8445.0,5391.0,3805.0,7719.0,11430.0,9464.0,9174.0,27409.0,5283.0,50675.0,8856.0,21283.0,18012.0,321484.0,27688.0,33570.0,4498.0,6678.0,3807.0,1860.0,2364.0,3573.0,6757.0,3659.0,2819.0,11321.0,2370.0,25409.0,5708.0,10946.0,6265.0,159292.0,20519.0,2670.0,3062.0,2519.0,2000.0,1523.0,543.0,1379.0,1074.0,1374.0,2510.0,6243.0,1595.0,18745.0,1495.0,4926.0,5320.0,77497.0,9859.0,2283.0,802.0,1504.0,978.0,570.0,347.0,712.0,1075.0,2715.0,1293.0,4888.0,734.0,2716.0,556.0,2325.0,2148.0,35505.0,10480.0,5060.0,1129.0,2217.0,1660.0,1438.0,551.0,2055.0,2524.0,1716.0,2552.0,4957.0,584.0,3805.0,1097.0,3086.0,4279.0,49190.0,1000.0,10500.0,600.0,1400.0,56700.0,2900.0,2600.0,800.0,400.0,2100.0,500.0,79500.0,500.0,4400.0,1800.0,1700.0,1600.0,200.0,800.0,24200.0,1100.0,36500.0,2400.0,5300.0,500.0,700.0,1600.0,2500.0,13700.0,200.0,700.0,700.0,600.0,800.0,1200.0,4200.0,300.0,800.0,11400.0,4800.0,4300.0,3900.0,11000.0,2500.0,400.0,39300.0,4700.0,2100.0,6800.0,2100.0,1700.0,100.0,17500.0,2300.0,400.0,1500.0,700.0,5400.0,500.0,400.0,3400.0,400.0,200.0,22400.0,2200.0,29600.0,600.0,3500.0,700.0,4900.0,1600.0,232100.0,181.0,502.0,133.0,34.0,387.0,1237.0,23968.0,21808.0,9280.0,5488.0,60544.0,8016.0,2432.0,1120.0,1040.0,12608.0,1248.0,512.0,80.0,320.0,2160.0,368.0,128.0,176.0,688.0,208.0,256.0,9840.0,3104.0,1232.0,1536.0,15712.0,8848.0,880.0,576.0,784.0,11088.0,512.0,384.0,64.0,176.0,1136.0,896.0,912.0,128.0,2016.0,2752.0,1680.0,208.0,448.0,5088.0,1552.0,560.0,1136.0,1056.0,4304.0,14560.0,4416.0,2112.0,2544.0,23632.0,912.0,336.0,192.0,32.0,1472.0,656.0,448.0,48.0,160.0,1312.0,1776.0,400.0,64.0,432.0,2672.0,128.0,128.0,416.0,528.0,304.0,144.0,144.0,1120.0,368.0,352.0,32.0,256.0,1008.0,4368.0,1968.0,560.0,1104.0,8000.0,18928.0,6384.0,2672.0,3648.0,31632.0,9872.0,7680.0,848.0,960.0,19360.0,1168.0,240.0,80.0,160.0,1648.0,640.0,224.0,976.0,11680.0,8144.0,976.0,1184.0,21984.0,1856.0,336.0,112.0,192.0,2496.0,576.0,240.0,976.0,448.0,176.0,0.0,656.0,1152.0,224.0,320.0,288.0,1984.0,192.0,176.0,240.0,112.0,720.0,4224.0,1152.0,752.0,704.0,6832.0,15904.0,9296.0,1728.0,1888.0,28816.0,352.0,608.0,144.0,112.0,1216.0,2016.0,2512.0,640.0,1536.0,6704.0,1328.0,1616.0,384.0,2144.0,5648.0,3696.0,4736.0,1168.0,3408.0,13568.0,72336.0,45328.0,16080.0,13088.0,150272.0,,,,,,,,,,,,
2003-05-31,,,8766.0,3958.0,4301.0,3369.0,1283.0,10918.0,6822.0,4063.0,3205.0,2315.0,24522.0,311821.0,1326.22,3158.0,1832.96,987.42,67026.0,29513.0,6039.0,13734.0,9991.0,5914.0,2271.0,4711.0,10656.0,3100.0,9834.0,28312.0,4337.0,27974.0,6745.0,14551.0,16224.0,260932.0,25005.0,21832.0,3094.0,6650.0,5696.0,2663.0,1010.0,1708.0,6530.0,427.0,2995.0,10206.0,1772.0,12564.0,4443.0,7151.0,5551.0,119297.0,17302.0,1680.0,1582.0,2447.0,1816.0,1085.0,598.0,667.0,991.0,979.0,1960.0,5794.0,1047.0,8784.0,411.0,2047.0,3504.0,52694.0,16717.0,2869.0,794.0,2695.0,1167.0,683.0,230.0,945.0,1186.0,782.0,1743.0,8226.0,870.0,3256.0,940.0,2447.0,3172.0,48722.0,8002.0,3132.0,569.0,1942.0,1312.0,1483.0,433.0,1391.0,1949.0,912.0,3136.0,4086.0,648.0,3370.0,951.0,2906.0,3997.0,40219.0,1000.0,10000.0,500.0,900.0,38700.0,2200.0,2600.0,900.0,200.0,1900.0,900.0,59900.0,1300.0,5400.0,5000.0,2100.0,2000.0,700.0,1300.0,33400.0,1700.0,52800.0,3900.0,8000.0,1000.0,1200.0,2000.0,6600.0,23500.0,300.0,500.0,1600.0,2200.0,700.0,1300.0,6700.0,200.0,1800.0,11800.0,4300.0,4700.0,3600.0,6900.0,2600.0,300.0,36200.0,1600.0,2700.0,5200.0,1900.0,800.0,100.0,12400.0,2400.0,200.0,700.0,200.0,3600.0,300.0,300.0,7500.0,400.0,200.0,25700.0,1200.0,35600.0,600.0,2900.0,700.0,4100.0,1600.0,236300.0,203.0,516.0,146.0,26.0,329.0,1220.0,11362.0,14963.0,11245.0,3497.0,41067.0,5772.0,1898.0,1339.0,1118.0,10127.0,780.0,416.0,182.0,234.0,1612.0,338.0,117.0,156.0,689.0,117.0,195.0,7007.0,2457.0,1625.0,1534.0,12623.0,4485.0,494.0,585.0,494.0,6058.0,234.0,299.0,26.0,65.0,624.0,442.0,403.0,117.0,1014.0,2691.0,1326.0,221.0,169.0,4407.0,247.0,338.0,117.0,507.0,1209.0,8112.0,2860.0,1066.0,1287.0,13325.0,780.0,182.0,416.0,117.0,1495.0,806.0,377.0,117.0,104.0,1404.0,585.0,143.0,65.0,169.0,962.0,169.0,143.0,416.0,1053.0,364.0,52.0,247.0,1716.0,221.0,182.0,104.0,169.0,676.0,3614.0,1391.0,767.0,897.0,6669.0,11726.0,4251.0,1833.0,2184.0,19994.0,6643.0,2925.0,663.0,637.0,10868.0,611.0,130.0,104.0,39.0,884.0,585.0,91.0,793.0,7839.0,3146.0,806.0,754.0,12545.0,1508.0,143.0,156.0,156.0,1963.0,325.0,104.0,520.0,325.0,78.0,13.0,468.0,741.0,169.0,221.0,234.0,1365.0,104.0,117.0,442.0,364.0,1027.0,3003.0,611.0,884.0,845.0,5343.0,10842.0,3757.0,1690.0,1599.0,17888.0,286.0,455.0,91.0,0.0,832.0,1664.0,2457.0,533.0,1196.0,5850.0,897.0,1300.0,351.0,1820.0,4498.0,2847.0,4212.0,975.0,2795.0,11180.0,43784.0,29640.0,17368.0,9880.0,102752.0,,,,,,,,,,,,
2003-06-30,,,20262.0,6945.0,9351.0,9343.0,3124.0,21088.0,14849.0,6851.0,9300.0,4549.0,64576.0,470562.0,3410.28,5684.4,3551.36,1507.2,67856.0,29537.0,12939.0,30330.0,8688.0,7922.0,3750.0,4793.0,14131.0,4521.0,8995.0,38491.0,4060.0,28876.0,4841.0,20677.0,17801.0,308208.0,31528.0,22153.0,7545.0,20466.0,4887.0,4277.0,2088.0,1768.0,8814.0,686.0,3174.0,14919.0,1517.0,13597.0,2540.0,10218.0,6316.0,156493.0,17234.0,1223.0,2378.0,3798.0,1593.0,1146.0,831.0,904.0,1689.0,1577.0,1766.0,7063.0,1148.0,8689.0,591.0,4076.0,4142.0,59848.0,11449.0,2949.0,1466.0,3108.0,987.0,641.0,174.0,1125.0,975.0,1094.0,1728.0,5718.0,682.0,2888.0,840.0,2405.0,2535.0,40764.0,7645.0,3212.0,1550.0,2958.0,1221.0,1858.0,657.0,996.0,2653.0,1164.0,2327.0,10791.0,713.0,3702.0,870.0,3978.0,4808.0,51103.0,500.0,13200.0,500.0,1400.0,38900.0,2100.0,3500.0,1000.0,900.0,2100.0,600.0,64700.0,800.0,6500.0,4800.0,2800.0,1700.0,1400.0,1600.0,34400.0,2300.0,56400.0,5700.0,7900.0,900.0,2100.0,2500.0,6400.0,26800.0,300.0,400.0,3300.0,1900.0,700.0,1700.0,8300.0,300.0,1100.0,16300.0,7000.0,3600.0,7300.0,9400.0,4600.0,300.0,49800.0,4600.0,6200.0,6400.0,2100.0,1400.0,200.0,20800.0,2600.0,500.0,1500.0,400.0,5000.0,200.0,200.0,6500.0,600.0,200.0,28400.0,1000.0,37100.0,500.0,3200.0,1300.0,5000.0,1800.0,275600.0,212.0,497.0,261.0,17.0,385.0,1372.0,13904.0,14839.0,11297.0,3916.0,43956.0,9031.0,2464.0,1133.0,2728.0,15356.0,682.0,352.0,154.0,220.0,1408.0,341.0,154.0,132.0,671.0,143.0,242.0,10197.0,2981.0,1353.0,3146.0,17677.0,2893.0,528.0,539.0,418.0,4378.0,396.0,528.0,22.0,154.0,1100.0,836.0,506.0,231.0,1705.0,4125.0,1617.0,209.0,583.0,6534.0,121.0,506.0,363.0,682.0,1672.0,8382.0,3696.0,1375.0,1969.0,15422.0,2002.0,473.0,418.0,198.0,3091.0,484.0,308.0,110.0,110.0,1012.0,264.0,187.0,132.0,132.0,715.0,341.0,132.0,627.0,682.0,363.0,66.0,44.0,1155.0,187.0,330.0,77.0,154.0,748.0,3960.0,1793.0,847.0,748.0,7348.0,12342.0,5489.0,2222.0,2717.0,22770.0,5830.0,3399.0,847.0,704.0,10780.0,462.0,121.0,99.0,110.0,792.0,616.0,198.0,1012.0,6908.0,3718.0,1023.0,935.0,12584.0,451.0,121.0,132.0,209.0,913.0,220.0,198.0,539.0,220.0,55.0,66.0,396.0,605.0,319.0,242.0,363.0,1529.0,187.0,88.0,77.0,99.0,451.0,1683.0,781.0,605.0,759.0,3828.0,8591.0,4499.0,1628.0,1694.0,16412.0,330.0,539.0,44.0,88.0,1001.0,1419.0,1914.0,550.0,1254.0,5137.0,814.0,1419.0,242.0,2123.0,4763.0,2563.0,3872.0,836.0,3245.0,10901.0,47597.0,31680.0,17336.0,10956.0,111716.0,,,,,,,,,,,,
2003-07-31,,,49302.0,13251.0,18267.0,18192.0,7251.0,59442.0,30292.0,16654.0,21666.0,13817.0,208083.0,693008.0,6441.64,11526.7,8133.76,2782.44,82904.0,45667.0,13301.0,18870.0,14426.0,9709.0,11337.0,8142.0,21037.0,11342.0,9959.0,44570.0,6094.0,45012.0,12761.0,35062.0,25330.0,415523.0,40135.0,32931.0,6091.0,8200.0,6879.0,3741.0,7548.0,2931.0,12371.0,1746.0,2530.0,14330.0,2407.0,21991.0,6767.0,16870.0,9831.0,197299.0,18576.0,2811.0,3240.0,2262.0,2199.0,940.0,1423.0,945.0,2272.0,2017.0,1903.0,6479.0,1808.0,12425.0,1495.0,6028.0,5043.0,71866.0,14048.0,3879.0,1128.0,3224.0,1135.0,912.0,564.0,1391.0,1616.0,2692.0,1895.0,8074.0,705.0,3623.0,1370.0,3887.0,3734.0,53877.0,10145.0,6046.0,2842.0,5184.0,4213.0,4116.0,1802.0,2875.0,4778.0,4887.0,3631.0,15687.0,1174.0,6973.0,3129.0,8277.0,6722.0,92481.0,500.0,15400.0,500.0,1000.0,50500.0,2200.0,2600.0,900.0,900.0,2400.0,1100.0,77900.0,900.0,4500.0,3700.0,3500.0,1800.0,1000.0,1300.0,30400.0,2000.0,49100.0,6400.0,8400.0,600.0,1000.0,2200.0,6200.0,26900.0,600.0,900.0,4900.0,1900.0,900.0,2000.0,11100.0,400.0,1000.0,18000.0,9500.0,3900.0,13100.0,9300.0,4800.0,400.0,60400.0,6200.0,8300.0,5400.0,2400.0,2300.0,100.0,24600.0,2300.0,400.0,1700.0,1200.0,5800.0,200.0,600.0,6700.0,400.0,100.0,25400.0,900.0,34300.0,600.0,3100.0,1500.0,5300.0,1200.0,296500.0,209.0,800.0,332.0,16.0,778.0,2135.0,21906.0,16236.0,9594.0,5004.0,52740.0,7488.0,2628.0,1188.0,3978.0,15282.0,864.0,684.0,90.0,252.0,1890.0,414.0,144.0,288.0,882.0,324.0,450.0,9090.0,3546.0,1314.0,4554.0,18504.0,7074.0,972.0,468.0,1116.0,9630.0,1026.0,1080.0,72.0,774.0,2952.0,1296.0,756.0,162.0,2358.0,7254.0,3006.0,216.0,1548.0,12024.0,576.0,738.0,846.0,1080.0,3240.0,17244.0,6552.0,1764.0,4662.0,30222.0,756.0,468.0,450.0,90.0,1764.0,684.0,252.0,90.0,216.0,1242.0,648.0,252.0,36.0,486.0,1422.0,504.0,126.0,774.0,414.0,450.0,90.0,108.0,1062.0,216.0,198.0,90.0,252.0,756.0,3222.0,1746.0,810.0,1242.0,7020.0,20466.0,8298.0,2574.0,5904.0,37242.0,7290.0,4464.0,630.0,1044.0,13428.0,576.0,180.0,54.0,252.0,1062.0,1008.0,180.0,1206.0,8874.0,4824.0,702.0,1296.0,15696.0,900.0,468.0,198.0,576.0,2142.0,504.0,414.0,1044.0,270.0,144.0,54.0,522.0,1548.0,414.0,162.0,522.0,2646.0,180.0,90.0,0.0,288.0,558.0,3402.0,1530.0,468.0,1512.0,6912.0,12276.0,6354.0,1170.0,2808.0,22608.0,270.0,468.0,144.0,36.0,918.0,2268.0,1926.0,522.0,1494.0,6210.0,1494.0,1962.0,306.0,2970.0,7344.0,4032.0,4356.0,972.0,4140.0,14472.0,67770.0,38790.0,15624.0,15426.0,145566.0,,,,,,,,,,,,
2003-08-31,,,67804.0,15081.0,18919.0,20828.0,9431.0,77871.0,41290.0,26163.0,24720.0,17564.0,204828.0,946122.0,7388.94,14053.1,10768.64,3903.49,72963.0,57700.0,11225.0,15221.0,11648.0,5938.0,10968.0,5864.0,15451.0,12128.0,8972.0,31341.0,4942.0,36846.0,11128.0,28126.0,21801.0,362262.0,32458.0,44389.0,5647.0,8070.0,7125.0,2158.0,8456.0,2728.0,10101.0,5209.0,2168.0,12455.0,1853.0,17784.0,7057.0,14002.0,9064.0,190724.0,18206.0,3514.0,2543.0,2116.0,1818.0,1112.0,656.0,766.0,1221.0,1758.0,2240.0,5252.0,1615.0,10315.0,1313.0,4681.0,4835.0,63961.0,15366.0,4481.0,1614.0,2880.0,1359.0,688.0,422.0,1116.0,1544.0,2767.0,2022.0,7091.0,802.0,3387.0,851.0,3646.0,3094.0,53130.0,6933.0,5316.0,1421.0,2155.0,1346.0,1980.0,1434.0,1254.0,2585.0,2394.0,2542.0,6543.0,672.0,5360.0,1907.0,5797.0,4808.0,54447.0,600.0,13400.0,100.0,1000.0,51800.0,2100.0,3200.0,1000.0,600.0,2300.0,400.0,76500.0,1200.0,5100.0,3800.0,3100.0,1700.0,600.0,1300.0,34300.0,1700.0,52800.0,4600.0,7900.0,800.0,1000.0,1000.0,5700.0,22600.0,600.0,400.0,2800.0,1600.0,1100.0,2100.0,8500.0,300.0,1300.0,19000.0,8400.0,3900.0,12600.0,10300.0,5100.0,600.0,61300.0,10600.0,9600.0,5200.0,2100.0,2700.0,100.0,30300.0,3100.0,400.0,1500.0,1100.0,6200.0,200.0,100.0,6800.0,400.0,400.0,23600.0,1000.0,32600.0,700.0,2200.0,2000.0,4900.0,1300.0,296900.0,271.0,689.0,298.0,0.0,283.0,1541.0,22882.0,15113.0,11560.0,4488.0,54043.0,5508.0,2295.0,1394.0,1445.0,10642.0,442.0,595.0,102.0,238.0,1377.0,272.0,153.0,136.0,629.0,153.0,272.0,6375.0,3111.0,1581.0,1853.0,12920.0,9673.0,1003.0,374.0,901.0,11951.0,1037.0,391.0,102.0,476.0,2006.0,1547.0,595.0,119.0,2414.0,5168.0,1326.0,357.0,646.0,7497.0,1853.0,646.0,595.0,765.0,3859.0,19312.0,3978.0,1547.0,2941.0,27778.0,1105.0,306.0,340.0,85.0,1836.0,867.0,357.0,204.0,119.0,1547.0,629.0,238.0,85.0,136.0,1088.0,255.0,85.0,459.0,255.0,391.0,119.0,187.0,952.0,238.0,187.0,102.0,119.0,646.0,3349.0,1564.0,884.0,731.0,6528.0,22661.0,5542.0,2431.0,3672.0,34306.0,7310.0,3757.0,680.0,765.0,12512.0,323.0,153.0,85.0,119.0,680.0,748.0,153.0,918.0,8381.0,4063.0,765.0,901.0,14110.0,1173.0,391.0,136.0,306.0,2006.0,323.0,136.0,595.0,340.0,51.0,68.0,527.0,2057.0,204.0,221.0,306.0,2788.0,221.0,136.0,0.0,238.0,595.0,4114.0,918.0,442.0,1037.0,6511.0,12495.0,4981.0,1207.0,1938.0,20621.0,306.0,714.0,102.0,85.0,1207.0,1632.0,2074.0,680.0,1360.0,5746.0,1615.0,1275.0,391.0,2737.0,6307.0,3553.0,4063.0,1173.0,3927.0,13260.0,67966.0,32810.0,17952.0,13379.0,135150.0,,,,,,,,,,,,
2003-09-30,,,71877.0,15052.0,28201.0,25333.0,11782.0,94964.0,33081.0,28433.0,29064.0,18582.0,185448.0,762001.0,7673.13,12947.8,9508.48,3587.2,85931.0,53024.0,9304.0,19094.0,18315.0,6223.0,7964.0,5031.0,14440.0,14974.0,9294.0,27050.0,5938.0,43283.0,11919.0,32806.0,21043.0,385633.0,41382.0,41231.0,4065.0,10529.0,11445.0,2411.0,5347.0,1942.0,9046.0,6028.0,2543.0,8926.0,2376.0,20220.0,7886.0,15050.0,6932.0,197359.0,20338.0,2245.0,2893.0,2614.0,3011.0,1163.0,927.0,710.0,1763.0,1968.0,2187.0,5005.0,1778.0,13777.0,1122.0,4766.0,5477.0,71744.0,15414.0,3564.0,1232.0,3731.0,1958.0,1093.0,524.0,945.0,1130.0,4495.0,1960.0,7724.0,974.0,3936.0,1179.0,5412.0,3408.0,58679.0,8797.0,5984.0,1114.0,2220.0,1901.0,1556.0,1166.0,1434.0,2501.0,2483.0,2604.0,5395.0,810.0,5350.0,1732.0,7578.0,5226.0,57851.0,900.0,16300.0,700.0,2700.0,61400.0,3500.0,3200.0,900.0,1000.0,3500.0,500.0,94700.0,1100.0,7400.0,4100.0,2800.0,1700.0,600.0,1000.0,35600.0,1700.0,56000.0,3700.0,11900.0,400.0,1000.0,2700.0,4200.0,24500.0,1100.0,800.0,2500.0,1600.0,900.0,2400.0,9200.0,300.0,1000.0,21100.0,8700.0,5100.0,11800.0,12500.0,5900.0,300.0,66800.0,15700.0,12600.0,9100.0,2400.0,3600.0,200.0,43600.0,4800.0,300.0,2500.0,900.0,9500.0,400.0,200.0,6200.0,1000.0,500.0,30700.0,1600.0,40500.0,900.0,5200.0,1500.0,7600.0,1900.0,354300.0,280.0,567.0,228.0,75.0,253.0,1403.0,29200.0,19120.0,10656.0,6256.0,65232.0,5328.0,1728.0,1360.0,1312.0,9728.0,704.0,576.0,208.0,256.0,1744.0,432.0,16.0,224.0,768.0,144.0,240.0,6608.0,2352.0,1680.0,1840.0,12480.0,8336.0,1008.0,560.0,880.0,10784.0,1136.0,288.0,96.0,240.0,1760.0,960.0,432.0,288.0,1728.0,4384.0,2304.0,208.0,464.0,7360.0,2032.0,1072.0,1488.0,912.0,5504.0,16880.0,5104.0,2640.0,2560.0,27184.0,1456.0,272.0,416.0,48.0,2192.0,2048.0,384.0,176.0,192.0,2800.0,624.0,176.0,112.0,272.0,1184.0,112.0,192.0,416.0,480.0,320.0,96.0,192.0,1088.0,128.0,176.0,160.0,208.0,672.0,4848.0,1520.0,976.0,1008.0,8352.0,21728.0,6624.0,3616.0,3568.0,35536.0,6448.0,4496.0,624.0,608.0,12176.0,720.0,176.0,112.0,224.0,1232.0,752.0,208.0,992.0,7920.0,4880.0,736.0,864.0,14400.0,1824.0,224.0,160.0,176.0,2384.0,608.0,208.0,944.0,528.0,192.0,96.0,912.0,1264.0,272.0,336.0,208.0,2080.0,608.0,80.0,80.0,192.0,960.0,4832.0,976.0,704.0,768.0,7280.0,12752.0,5856.0,1440.0,1632.0,21680.0,336.0,768.0,80.0,128.0,1312.0,1552.0,2208.0,432.0,1680.0,5872.0,1248.0,1408.0,368.0,2848.0,6016.0,3136.0,4384.0,880.0,4224.0,13200.0,73424.0,38336.0,18272.0,15104.0,148128.0,,,,,,,,,,,,
2003-10-31,,,88143.0,20622.0,30063.0,35502.0,17885.0,81911.0,37100.0,27116.0,28564.0,24889.0,196983.0,878581.0,8146.78,13418.1,9737.6,3835.35,83033.0,56347.0,9798.0,20327.0,14274.0,6434.0,8142.0,8199.0,19221.0,16667.0,10425.0,32471.0,8162.0,63384.0,14429.0,40921.0,23115.0,435349.0,38304.0,43787.0,4491.0,9134.0,8456.0,2318.0,5593.0,4582.0,13665.0,6976.0,2952.0,12110.0,4035.0,32216.0,9569.0,23160.0,9144.0,230492.0,20651.0,2528.0,2090.0,2687.0,2634.0,1164.0,802.0,983.0,1259.0,1880.0,2405.0,5154.0,2124.0,20028.0,1620.0,6778.0,4645.0,79432.0,15819.0,3631.0,1607.0,3387.0,1218.0,806.0,460.0,666.0,1064.0,4101.0,1747.0,8781.0,964.0,4371.0,1197.0,4002.0,3783.0,57604.0,8259.0,6401.0,1610.0,5119.0,1966.0,2146.0,1287.0,1968.0,3233.0,3710.0,3321.0,6426.0,1039.0,6769.0,2043.0,6981.0,5543.0,67821.0,1100.0,15400.0,900.0,1800.0,50300.0,3500.0,2900.0,400.0,600.0,2400.0,1100.0,80300.0,300.0,2700.0,3200.0,1600.0,1400.0,400.0,700.0,21300.0,500.0,32200.0,1500.0,4400.0,200.0,400.0,900.0,2100.0,9800.0,1000.0,700.0,1100.0,900.0,1300.0,1800.0,6800.0,700.0,1400.0,17200.0,10100.0,4800.0,12900.0,14000.0,5900.0,600.0,67600.0,14300.0,11300.0,7400.0,2700.0,3400.0,200.0,39200.0,4700.0,500.0,900.0,800.0,8200.0,800.0,900.0,2500.0,300.0,400.0,22600.0,1200.0,28800.0,800.0,2900.0,800.0,4500.0,500.0,277900.0,559.0,608.0,343.0,104.0,307.0,1921.0,20881.0,18126.0,10431.0,5757.0,55195.0,10184.0,2888.0,1976.0,1292.0,16340.0,1805.0,627.0,152.0,190.0,2774.0,399.0,76.0,247.0,741.0,190.0,266.0,12578.0,3648.0,2147.0,1748.0,20121.0,10127.0,703.0,627.0,665.0,12122.0,1254.0,361.0,266.0,399.0,2280.0,1045.0,513.0,228.0,1919.0,6555.0,1102.0,323.0,760.0,8740.0,2660.0,703.0,1691.0,950.0,6004.0,21660.0,3401.0,3135.0,2926.0,31122.0,1615.0,133.0,418.0,19.0,2185.0,1577.0,532.0,95.0,513.0,2717.0,2489.0,247.0,76.0,703.0,3515.0,152.0,133.0,418.0,608.0,456.0,95.0,190.0,1349.0,171.0,285.0,38.0,266.0,760.0,6612.0,1786.0,760.0,1786.0,10944.0,28272.0,5187.0,3895.0,4712.0,42066.0,10583.0,5092.0,703.0,836.0,17214.0,1235.0,247.0,171.0,247.0,1900.0,760.0,209.0,1102.0,12578.0,5548.0,874.0,1216.0,20216.0,3838.0,285.0,399.0,285.0,4807.0,1634.0,399.0,2147.0,722.0,209.0,152.0,1178.0,2185.0,418.0,285.0,551.0,3439.0,589.0,57.0,57.0,399.0,1102.0,8968.0,1368.0,912.0,1425.0,12673.0,21546.0,6916.0,1786.0,2641.0,32889.0,209.0,646.0,76.0,95.0,1026.0,2299.0,2337.0,456.0,1919.0,7011.0,1824.0,1596.0,513.0,3097.0,7296.0,4332.0,4579.0,1045.0,4921.0,15333.0,87609.0,38456.0,19304.0,17366.0,165604.0,,,,,,,,,,,,
2003-11-30,,,81385.0,20671.0,27044.0,35547.0,15336.0,86170.0,41677.0,24101.0,33721.0,18295.0,172313.0,930432.0,8430.97,14680.98,10883.2,4149.03,77654.0,63288.0,10242.0,28278.0,18601.0,10268.0,6489.0,4285.0,22528.0,19767.0,9988.0,36965.0,9396.0,74264.0,12804.0,40878.0,27547.0,473242.0,33506.0,52689.0,4942.0,18144.0,11978.0,6511.0,4163.0,1691.0,16248.0,7872.0,2021.0,15127.0,4789.0,40881.0,8340.0,22200.0,11244.0,262346.0,20410.0,2618.0,2069.0,2510.0,3770.0,1238.0,722.0,705.0,1797.0,2017.0,2520.0,8088.0,2429.0,21457.0,1476.0,7021.0,6475.0,87322.0,15292.0,4041.0,1919.0,2754.0,1230.0,651.0,574.0,849.0,1342.0,6371.0,2147.0,8048.0,1300.0,5954.0,1343.0,5068.0,4168.0,63051.0,8446.0,3940.0,1312.0,4870.0,1623.0,1868.0,1030.0,1040.0,3141.0,3507.0,3300.0,5702.0,878.0,5972.0,1645.0,6589.0,5660.0,60523.0,500.0,11500.0,600.0,700.0,55100.0,3200.0,3200.0,1000.0,500.0,2300.0,900.0,79300.0,600.0,2600.0,2900.0,1000.0,700.0,500.0,1300.0,18200.0,800.0,28600.0,700.0,3400.0,600.0,500.0,1300.0,2900.0,9700.0,1400.0,500.0,1700.0,1000.0,1100.0,2200.0,7900.0,1400.0,700.0,16900.0,9200.0,6100.0,12200.0,11400.0,8600.0,1000.0,67500.0,10700.0,13000.0,5900.0,1700.0,3800.0,500.0,35500.0,10200.0,1500.0,2900.0,1800.0,16600.0,1200.0,800.0,2600.0,1200.0,700.0,26100.0,1700.0,34200.0,600.0,4900.0,1900.0,7400.0,500.0,287200.0,279.0,807.0,281.0,64.0,568.0,1999.0,21033.0,18088.0,13357.0,5377.0,57855.0,14668.0,3667.0,1900.0,1273.0,21508.0,3059.0,1102.0,304.0,285.0,4750.0,551.0,133.0,304.0,1007.0,304.0,418.0,18582.0,4959.0,2242.0,1900.0,27683.0,15333.0,893.0,684.0,1102.0,18012.0,1615.0,361.0,95.0,342.0,2413.0,1501.0,627.0,152.0,2432.0,10374.0,1729.0,399.0,741.0,13243.0,2698.0,950.0,2508.0,779.0,6935.0,31521.0,4560.0,3838.0,3116.0,43035.0,3496.0,513.0,475.0,266.0,4750.0,2717.0,779.0,171.0,266.0,3933.0,551.0,76.0,95.0,209.0,931.0,1254.0,171.0,1577.0,570.0,608.0,0.0,266.0,1444.0,190.0,323.0,95.0,190.0,798.0,8778.0,2470.0,893.0,1292.0,13433.0,40299.0,7030.0,4731.0,4408.0,56468.0,15808.0,8645.0,1083.0,969.0,26505.0,2546.0,361.0,133.0,247.0,3287.0,1178.0,304.0,1615.0,19532.0,9310.0,1254.0,1311.0,31407.0,6023.0,722.0,399.0,228.0,7372.0,2926.0,741.0,3800.0,1463.0,285.0,95.0,1900.0,3515.0,418.0,494.0,304.0,4731.0,1140.0,247.0,342.0,608.0,2337.0,15067.0,2413.0,1349.0,1311.0,20140.0,34599.0,11723.0,2603.0,2622.0,51547.0,361.0,1083.0,190.0,114.0,1748.0,2052.0,2945.0,589.0,1824.0,7410.0,2736.0,1729.0,551.0,3876.0,8987.0,5149.0,5757.0,1330.0,5510.0,18145.0,119662.0,47557.0,24263.0,17955.0,211698.0,,,,,,,,,,,,
2003-12-31,,,70398.0,22686.0,28996.0,28614.0,10402.0,93819.0,36341.0,28070.0,41106.0,30031.0,173776.0,1021707.0,7673.13,14207.4,10195.84,3890.43,82489.0,72947.0,13331.0,36356.0,18034.0,12523.0,7278.0,5718.0,18218.0,22038.0,13714.0,42603.0,10669.0,106239.0,15589.0,55805.0,33026.0,566577.0,31970.0,61435.0,8022.0,27264.0,11416.0,7718.0,5153.0,3170.0,12028.0,9166.0,5546.0,18139.0,4553.0,50725.0,9910.0,29486.0,15300.0,311001.0,32082.0,5691.0,3340.0,4327.0,3864.0,2037.0,829.0,1012.0,2817.0,2618.0,3457.0,12477.0,4577.0,45035.0,3218.0,16682.0,10057.0,154120.0,8966.0,2293.0,918.0,1869.0,873.0,793.0,344.0,660.0,854.0,6833.0,1686.0,6317.0,628.0,1993.0,532.0,1768.0,1548.0,38875.0,9471.0,3528.0,1051.0,2896.0,1881.0,1975.0,952.0,876.0,2519.0,3421.0,3025.0,5670.0,911.0,8486.0,1929.0,7869.0,6121.0,62581.0,600.0,14400.0,500.0,1500.0,96500.0,2800.0,3000.0,2100.0,1500.0,2900.0,1200.0,127000.0,1700.0,4500.0,3800.0,2900.0,1200.0,400.0,1500.0,29800.0,1300.0,47100.0,1200.0,5600.0,800.0,1000.0,1600.0,2900.0,13500.0,1800.0,1400.0,2900.0,600.0,1900.0,2900.0,11500.0,1600.0,800.0,24800.0,15200.0,10600.0,14000.0,15300.0,13700.0,1900.0,97900.0,14800.0,17600.0,7200.0,2500.0,5100.0,300.0,47400.0,10100.0,600.0,4400.0,1200.0,16800.0,800.0,800.0,9200.0,1300.0,800.0,33700.0,2400.0,49000.0,1200.0,5800.0,1900.0,9000.0,1100.0,420200.0,468.0,1138.0,480.0,53.0,878.0,3017.0,38478.0,49808.0,7590.0,4400.0,100276.0,15950.0,6710.0,1232.0,2046.0,25938.0,2948.0,2046.0,154.0,330.0,5478.0,902.0,374.0,88.0,1386.0,594.0,814.0,20394.0,9306.0,1430.0,2486.0,33616.0,14146.0,2310.0,506.0,748.0,17710.0,1496.0,352.0,110.0,440.0,2398.0,2750.0,924.0,176.0,4048.0,7040.0,2970.0,330.0,1078.0,11418.0,4048.0,1672.0,2992.0,1012.0,9724.0,29524.0,8250.0,4114.0,3476.0,45364.0,5720.0,968.0,264.0,110.0,7062.0,2068.0,638.0,44.0,110.0,2860.0,1012.0,462.0,22.0,66.0,1562.0,1518.0,396.0,2046.0,902.0,550.0,66.0,88.0,1606.0,660.0,792.0,66.0,286.0,1804.0,11880.0,3806.0,550.0,704.0,16940.0,41404.0,12056.0,4664.0,4180.0,62304.0,17116.0,24112.0,528.0,814.0,42570.0,3344.0,1210.0,88.0,66.0,4708.0,1012.0,836.0,1892.0,21472.0,26158.0,638.0,902.0,49170.0,5742.0,1650.0,154.0,88.0,7634.0,2794.0,1628.0,4620.0,1672.0,814.0,44.0,2618.0,3190.0,1408.0,286.0,242.0,5126.0,792.0,550.0,132.0,176.0,1650.0,14190.0,6050.0,660.0,748.0,21648.0,35662.0,32208.0,1298.0,1650.0,70818.0,572.0,1672.0,22.0,66.0,2332.0,5170.0,6622.0,396.0,1804.0,13992.0,3388.0,3718.0,594.0,5698.0,13574.0,9130.0,12012.0,1012.0,7348.0,29898.0,145068.0,115390.0,15994.0,18722.0,296912.0,,,,,,,,,,,,
2004-01-31,,,63632.0,18483.0,29411.0,25229.0,8716.0,68062.0,37006.0,16766.0,19969.0,19380.0,170348.0,1115151.0,6725.83,12628.8,8848.44,3665.48,53616.0,58818.0,13003.0,15250.0,10842.0,6506.0,9876.0,4479.0,25863.0,31204.0,8805.0,34078.0,10174.0,61938.0,12054.0,38364.0,25277.0,420147.0,22465.0,44783.0,6366.0,7186.0,5183.0,1787.0,6584.0,932.0,15965.0,17962.0,2125.0,14556.0,4962.0,30545.0,7094.0,18656.0,12004.0,219155.0,15048.0,2628.0,2588.0,2153.0,1910.0,908.0,1103.0,644.0,2305.0,2607.0,1527.0,5260.0,2435.0,20383.0,1620.0,7300.0,3712.0,74131.0,8798.0,3401.0,1287.0,1830.0,705.0,475.0,137.0,498.0,834.0,2505.0,1338.0,5301.0,568.0,3464.0,932.0,3000.0,1731.0,36804.0,7305.0,8006.0,2762.0,4081.0,3044.0,3336.0,2052.0,2405.0,6759.0,8130.0,3815.0,8961.0,2209.0,7546.0,2408.0,9408.0,7830.0,90057.0,400.0,11700.0,800.0,700.0,63700.0,2000.0,2800.0,1000.0,600.0,2500.0,1100.0,87200.0,800.0,2700.0,2400.0,1200.0,600.0,200.0,1600.0,19700.0,700.0,29800.0,900.0,3300.0,200.0,100.0,800.0,2100.0,7400.0,1500.0,600.0,1000.0,500.0,1700.0,3100.0,8500.0,700.0,1000.0,24200.0,12000.0,6400.0,12200.0,12800.0,12600.0,1600.0,83400.0,11600.0,11000.0,5800.0,1800.0,3100.0,300.0,33600.0,3200.0,600.0,1100.0,600.0,5800.0,400.0,400.0,7100.0,1000.0,500.0,27700.0,1200.0,38300.0,0.0,2800.0,2300.0,5100.0,600.0,299700.0,458.0,1211.0,369.0,27.0,332.0,2397.0,31550.0,23550.0,7750.0,4625.0,67475.0,17400.0,3775.0,1750.0,2400.0,25325.0,4075.0,1275.0,175.0,475.0,6000.0,850.0,175.0,650.0,1700.0,250.0,350.0,22575.0,5250.0,1975.0,3575.0,33375.0,10875.0,1325.0,650.0,1675.0,14525.0,2800.0,800.0,75.0,450.0,4125.0,2600.0,1050.0,200.0,3975.0,13050.0,3775.0,200.0,1550.0,18575.0,5775.0,1600.0,725.0,1125.0,9225.0,35150.0,8550.0,1850.0,4925.0,50475.0,1475.0,325.0,275.0,550.0,2625.0,975.0,400.0,0.0,150.0,1525.0,450.0,150.0,25.0,375.0,1000.0,200.0,125.0,475.0,275.0,350.0,75.0,200.0,900.0,200.0,250.0,25.0,275.0,750.0,3575.0,1600.0,475.0,1625.0,7275.0,38725.0,10150.0,2325.0,6550.0,57750.0,21600.0,15350.0,725.0,1275.0,38950.0,3475.0,500.0,100.0,275.0,4350.0,1475.0,475.0,2050.0,26550.0,16325.0,850.0,1625.0,45350.0,6025.0,825.0,200.0,725.0,7775.0,2875.0,1400.0,4475.0,1850.0,525.0,150.0,2650.0,2725.0,850.0,175.0,375.0,4125.0,900.0,175.0,100.0,400.0,1575.0,14375.0,3775.0,625.0,1825.0,20600.0,40925.0,20100.0,1475.0,3450.0,65950.0,325.0,700.0,0.0,25.0,1050.0,3100.0,2850.0,475.0,1525.0,7950.0,3150.0,2125.0,450.0,3925.0,10425.0,6575.0,5675.0,925.0,5175.0,19425.0,140350.0,64725.0,14450.0,18025.0,243975.0,,,,,,,,,,,,
2004-02-29,,,69411.0,17834.0,26341.0,35097.0,12866.0,69725.0,37513.0,21313.0,23875.0,15897.0,145026.0,824619.0,7767.86,12944.52,8520.72,3669.28,59004.0,62666.0,11199.0,17885.0,14753.0,8297.0,8738.0,6157.0,19349.0,23389.0,12145.0,42086.0,11628.0,75245.0,15550.0,43541.0,23135.0,454767.0,21118.0,48676.0,3073.0,4747.0,4225.0,2139.0,5333.0,1828.0,11711.0,7002.0,2664.0,18565.0,6384.0,39168.0,9363.0,20132.0,7970.0,214098.0,15445.0,3211.0,2171.0,1989.0,1669.0,881.0,665.0,523.0,2050.0,1172.0,2092.0,5579.0,2411.0,23311.0,1589.0,8182.0,4716.0,77656.0,15801.0,2898.0,1410.0,4220.0,1555.0,977.0,529.0,1153.0,1202.0,5225.0,2339.0,7992.0,996.0,5090.0,1514.0,4374.0,3008.0,60283.0,6640.0,7881.0,4545.0,6929.0,7304.0,4300.0,2211.0,2653.0,4386.0,9990.0,5050.0,9950.0,1837.0,7676.0,3084.0,10853.0,7441.0,102730.0,700.0,9600.0,400.0,1000.0,67900.0,2400.0,2200.0,400.0,300.0,2100.0,1000.0,88000.0,700.0,2200.0,1600.0,900.0,200.0,400.0,1100.0,17800.0,300.0,25400.0,1100.0,2400.0,200.0,200.0,1300.0,1600.0,7200.0,700.0,400.0,1000.0,400.0,1000.0,2600.0,6200.0,900.0,900.0,19800.0,10000.0,4800.0,9900.0,12900.0,5600.0,900.0,65700.0,9500.0,11500.0,5500.0,2200.0,3000.0,0.0,31700.0,7600.0,700.0,1700.0,900.0,11400.0,700.0,400.0,4700.0,500.0,300.0,19800.0,500.0,26900.0,300.0,3400.0,1300.0,5000.0,700.0,268200.0,325.0,674.0,473.0,27.0,522.0,2021.0,29085.0,23331.0,12537.0,5124.0,70077.0,15015.0,3738.0,2415.0,2352.0,23520.0,3738.0,1344.0,189.0,462.0,5733.0,861.0,126.0,189.0,1302.0,231.0,315.0,19845.0,5229.0,2730.0,3066.0,30870.0,12978.0,1470.0,672.0,1680.0,16800.0,1575.0,399.0,84.0,336.0,2394.0,651.0,483.0,252.0,1596.0,7959.0,1953.0,273.0,756.0,10941.0,2856.0,924.0,1386.0,1239.0,6405.0,26040.0,5229.0,2688.0,4221.0,38178.0,588.0,399.0,609.0,210.0,1806.0,588.0,378.0,189.0,231.0,1386.0,651.0,231.0,147.0,168.0,1197.0,231.0,147.0,588.0,483.0,420.0,147.0,189.0,1239.0,168.0,252.0,147.0,315.0,882.0,2709.0,1827.0,1386.0,1176.0,7098.0,28749.0,7056.0,4074.0,5397.0,45276.0,23436.0,17178.0,1470.0,1407.0,43491.0,3738.0,651.0,231.0,336.0,4956.0,1323.0,378.0,1764.0,28497.0,18207.0,1722.0,1785.0,50211.0,7602.0,1050.0,231.0,630.0,9513.0,2919.0,1218.0,4452.0,1512.0,315.0,42.0,1995.0,2919.0,924.0,504.0,525.0,4872.0,945.0,294.0,105.0,231.0,1575.0,15897.0,3801.0,987.0,1722.0,22407.0,44394.0,22008.0,2709.0,3507.0,72618.0,315.0,1134.0,168.0,105.0,1722.0,2688.0,2394.0,777.0,1575.0,7434.0,2898.0,2142.0,420.0,3423.0,9786.0,5901.0,5670.0,1365.0,4788.0,18942.0,127974.0,63294.0,23415.0,16842.0,237783.0,,,,,,,,,,,,
2004-03-31,,,86238.0,22495.0,30827.0,43390.0,15278.0,82260.0,37622.0,26050.0,31075.0,25831.0,166438.0,979338.0,8715.16,15015.7,10487.04,4099.55,76253.0,63691.0,10504.0,18534.0,13743.0,6540.0,6889.0,8295.0,15186.0,17532.0,10628.0,37853.0,9288.0,68240.0,13420.0,33493.0,22152.0,432241.0,32315.0,49624.0,3970.0,9269.0,7947.0,2575.0,4719.0,3428.0,10176.0,7732.0,2315.0,16607.0,4527.0,31999.0,8277.0,16214.0,7547.0,219241.0,18741.0,2588.0,3010.0,2568.0,2522.0,1251.0,597.0,1076.0,1274.0,2239.0,2574.0,7107.0,2532.0,25006.0,1860.0,6262.0,5501.0,86708.0,17608.0,3883.0,1780.0,3972.0,1300.0,793.0,389.0,1422.0,1122.0,4119.0,2083.0,8833.0,1290.0,4427.0,1157.0,4512.0,3438.0,62128.0,7589.0,7596.0,1744.0,2725.0,1974.0,1921.0,1184.0,2369.0,2614.0,3442.0,3656.0,5306.0,939.0,6808.0,2126.0,6505.0,5666.0,64164.0,900.0,13100.0,100.0,1100.0,72200.0,2500.0,2700.0,700.0,200.0,2600.0,1200.0,97500.0,700.0,4000.0,4300.0,1400.0,1600.0,700.0,800.0,24100.0,1100.0,38700.0,2200.0,4800.0,700.0,500.0,1300.0,3100.0,13100.0,1300.0,1100.0,4400.0,1200.0,1600.0,3400.0,13100.0,1100.0,700.0,26100.0,11000.0,7200.0,11500.0,12400.0,8300.0,800.0,79100.0,14500.0,13200.0,6200.0,1400.0,3500.0,300.0,39200.0,4300.0,600.0,1500.0,1100.0,8600.0,900.0,700.0,3900.0,800.0,400.0,25800.0,1400.0,33800.0,800.0,3900.0,1300.0,6000.0,600.0,329700.0,367.0,838.0,423.0,27.0,335.0,1990.0,29883.0,24192.0,14658.0,6195.0,74928.0,15708.0,4032.0,2037.0,1365.0,23142.0,3024.0,1071.0,252.0,336.0,4683.0,630.0,126.0,189.0,1029.0,315.0,357.0,19677.0,5250.0,2373.0,1911.0,29211.0,13230.0,1890.0,546.0,1491.0,17157.0,1092.0,420.0,126.0,63.0,1701.0,1134.0,546.0,189.0,1953.0,6636.0,1029.0,189.0,420.0,8274.0,3024.0,567.0,1701.0,1029.0,6321.0,25116.0,4473.0,2751.0,3087.0,35427.0,1617.0,378.0,420.0,189.0,2604.0,1218.0,567.0,126.0,126.0,2037.0,1218.0,294.0,105.0,609.0,2226.0,252.0,126.0,609.0,336.0,441.0,126.0,105.0,1008.0,273.0,189.0,126.0,336.0,924.0,4914.0,1995.0,1029.0,1470.0,9408.0,30030.0,6468.0,3780.0,4557.0,44835.0,15435.0,11340.0,924.0,819.0,28518.0,2058.0,378.0,84.0,189.0,2709.0,1050.0,441.0,1554.0,18543.0,12159.0,1029.0,1050.0,32781.0,4515.0,777.0,378.0,231.0,5901.0,1197.0,525.0,1953.0,987.0,231.0,84.0,1407.0,1953.0,462.0,462.0,336.0,3213.0,504.0,168.0,42.0,168.0,882.0,9156.0,2163.0,1071.0,966.0,13356.0,27699.0,14322.0,2100.0,2016.0,46137.0,483.0,1218.0,105.0,126.0,1932.0,1869.0,2499.0,588.0,1743.0,6699.0,2163.0,1848.0,399.0,3360.0,8001.0,4515.0,5565.0,1092.0,4872.0,16632.0,111804.0,55797.0,24003.0,17073.0,211743.0,,,,,,,,,,,,
2004-04-30,,,89248.0,21858.0,33259.0,35497.0,16094.0,82091.0,44722.0,31636.0,30758.0,31544.0,176879.0,908741.0,7483.67,13909.28,9831.6,4087.44,88301.0,55630.0,14116.0,17050.0,13856.0,5790.0,7129.0,12962.0,14133.0,17678.0,12207.0,30878.0,6117.0,52223.0,9128.0,24833.0,20720.0,402751.0,38926.0,41621.0,7508.0,7823.0,7877.0,2318.0,4640.0,7385.0,9109.0,8850.0,3908.0,10745.0,2483.0,25022.0,5472.0,11129.0,7756.0,202572.0,26760.0,3345.0,3387.0,2951.0,2933.0,1043.0,866.0,1827.0,1402.0,1839.0,3009.0,7389.0,2047.0,18997.0,1235.0,5175.0,5085.0,89290.0,11497.0,2546.0,1367.0,3162.0,1277.0,687.0,564.0,725.0,1070.0,3684.0,1920.0,6501.0,752.0,2931.0,847.0,3487.0,2886.0,45903.0,11118.0,8118.0,1854.0,3114.0,1769.0,1742.0,1059.0,3025.0,2552.0,3305.0,3370.0,6243.0,835.0,5273.0,1574.0,5042.0,4993.0,64986.0,1500.0,12500.0,600.0,1300.0,74300.0,2000.0,3300.0,800.0,500.0,2200.0,1100.0,100100.0,500.0,5300.0,3100.0,2100.0,2100.0,500.0,900.0,32800.0,900.0,48200.0,2600.0,8300.0,800.0,700.0,2000.0,3800.0,18700.0,1100.0,1000.0,3700.0,2000.0,1300.0,2500.0,11700.0,1000.0,1200.0,24700.0,10200.0,6200.0,12600.0,16000.0,5600.0,1000.0,78500.0,15600.0,12100.0,8500.0,3000.0,2400.0,100.0,41800.0,3800.0,600.0,1600.0,1000.0,7500.0,400.0,700.0,4600.0,700.0,700.0,31900.0,1500.0,40500.0,900.0,3000.0,1500.0,5300.0,1400.0,353600.0,280.0,704.0,282.0,64.0,360.0,1690.0,31857.0,29421.0,10710.0,5943.0,77931.0,9576.0,3129.0,1071.0,1029.0,14805.0,1281.0,777.0,273.0,210.0,2541.0,504.0,189.0,189.0,945.0,168.0,357.0,11529.0,4221.0,1407.0,1491.0,18648.0,10248.0,945.0,483.0,861.0,12537.0,672.0,609.0,105.0,210.0,1596.0,1260.0,1008.0,126.0,2604.0,4473.0,1722.0,273.0,609.0,7077.0,3087.0,1281.0,1638.0,630.0,6636.0,9513.0,4620.0,2142.0,1680.0,17955.0,1239.0,273.0,357.0,63.0,1932.0,1386.0,756.0,63.0,147.0,2352.0,3108.0,588.0,105.0,525.0,4326.0,126.0,210.0,420.0,483.0,546.0,84.0,105.0,1218.0,609.0,336.0,84.0,189.0,1218.0,6951.0,2709.0,735.0,1071.0,11466.0,26712.0,8274.0,3360.0,3612.0,41958.0,10731.0,7539.0,840.0,714.0,19824.0,1071.0,252.0,168.0,210.0,1701.0,756.0,231.0,1092.0,12558.0,8022.0,1050.0,987.0,22617.0,1491.0,651.0,168.0,210.0,2520.0,504.0,231.0,840.0,483.0,189.0,63.0,777.0,1281.0,483.0,378.0,231.0,2373.0,357.0,126.0,126.0,168.0,777.0,4116.0,1680.0,777.0,714.0,7287.0,16674.0,9702.0,1827.0,1701.0,29904.0,357.0,651.0,126.0,84.0,1218.0,1848.0,3129.0,504.0,1407.0,6888.0,1617.0,1974.0,546.0,3465.0,8001.0,3822.0,5754.0,1176.0,4641.0,16107.0,90594.0,57372.0,18480.0,15120.0,184548.0,,,,,,,,,,,,
2004-05-31,,,80577.0,21350.0,31008.0,28997.0,12604.0,86365.0,38076.0,30150.0,34589.0,25794.0,149681.0,972837.0,7483.67,13593.16,9176.16,3844.62,74581.0,51656.0,7509.0,19465.0,14839.0,5088.0,9128.0,5944.0,16126.0,16230.0,13196.0,29753.0,5540.0,29331.0,6227.0,18421.0,18150.0,341184.0,29625.0,42477.0,2598.0,10317.0,9123.0,1727.0,6545.0,2535.0,10929.0,7691.0,5267.0,9236.0,1903.0,13519.0,3325.0,7947.0,5505.0,170269.0,18381.0,1342.0,2232.0,2738.0,2729.0,1065.0,768.0,846.0,1399.0,1663.0,2480.0,6508.0,1883.0,8575.0,721.0,2859.0,4480.0,60669.0,17038.0,4053.0,1680.0,3469.0,1509.0,839.0,542.0,856.0,1381.0,4276.0,1936.0,7873.0,1070.0,3493.0,1020.0,3469.0,2875.0,57379.0,9537.0,3784.0,999.0,2941.0,1478.0,1457.0,1273.0,1707.0,2417.0,2600.0,3513.0,6136.0,684.0,3744.0,1161.0,4146.0,5290.0,52867.0,700.0,12900.0,700.0,1200.0,43200.0,2100.0,2500.0,800.0,1000.0,2400.0,1000.0,68300.0,1300.0,7000.0,6500.0,3300.0,2300.0,700.0,1800.0,43300.0,2600.0,68800.0,6100.0,10800.0,1400.0,2000.0,2300.0,8300.0,33400.0,1100.0,900.0,2500.0,3300.0,900.0,2500.0,11200.0,900.0,900.0,27100.0,8200.0,7000.0,12400.0,12300.0,7000.0,500.0,76200.0,12900.0,9400.0,6600.0,2700.0,3200.0,200.0,35000.0,3100.0,100.0,1100.0,1700.0,6100.0,200.0,400.0,9600.0,600.0,600.0,35300.0,1600.0,48400.0,1100.0,2200.0,1600.0,4900.0,3900.0,356200.0,224.0,589.0,252.0,62.0,205.0,1332.0,14994.0,18360.0,13320.0,3924.0,50598.0,6012.0,2502.0,1476.0,1386.0,11376.0,846.0,558.0,162.0,306.0,1872.0,234.0,216.0,198.0,792.0,144.0,252.0,7236.0,3312.0,1818.0,1926.0,14292.0,9864.0,720.0,612.0,468.0,11664.0,558.0,306.0,36.0,180.0,1080.0,648.0,396.0,162.0,1296.0,4644.0,1386.0,234.0,432.0,6696.0,2808.0,756.0,1548.0,612.0,5724.0,8676.0,2844.0,1980.0,1314.0,14814.0,1422.0,270.0,342.0,180.0,2214.0,1188.0,648.0,90.0,180.0,2106.0,1098.0,216.0,126.0,252.0,1692.0,144.0,108.0,450.0,1764.0,522.0,144.0,162.0,2592.0,270.0,396.0,54.0,180.0,900.0,5886.0,2160.0,810.0,1098.0,9954.0,24426.0,5724.0,3402.0,2880.0,36432.0,6426.0,3690.0,720.0,684.0,11520.0,432.0,108.0,180.0,90.0,810.0,612.0,234.0,972.0,7470.0,4032.0,918.0,882.0,13302.0,1008.0,216.0,126.0,126.0,1476.0,198.0,216.0,540.0,324.0,90.0,18.0,468.0,702.0,288.0,360.0,234.0,1584.0,108.0,90.0,612.0,360.0,1170.0,2340.0,900.0,1170.0,828.0,5238.0,9810.0,4932.0,2088.0,1710.0,18540.0,216.0,576.0,72.0,0.0,864.0,1512.0,2376.0,846.0,1332.0,6066.0,1098.0,1512.0,360.0,2826.0,5958.0,2826.0,4464.0,1278.0,3924.0,12888.0,59292.0,36792.0,21906.0,12636.0,132750.0,,,,,,,,,,,,
2004-06-30,,,93187.0,20408.0,34999.0,26972.0,11279.0,88358.0,41469.0,30721.0,53278.0,21450.0,174396.0,867445.0,7862.59,13953.93,9874.48,3989.25,89380.0,46077.0,8649.0,26268.0,12019.0,8205.0,10031.0,3697.0,14180.0,13936.0,10108.0,40434.0,4872.0,30370.0,5939.0,23861.0,19293.0,367319.0,43363.0,37054.0,3822.0,17321.0,7484.0,4086.0,7346.0,1486.0,8686.0,5249.0,2963.0,15061.0,1748.0,13043.0,2979.0,10512.0,6190.0,188393.0,22488.0,1936.0,2721.0,2799.0,2062.0,1369.0,920.0,460.0,1532.0,2586.0,2215.0,5919.0,1799.0,9580.0,866.0,4893.0,4760.0,68905.0,14205.0,2867.0,1077.0,2997.0,1059.0,868.0,347.0,728.0,1269.0,3660.0,1772.0,6497.0,604.0,3050.0,836.0,2909.0,3308.0,48053.0,9324.0,4220.0,1029.0,3151.0,1414.0,1882.0,1418.0,1023.0,2693.0,2441.0,3158.0,12957.0,721.0,4697.0,1258.0,5547.0,5035.0,61968.0,600.0,14900.0,700.0,1700.0,52300.0,1900.0,3500.0,700.0,700.0,2500.0,800.0,80300.0,1700.0,10200.0,5500.0,3400.0,2300.0,2300.0,2100.0,44100.0,2800.0,74300.0,6600.0,13200.0,1200.0,1400.0,2100.0,8700.0,35800.0,500.0,1100.0,4700.0,3100.0,700.0,2800.0,12900.0,600.0,900.0,32500.0,13400.0,5300.0,13300.0,14500.0,8900.0,700.0,90100.0,13800.0,10600.0,6900.0,2100.0,3300.0,300.0,37100.0,3300.0,700.0,2300.0,1400.0,7800.0,400.0,300.0,8200.0,200.0,300.0,39400.0,800.0,49600.0,700.0,3400.0,2000.0,6200.0,2300.0,396500.0,232.0,546.0,189.0,16.0,320.0,1303.0,19120.0,19712.0,12016.0,4928.0,55776.0,8160.0,2704.0,1136.0,3248.0,15248.0,688.0,464.0,192.0,144.0,1488.0,288.0,128.0,160.0,704.0,112.0,208.0,9248.0,3344.0,1456.0,3600.0,17648.0,6000.0,880.0,544.0,528.0,7952.0,960.0,576.0,32.0,416.0,1984.0,576.0,448.0,224.0,1456.0,4352.0,1232.0,240.0,560.0,6384.0,2208.0,768.0,1216.0,560.0,4752.0,8096.0,3040.0,1712.0,1744.0,14592.0,2128.0,480.0,240.0,240.0,3088.0,768.0,288.0,112.0,128.0,1296.0,368.0,224.0,80.0,256.0,928.0,384.0,160.0,688.0,624.0,384.0,128.0,240.0,1376.0,192.0,336.0,112.0,112.0,752.0,4464.0,1872.0,736.0,1056.0,8128.0,18560.0,5792.0,2992.0,3328.0,30672.0,6640.0,3200.0,672.0,704.0,11216.0,464.0,224.0,80.0,48.0,816.0,752.0,352.0,1200.0,7856.0,3776.0,816.0,784.0,13232.0,592.0,224.0,160.0,208.0,1184.0,208.0,128.0,448.0,192.0,144.0,48.0,384.0,912.0,384.0,304.0,352.0,1952.0,144.0,128.0,80.0,176.0,528.0,2048.0,1008.0,624.0,816.0,4496.0,9904.0,4784.0,1440.0,1600.0,17728.0,288.0,496.0,96.0,112.0,992.0,1424.0,2320.0,448.0,1408.0,5600.0,1264.0,1872.0,368.0,2000.0,5856.0,2976.0,4688.0,912.0,3232.0,12448.0,59808.0,38320.0,18816.0,12576.0,134272.0,,,,,,,,,,,,
2004-07-31,,,96569.0,22860.0,34627.0,30903.0,11900.0,98811.0,49663.0,27917.0,35084.0,31933.0,196330.0,1160530.0,8146.78,15237.05,10547.74,4483.11,108134.0,56974.0,14385.0,16881.0,13060.0,9463.0,10882.0,7250.0,19878.0,26391.0,10592.0,44964.0,7741.0,45303.0,11633.0,38096.0,30424.0,472051.0,54791.0,43641.0,5717.0,6440.0,4546.0,3535.0,6356.0,2194.0,10261.0,8666.0,2603.0,16698.0,2968.0,24071.0,6052.0,19594.0,13754.0,231887.0,24854.0,2949.0,2632.0,2516.0,2181.0,972.0,1192.0,1038.0,2628.0,2503.0,2421.0,7054.0,2552.0,12852.0,1453.0,6547.0,5385.0,81729.0,16251.0,2722.0,1316.0,3173.0,1301.0,877.0,479.0,957.0,1332.0,3810.0,1827.0,6308.0,724.0,3654.0,1380.0,3301.0,3552.0,52964.0,12238.0,7662.0,4720.0,4752.0,5032.0,4079.0,2855.0,3061.0,5657.0,11412.0,3741.0,14904.0,1497.0,4726.0,2748.0,8654.0,7733.0,105471.0,500.0,15500.0,700.0,1600.0,69500.0,1700.0,3400.0,800.0,600.0,2800.0,900.0,97800.0,1600.0,5300.0,4200.0,3300.0,1700.0,1100.0,1600.0,36800.0,2800.0,58500.0,7000.0,8700.0,900.0,1200.0,2200.0,8500.0,31000.0,900.0,500.0,4300.0,2000.0,900.0,2900.0,11600.0,900.0,800.0,34300.0,13300.0,4900.0,14500.0,16000.0,6200.0,600.0,91600.0,12200.0,10900.0,7800.0,1600.0,2800.0,200.0,35400.0,3000.0,300.0,2100.0,1500.0,7000.0,400.0,400.0,7800.0,300.0,500.0,27900.0,1300.0,38600.0,400.0,3400.0,1600.0,5400.0,2700.0,379500.0,219.0,1028.0,267.0,21.0,658.0,2193.0,33460.0,20700.0,11780.0,5560.0,71500.0,8160.0,3220.0,1140.0,3620.0,16140.0,980.0,680.0,160.0,220.0,2040.0,700.0,120.0,200.0,1120.0,260.0,380.0,10100.0,4060.0,1420.0,4100.0,19680.0,8060.0,980.0,580.0,1480.0,11100.0,1540.0,740.0,100.0,1180.0,3560.0,1500.0,760.0,140.0,2900.0,6380.0,2320.0,180.0,1340.0,10220.0,2620.0,940.0,1360.0,1480.0,6400.0,12060.0,4780.0,1780.0,4520.0,23140.0,980.0,280.0,520.0,100.0,1880.0,580.0,320.0,80.0,220.0,1200.0,920.0,80.0,80.0,600.0,1680.0,300.0,180.0,640.0,160.0,360.0,80.0,180.0,780.0,320.0,360.0,40.0,200.0,920.0,3260.0,1580.0,860.0,1400.0,7100.0,23380.0,7340.0,3220.0,7400.0,41340.0,7960.0,4840.0,520.0,1220.0,14540.0,420.0,220.0,100.0,220.0,960.0,1180.0,280.0,1540.0,9560.0,5340.0,640.0,1500.0,17040.0,1020.0,300.0,160.0,720.0,2200.0,460.0,520.0,1080.0,300.0,200.0,60.0,580.0,1420.0,700.0,260.0,620.0,3000.0,120.0,140.0,60.0,200.0,520.0,3320.0,1860.0,580.0,1620.0,7380.0,12880.0,7200.0,1220.0,3120.0,24420.0,240.0,440.0,120.0,80.0,880.0,2760.0,2160.0,520.0,1300.0,6740.0,2120.0,1840.0,400.0,1920.0,7060.0,5120.0,4440.0,1040.0,3040.0,14680.0,84940.0,43740.0,18680.0,15820.0,171620.0,,,,,,,,,,,,
2004-08-31,,,83880.0,22023.0,28247.0,30505.0,13052.0,103276.0,52703.0,27909.0,38853.0,26861.0,196099.0,1238091.0,8052.05,14916.27,10323.32,4445.34,96925.0,66641.0,10435.0,14534.0,13582.0,5855.0,8349.0,5312.0,14938.0,17585.0,9033.0,34524.0,6035.0,39409.0,10286.0,28316.0,23978.0,405737.0,47276.0,53791.0,4882.0,6678.0,8002.0,1830.0,5944.0,2088.0,10175.0,8240.0,1898.0,13857.0,2392.0,20003.0,6604.0,16243.0,10069.0,219972.0,20502.0,2686.0,2468.0,1923.0,2354.0,959.0,811.0,624.0,1405.0,1731.0,2080.0,8298.0,1552.0,12235.0,1240.0,4707.0,4656.0,70231.0,19896.0,3748.0,1550.0,3607.0,1218.0,1137.0,418.0,1003.0,990.0,4332.0,2615.0,7892.0,881.0,2988.0,952.0,2858.0,3229.0,59314.0,9251.0,6416.0,1535.0,2326.0,2008.0,1929.0,1176.0,1597.0,2368.0,3282.0,2440.0,4477.0,1210.0,4183.0,1490.0,4508.0,6024.0,56220.0,700.0,14800.0,400.0,1000.0,61800.0,2500.0,2900.0,900.0,500.0,2300.0,700.0,88500.0,1500.0,4900.0,4400.0,3100.0,2000.0,1000.0,1400.0,37300.0,2200.0,57700.0,6000.0,8200.0,900.0,900.0,1100.0,5700.0,23900.0,600.0,700.0,3700.0,900.0,1200.0,2100.0,9100.0,400.0,900.0,30500.0,10100.0,4500.0,11400.0,14100.0,6400.0,500.0,78800.0,14300.0,9200.0,6800.0,1900.0,3500.0,200.0,36000.0,3800.0,400.0,1700.0,1000.0,7000.0,300.0,600.0,7800.0,600.0,200.0,28600.0,1000.0,39100.0,900.0,3000.0,1600.0,5500.0,3500.0,349100.0,224.0,808.0,211.0,10.0,283.0,1536.0,27962.0,16808.0,14014.0,5764.0,64548.0,6424.0,2926.0,1826.0,1650.0,12826.0,968.0,506.0,110.0,132.0,1716.0,330.0,198.0,154.0,726.0,198.0,330.0,7920.0,3718.0,1980.0,1980.0,15598.0,11506.0,1012.0,396.0,1386.0,14300.0,1122.0,528.0,22.0,264.0,1936.0,1232.0,528.0,154.0,2090.0,5038.0,1122.0,374.0,616.0,7150.0,2992.0,660.0,1122.0,968.0,5742.0,10406.0,2838.0,1672.0,2024.0,16940.0,748.0,352.0,418.0,154.0,1672.0,924.0,418.0,44.0,220.0,1606.0,374.0,154.0,132.0,198.0,858.0,88.0,66.0,286.0,132.0,220.0,110.0,154.0,616.0,176.0,198.0,66.0,176.0,616.0,2442.0,1408.0,792.0,1012.0,5654.0,24354.0,5258.0,2860.0,4422.0,36894.0,7194.0,4136.0,660.0,968.0,12958.0,220.0,110.0,220.0,110.0,660.0,770.0,242.0,1100.0,8184.0,4488.0,880.0,1166.0,14718.0,1144.0,484.0,132.0,462.0,2222.0,374.0,176.0,638.0,198.0,88.0,88.0,418.0,2112.0,484.0,198.0,286.0,3080.0,242.0,110.0,66.0,154.0,572.0,4070.0,1342.0,528.0,990.0,6930.0,12254.0,5830.0,1408.0,2156.0,21648.0,154.0,506.0,88.0,44.0,792.0,1848.0,2090.0,506.0,1320.0,5764.0,1540.0,1496.0,374.0,1298.0,4994.0,3542.0,4092.0,968.0,2332.0,11550.0,76032.0,35706.0,21230.0,14014.0,150238.0,,,,,,,,,,,,
2004-09-30,,,83259.0,18363.0,37291.0,29602.0,14109.0,115749.0,44670.0,27280.0,36033.0,18603.0,170047.0,912723.0,7862.59,13776.34,9249.24,4084.3,107897.0,58044.0,9773.0,15675.0,10377.0,5117.0,5215.0,7152.0,13804.0,16385.0,9732.0,26396.0,5764.0,40420.0,11180.0,31771.0,20961.0,395663.0,51572.0,46597.0,3653.0,7573.0,5299.0,2074.0,3659.0,2263.0,9031.0,6738.0,2292.0,9281.0,2543.0,18548.0,7356.0,15740.0,6936.0,201155.0,27497.0,3870.0,3294.0,2543.0,2395.0,1057.0,487.0,791.0,1849.0,2379.0,2723.0,6490.0,1581.0,13728.0,1154.0,5287.0,5095.0,82220.0,17455.0,2468.0,1461.0,3002.0,1174.0,643.0,246.0,1788.0,930.0,4685.0,2409.0,6557.0,840.0,3664.0,1082.0,4422.0,3672.0,56498.0,11373.0,5109.0,1365.0,2557.0,1509.0,1343.0,823.0,2310.0,1994.0,2583.0,2308.0,4068.0,800.0,4480.0,1588.0,6322.0,5258.0,55790.0,800.0,18800.0,500.0,1800.0,73600.0,2300.0,4100.0,800.0,800.0,4000.0,1700.0,109100.0,800.0,9000.0,5500.0,3400.0,1800.0,600.0,1300.0,39000.0,2300.0,63500.0,4100.0,16300.0,500.0,600.0,3400.0,5500.0,31800.0,1500.0,600.0,2500.0,1300.0,1800.0,3300.0,11100.0,1000.0,1000.0,31700.0,14400.0,6100.0,14700.0,20600.0,8400.0,800.0,98800.0,22700.0,11500.0,10600.0,2800.0,3600.0,400.0,51600.0,7100.0,900.0,2000.0,1600.0,11900.0,600.0,800.0,7800.0,500.0,500.0,38200.0,2000.0,50400.0,1300.0,4700.0,1400.0,7500.0,2200.0,437900.0,245.0,615.0,395.0,44.0,387.0,1686.0,36620.0,23140.0,11840.0,6520.0,78120.0,5980.0,2200.0,1440.0,1200.0,10820.0,920.0,480.0,160.0,160.0,1720.0,400.0,120.0,260.0,860.0,200.0,260.0,7500.0,2820.0,1680.0,1660.0,13660.0,8680.0,980.0,480.0,1000.0,11140.0,980.0,540.0,100.0,300.0,1920.0,680.0,620.0,120.0,1580.0,4400.0,1780.0,220.0,460.0,6860.0,2480.0,1100.0,2180.0,640.0,6400.0,8560.0,4060.0,2620.0,1580.0,16820.0,1060.0,360.0,300.0,60.0,1780.0,860.0,400.0,80.0,260.0,1600.0,700.0,140.0,180.0,380.0,1400.0,120.0,80.0,360.0,380.0,480.0,140.0,120.0,1120.0,260.0,220.0,140.0,220.0,840.0,3380.0,1680.0,920.0,1120.0,7100.0,20620.0,6720.0,4020.0,3700.0,35060.0,6060.0,4140.0,660.0,820.0,11680.0,740.0,140.0,140.0,80.0,1100.0,760.0,180.0,1100.0,7560.0,4460.0,940.0,920.0,13880.0,1580.0,380.0,240.0,320.0,2520.0,580.0,200.0,920.0,420.0,260.0,180.0,960.0,1320.0,300.0,240.0,240.0,2100.0,300.0,160.0,60.0,100.0,620.0,4200.0,1300.0,640.0,980.0,7120.0,11760.0,5760.0,1580.0,1900.0,21000.0,280.0,640.0,80.0,20.0,1020.0,1740.0,2320.0,500.0,1460.0,6020.0,1380.0,1380.0,540.0,1360.0,4780.0,3400.0,4340.0,1120.0,2480.0,11820.0,79900.0,42780.0,20240.0,13180.0,159660.0,,,,,,,,,,,,
2004-10-31,,,114520.0,29069.0,40748.0,45487.0,22453.0,98557.0,48786.0,34167.0,37599.0,34432.0,180311.0,1079392.0,8525.7,14417.1,9707.28,4467.7,97830.0,61233.0,11534.0,19604.0,11228.0,4922.0,6482.0,7843.0,17825.0,21517.0,10877.0,34181.0,7795.0,59693.0,15741.0,40296.0,21355.0,449956.0,46518.0,49728.0,4900.0,7832.0,5037.0,1312.0,4158.0,3525.0,11708.0,10256.0,3057.0,14999.0,3729.0,29663.0,10261.0,21453.0,7332.0,235468.0,24749.0,2807.0,2656.0,2628.0,2790.0,958.0,830.0,1040.0,1691.0,2118.0,3124.0,5635.0,2027.0,20764.0,1874.0,7626.0,4428.0,87745.0,16040.0,3206.0,2222.0,3629.0,1267.0,744.0,357.0,1046.0,1284.0,5033.0,1912.0,8761.0,1182.0,3997.0,1485.0,4644.0,3568.0,60377.0,10523.0,5492.0,1756.0,5515.0,2134.0,1908.0,1137.0,2232.0,3142.0,4110.0,2784.0,4786.0,857.0,5269.0,2121.0,6573.0,6027.0,66366.0,1100.0,17500.0,400.0,1000.0,62100.0,2400.0,2900.0,700.0,600.0,3800.0,800.0,93300.0,800.0,4100.0,3000.0,2000.0,1400.0,600.0,800.0,26200.0,1100.0,39900.0,1500.0,5300.0,500.0,300.0,1900.0,2300.0,12200.0,1100.0,1000.0,900.0,400.0,900.0,2300.0,6600.0,600.0,800.0,31600.0,11100.0,5400.0,13700.0,20500.0,8100.0,400.0,92100.0,19900.0,13200.0,8700.0,2800.0,3000.0,100.0,47700.0,8900.0,400.0,1200.0,1100.0,12600.0,500.0,600.0,3200.0,700.0,500.0,30500.0,2000.0,38000.0,1000.0,4700.0,1200.0,6900.0,1300.0,350600.0,245.0,827.0,289.0,46.0,391.0,1798.0,22785.0,21882.0,13545.0,6573.0,64785.0,11760.0,2310.0,2142.0,1365.0,17577.0,1764.0,525.0,315.0,315.0,2919.0,567.0,126.0,294.0,1071.0,210.0,399.0,14301.0,3045.0,2541.0,2079.0,21966.0,9891.0,966.0,483.0,861.0,12201.0,1197.0,252.0,42.0,651.0,2142.0,1134.0,441.0,105.0,1848.0,7182.0,966.0,210.0,798.0,9156.0,3549.0,798.0,1638.0,882.0,6867.0,13062.0,2499.0,1995.0,2499.0,20055.0,1197.0,336.0,441.0,294.0,2268.0,966.0,546.0,147.0,504.0,2163.0,1239.0,273.0,42.0,840.0,2394.0,273.0,105.0,462.0,567.0,567.0,105.0,315.0,1554.0,189.0,189.0,105.0,294.0,777.0,4431.0,2016.0,882.0,2289.0,9618.0,27384.0,5481.0,3360.0,5649.0,41874.0,10836.0,6258.0,945.0,1029.0,19068.0,1512.0,252.0,252.0,315.0,2331.0,966.0,189.0,1260.0,13314.0,6699.0,1197.0,1449.0,22659.0,4347.0,462.0,189.0,315.0,5313.0,1701.0,294.0,2289.0,861.0,147.0,147.0,1239.0,2793.0,504.0,336.0,504.0,4137.0,504.0,252.0,168.0,294.0,1218.0,10206.0,1659.0,882.0,1449.0,14196.0,23520.0,8358.0,2079.0,2898.0,36855.0,252.0,567.0,147.0,84.0,1050.0,2436.0,2520.0,588.0,1554.0,7098.0,1701.0,1449.0,441.0,1785.0,5628.0,4389.0,4536.0,1176.0,3150.0,13776.0,92379.0,43302.0,22701.0,17493.0,179256.0,,,,,,,,,,,,
2004-11-30,,,102524.0,30067.0,38102.0,44267.0,18568.0,109364.0,55822.0,29644.0,52284.0,23957.0,165713.0,1040982.0,8904.62,15590.81,10706.86,4752.93,83193.0,66436.0,9729.0,33989.0,19773.0,8710.0,8342.0,4638.0,21193.0,24341.0,10154.0,34062.0,10365.0,64856.0,13955.0,42401.0,23790.0,479927.0,34618.0,54731.0,4607.0,21814.0,12944.0,4950.0,6060.0,1641.0,15101.0,10757.0,2283.0,15350.0,4653.0,31220.0,8837.0,22245.0,8109.0,259920.0,21299.0,1992.0,2309.0,2956.0,3634.0,1186.0,758.0,747.0,1923.0,2056.0,3073.0,7149.0,2826.0,22441.0,1685.0,8539.0,6395.0,90968.0,17317.0,4086.0,1578.0,4084.0,1361.0,779.0,467.0,915.0,1553.0,7599.0,1957.0,7264.0,1986.0,5433.0,1911.0,5606.0,3789.0,67685.0,9959.0,5627.0,1235.0,5135.0,1834.0,1795.0,1057.0,1335.0,2616.0,3929.0,2841.0,4299.0,900.0,5762.0,1522.0,6011.0,5497.0,61354.0,900.0,15100.0,400.0,1500.0,58600.0,1900.0,3000.0,1300.0,600.0,3400.0,900.0,87700.0,300.0,3200.0,3700.0,1100.0,1200.0,100.0,800.0,20400.0,1100.0,31800.0,1300.0,3400.0,500.0,700.0,1000.0,2800.0,9800.0,2000.0,800.0,2000.0,600.0,2100.0,2600.0,10100.0,1900.0,600.0,24500.0,13000.0,5700.0,14200.0,16200.0,9200.0,1700.0,87000.0,14400.0,18100.0,6700.0,2400.0,3500.0,300.0,45400.0,11900.0,1700.0,3900.0,1600.0,19300.0,1000.0,800.0,3800.0,1400.0,800.0,29400.0,2100.0,39300.0,800.0,5000.0,1700.0,7500.0,700.0,338600.0,372.0,882.0,296.0,33.0,415.0,1998.0,21168.0,20244.0,14259.0,6174.0,61845.0,15918.0,3843.0,1974.0,1281.0,23016.0,2940.0,1071.0,273.0,231.0,4515.0,462.0,126.0,231.0,966.0,189.0,378.0,19509.0,5124.0,2415.0,1827.0,28875.0,17430.0,903.0,966.0,798.0,20097.0,1260.0,357.0,126.0,525.0,2268.0,1218.0,336.0,231.0,2058.0,9219.0,1785.0,357.0,714.0,12075.0,4536.0,945.0,2814.0,1176.0,9471.0,16275.0,3423.0,3528.0,2688.0,25914.0,3591.0,378.0,672.0,210.0,4851.0,2814.0,756.0,105.0,210.0,3885.0,441.0,147.0,315.0,105.0,1008.0,966.0,189.0,1302.0,567.0,672.0,105.0,147.0,1491.0,189.0,231.0,147.0,210.0,777.0,8568.0,2373.0,1407.0,966.0,13314.0,42273.0,6699.0,5901.0,4452.0,59325.0,15750.0,9555.0,1134.0,1071.0,27510.0,2562.0,399.0,273.0,315.0,3549.0,1239.0,294.0,1638.0,19551.0,10248.0,1470.0,1428.0,32697.0,6552.0,798.0,189.0,273.0,7812.0,3024.0,672.0,3906.0,1323.0,273.0,126.0,1827.0,3864.0,630.0,378.0,378.0,5250.0,966.0,168.0,525.0,378.0,2037.0,15729.0,2541.0,1281.0,1281.0,20832.0,35280.0,12789.0,2751.0,2709.0,53529.0,252.0,1176.0,147.0,105.0,1680.0,1890.0,2940.0,756.0,1365.0,6951.0,2373.0,1995.0,546.0,1617.0,6678.0,4515.0,6111.0,1449.0,2793.0,15309.0,122745.0,50967.0,26775.0,15750.0,218883.0,,,,,,,,,,,,
2004-12-31,,,88651.0,29115.0,44080.0,35341.0,12742.0,123632.0,51138.0,33120.0,70523.0,41228.0,183527.0,1146013.0,8336.24,14787.16,10044.58,4448.9,97686.0,62474.0,16345.0,36029.0,18759.0,9861.0,7724.0,6095.0,19389.0,25103.0,15094.0,44092.0,12867.0,109212.0,15415.0,60657.0,36283.0,593085.0,41169.0,52443.0,8731.0,25923.0,11248.0,5812.0,5101.0,3233.0,12373.0,11241.0,5695.0,20451.0,6012.0,55930.0,9946.0,31508.0,16135.0,322951.0,36011.0,4606.0,4998.0,5090.0,4049.0,1818.0,1013.0,1263.0,3014.0,3905.0,4611.0,13752.0,5304.0,43608.0,3096.0,18561.0,11229.0,165928.0,10430.0,2097.0,1043.0,2217.0,941.0,508.0,361.0,524.0,1052.0,6162.0,1617.0,4740.0,376.0,1476.0,615.0,1984.0,2010.0,38153.0,10076.0,3328.0,1573.0,2799.0,2521.0,1723.0,1249.0,1075.0,2950.0,3795.0,3171.0,5149.0,1175.0,8198.0,1758.0,8604.0,6909.0,66053.0,1300.0,18800.0,900.0,1700.0,116600.0,2000.0,2900.0,2200.0,1400.0,4100.0,1400.0,153300.0,1700.0,6000.0,4000.0,2800.0,1500.0,700.0,2300.0,33600.0,1600.0,54200.0,1800.0,6800.0,900.0,900.0,1200.0,3100.0,14700.0,1900.0,1100.0,2300.0,700.0,2500.0,3400.0,11900.0,2400.0,700.0,28200.0,17600.0,15300.0,18500.0,19700.0,18700.0,2400.0,123500.0,20600.0,21900.0,8900.0,2700.0,5700.0,300.0,60100.0,13400.0,700.0,4300.0,1200.0,20200.0,900.0,700.0,10800.0,1300.0,1000.0,41500.0,3300.0,59400.0,1300.0,6900.0,2300.0,10500.0,1300.0,509100.0,478.0,1700.0,536.0,53.0,871.0,3638.0,42225.0,61375.0,9600.0,5150.0,118350.0,14750.0,7200.0,1400.0,1200.0,24550.0,2350.0,2600.0,125.0,300.0,5375.0,1050.0,375.0,200.0,1675.0,575.0,775.0,18725.0,10350.0,1575.0,1725.0,32375.0,12150.0,2025.0,575.0,800.0,15550.0,1325.0,575.0,0.0,100.0,2000.0,2200.0,875.0,125.0,3350.0,6725.0,2600.0,175.0,1000.0,10500.0,4825.0,1550.0,2925.0,1125.0,10425.0,15100.0,5625.0,3225.0,2375.0,26325.0,4825.0,825.0,300.0,250.0,6200.0,2075.0,600.0,125.0,225.0,3025.0,1275.0,325.0,25.0,150.0,1775.0,1075.0,475.0,1725.0,1050.0,675.0,50.0,25.0,1800.0,750.0,575.0,100.0,275.0,1700.0,11050.0,3475.0,650.0,1050.0,16225.0,38300.0,11125.0,4450.0,4225.0,58100.0,17850.0,24725.0,575.0,1275.0,44425.0,3375.0,1225.0,50.0,150.0,4800.0,1225.0,975.0,2350.0,22450.0,26925.0,650.0,1550.0,51575.0,5475.0,1375.0,125.0,325.0,7300.0,2525.0,1625.0,4300.0,1550.0,600.0,100.0,2325.0,3500.0,1650.0,250.0,375.0,5775.0,700.0,550.0,100.0,200.0,1550.0,13750.0,5800.0,600.0,1100.0,21250.0,36200.0,32725.0,1250.0,2650.0,72825.0,725.0,1825.0,100.0,75.0,2725.0,5350.0,6350.0,625.0,2325.0,14650.0,3100.0,3425.0,525.0,3075.0,10400.0,9175.0,11600.0,1250.0,5275.0,27775.0,144625.0,127175.0,18125.0,17175.0,309425.0,,,,,,,,,,,,
2005-01-31,,,89162.0,25621.0,44171.0,39292.0,13921.0,115957.0,53643.0,24135.0,42725.0,29397.0,164183.0,1065487.0,8806.55,15218.72,9044.52,3826.4,63809.0,63725.0,9694.0,12449.0,8298.0,5719.0,8405.0,4798.0,33310.0,37933.0,9954.0,36589.0,12555.0,70837.0,12302.0,44387.0,27664.0,462428.0,27961.0,51191.0,3759.0,3818.0,2494.0,1610.0,4988.0,1176.0,20168.0,9951.0,2067.0,16897.0,6352.0,34591.0,7603.0,22313.0,12280.0,229219.0,16785.0,2954.0,2030.0,1837.0,1584.0,738.0,791.0,539.0,2841.0,2163.0,2124.0,6932.0,2907.0,25872.0,1599.0,8967.0,4647.0,85310.0,8817.0,2352.0,1036.0,2291.0,1033.0,484.0,323.0,546.0,1556.0,11100.0,1889.0,5855.0,793.0,3466.0,1148.0,3151.0,1973.0,47813.0,10246.0,7228.0,2869.0,4503.0,3187.0,2887.0,2303.0,2537.0,8745.0,14719.0,3874.0,6905.0,2503.0,6908.0,1952.0,9956.0,8764.0,100086.0,700.0,15000.0,500.0,1000.0,71300.0,1500.0,2900.0,1100.0,300.0,3200.0,1100.0,98700.0,800.0,3800.0,2500.0,900.0,900.0,500.0,1400.0,18100.0,1000.0,30000.0,700.0,2800.0,200.0,200.0,500.0,2000.0,6600.0,1900.0,600.0,1300.0,600.0,1900.0,3800.0,10100.0,1300.0,1000.0,25800.0,12700.0,7800.0,15700.0,12400.0,13300.0,1700.0,91800.0,17600.0,14100.0,7600.0,2100.0,2200.0,100.0,43700.0,6300.0,600.0,1200.0,500.0,8900.0,700.0,900.0,7900.0,900.0,700.0,32000.0,1700.0,44800.0,600.0,4200.0,2200.0,7000.0,600.0,342300.0,599.0,1345.0,419.0,30.0,448.0,2841.0,33930.0,26970.0,7598.0,5771.0,74269.0,16095.0,3480.0,1972.0,2233.0,23780.0,3799.0,1479.0,261.0,435.0,5974.0,1247.0,232.0,348.0,1885.0,232.0,493.0,21373.0,5220.0,2349.0,3190.0,32132.0,12470.0,1102.0,667.0,1769.0,16008.0,2088.0,696.0,58.0,696.0,3538.0,899.0,493.0,87.0,1537.0,11803.0,2755.0,377.0,1769.0,16704.0,3103.0,957.0,1363.0,1363.0,6786.0,17922.0,4930.0,1885.0,3886.0,28623.0,580.0,261.0,261.0,638.0,1740.0,377.0,232.0,58.0,290.0,957.0,348.0,145.0,145.0,145.0,783.0,261.0,87.0,435.0,493.0,406.0,29.0,261.0,1189.0,87.0,348.0,29.0,261.0,725.0,2146.0,1479.0,551.0,1653.0,5829.0,32538.0,7511.0,3103.0,7308.0,50460.0,23171.0,16356.0,1102.0,1276.0,41905.0,3335.0,841.0,145.0,290.0,4611.0,1682.0,493.0,2320.0,28188.0,17690.0,1305.0,1653.0,48836.0,6380.0,1305.0,290.0,667.0,8642.0,3161.0,1276.0,4843.0,1827.0,348.0,261.0,2581.0,3190.0,899.0,406.0,319.0,4814.0,1015.0,406.0,87.0,435.0,1943.0,15573.0,4234.0,957.0,2059.0,22823.0,43761.0,21924.0,2262.0,3712.0,71659.0,203.0,609.0,58.0,145.0,1015.0,4234.0,2842.0,406.0,1247.0,8729.0,3045.0,1885.0,725.0,2088.0,8410.0,7482.0,5336.0,1189.0,3045.0,18154.0,139084.0,66961.0,16501.0,16878.0,246674.0,,,,,,,,,,,,
2005-02-28,,,66728.0,19333.0,28694.0,32350.0,11658.0,89686.0,46151.0,28869.0,30387.0,21529.0,181479.0,1041061.0,7520.2,13711.24,8081.92,3902.58,64198.0,62238.0,19352.0,24499.0,18276.0,8120.0,11414.0,5459.0,21322.0,38830.0,13149.0,42531.0,11212.0,77558.0,15480.0,43125.0,24888.0,501651.0,23481.0,51383.0,10788.0,12017.0,7559.0,2216.0,8447.0,1489.0,14745.0,22768.0,3706.0,20397.0,6094.0,44077.0,10169.0,25084.0,10248.0,274668.0,16475.0,2485.0,2819.0,3045.0,2469.0,1124.0,999.0,772.0,2253.0,2517.0,2702.0,7436.0,2890.0,26198.0,2082.0,8732.0,5224.0,90222.0,17313.0,3503.0,1516.0,3639.0,1346.0,998.0,373.0,866.0,1254.0,3483.0,2254.0,7703.0,1044.0,4695.0,1465.0,3827.0,3208.0,58487.0,6929.0,4867.0,4229.0,5798.0,6902.0,3782.0,1595.0,2332.0,3070.0,10062.0,4487.0,6995.0,1184.0,2588.0,1764.0,5482.0,6208.0,78274.0,600.0,11000.0,400.0,600.0,69400.0,1900.0,2900.0,600.0,200.0,1800.0,900.0,90300.0,800.0,2000.0,2600.0,1300.0,700.0,400.0,500.0,17500.0,800.0,26600.0,900.0,1800.0,100.0,100.0,900.0,1600.0,5800.0,1100.0,300.0,600.0,600.0,1800.0,1900.0,6300.0,800.0,600.0,20800.0,12600.0,5700.0,12900.0,10400.0,8700.0,1200.0,73700.0,12700.0,13700.0,7000.0,1600.0,3100.0,300.0,38400.0,8700.0,600.0,1400.0,1100.0,12300.0,600.0,600.0,5300.0,900.0,500.0,21400.0,900.0,30100.0,500.0,3200.0,1000.0,4600.0,700.0,288800.0,421.0,870.0,497.0,33.0,596.0,2417.0,28490.0,25080.0,13354.0,5566.0,72490.0,17578.0,3630.0,2376.0,2332.0,25916.0,4158.0,1562.0,264.0,308.0,6292.0,704.0,176.0,242.0,1232.0,198.0,484.0,22638.0,5500.0,2772.0,3014.0,33924.0,12210.0,1210.0,682.0,1342.0,15444.0,2222.0,616.0,66.0,484.0,3388.0,2948.0,924.0,176.0,4312.0,8316.0,1848.0,264.0,726.0,11154.0,6600.0,1386.0,902.0,1210.0,10098.0,20152.0,4796.0,1408.0,2684.0,29040.0,1496.0,330.0,484.0,176.0,2486.0,814.0,308.0,154.0,242.0,1518.0,396.0,110.0,132.0,330.0,968.0,198.0,176.0,462.0,484.0,462.0,88.0,264.0,1298.0,330.0,198.0,198.0,374.0,1100.0,3718.0,1584.0,1078.0,1452.0,7832.0,36080.0,7590.0,3168.0,5478.0,52316.0,25784.0,16148.0,1012.0,1364.0,44308.0,4048.0,528.0,308.0,440.0,5324.0,1254.0,440.0,1782.0,31086.0,17116.0,1342.0,1870.0,51414.0,7612.0,924.0,220.0,638.0,9394.0,3014.0,1012.0,4312.0,1518.0,286.0,176.0,2090.0,3168.0,880.0,440.0,418.0,4906.0,946.0,242.0,44.0,242.0,1474.0,16258.0,3344.0,946.0,1628.0,22176.0,47344.0,20460.0,2288.0,3498.0,73590.0,374.0,1100.0,44.0,44.0,1562.0,2332.0,2398.0,462.0,1320.0,6512.0,2222.0,2134.0,572.0,1606.0,6996.0,4928.0,5632.0,1078.0,2728.0,15070.0,139480.0,64262.0,22660.0,15312.0,247390.0,,,,,,,,,,,,
2005-03-31,,,104864.0,29124.0,41972.0,48773.0,19017.0,111183.0,42506.0,33975.0,49847.0,33489.0,156370.0,932243.0,8509.7,14926.16,8871.24,3599.36,91520.0,67584.0,14587.0,22353.0,13957.0,6854.0,9227.0,8160.0,19891.0,17399.0,13181.0,43605.0,11044.0,86847.0,14684.0,38030.0,25845.0,504768.0,40593.0,55680.0,7653.0,12726.0,7774.0,2996.0,7086.0,2995.0,14455.0,7713.0,3675.0,22672.0,5666.0,48265.0,9924.0,21287.0,9872.0,281032.0,25916.0,3690.0,3444.0,3310.0,3070.0,1231.0,678.0,1583.0,1603.0,2556.0,3413.0,8985.0,3605.0,30221.0,2670.0,9211.0,7246.0,112432.0,16204.0,3476.0,1660.0,4133.0,1541.0,951.0,452.0,1317.0,1277.0,3633.0,2462.0,8747.0,1273.0,5466.0,1210.0,4351.0,3911.0,62064.0,8807.0,4738.0,1830.0,2184.0,1572.0,1676.0,1011.0,2265.0,2556.0,3497.0,3631.0,3201.0,500.0,2895.0,880.0,3181.0,4816.0,49240.0,800.0,15300.0,400.0,1000.0,82900.0,2000.0,3300.0,500.0,300.0,2900.0,900.0,110300.0,400.0,3700.0,2900.0,1800.0,1000.0,500.0,1100.0,26800.0,1000.0,39200.0,1700.0,4600.0,500.0,300.0,1400.0,2500.0,11300.0,1300.0,800.0,1500.0,1000.0,1300.0,2700.0,8600.0,700.0,900.0,27100.0,14600.0,7400.0,15100.0,15200.0,11900.0,1200.0,94100.0,21400.0,16300.0,8600.0,2300.0,3700.0,100.0,52500.0,6500.0,800.0,2000.0,1000.0,10800.0,800.0,800.0,4400.0,1100.0,800.0,33500.0,1800.0,43300.0,800.0,4200.0,1500.0,6500.0,1700.0,378400.0,380.0,965.0,287.0,57.0,576.0,2265.0,33475.0,31300.0,13050.0,7300.0,85125.0,16325.0,4400.0,2100.0,1125.0,23950.0,2800.0,1775.0,275.0,325.0,5175.0,775.0,150.0,325.0,1300.0,375.0,550.0,20275.0,6425.0,2450.0,1825.0,30975.0,11375.0,1925.0,900.0,1100.0,15300.0,1400.0,325.0,25.0,400.0,2150.0,1200.0,1025.0,350.0,2975.0,6675.0,1275.0,150.0,600.0,8700.0,2175.0,800.0,1175.0,775.0,4925.0,11475.0,3425.0,1700.0,2200.0,18800.0,1350.0,450.0,450.0,225.0,2475.0,1700.0,600.0,125.0,375.0,2800.0,1250.0,175.0,125.0,975.0,2525.0,375.0,150.0,625.0,525.0,250.0,125.0,425.0,1325.0,400.0,325.0,100.0,450.0,1275.0,5600.0,1950.0,975.0,2500.0,11025.0,28450.0,7300.0,3575.0,5800.0,45125.0,19000.0,13275.0,1225.0,1100.0,34600.0,2075.0,400.0,200.0,275.0,2950.0,1000.0,725.0,1850.0,22075.0,14400.0,1525.0,1400.0,39400.0,4825.0,950.0,250.0,625.0,6650.0,1050.0,525.0,1800.0,875.0,300.0,100.0,1325.0,2200.0,700.0,625.0,350.0,3875.0,525.0,275.0,50.0,275.0,1125.0,9475.0,2750.0,1125.0,1425.0,14775.0,31550.0,17150.0,2650.0,2825.0,54175.0,450.0,1225.0,200.0,175.0,2050.0,3150.0,3300.0,575.0,1375.0,8400.0,2100.0,1950.0,550.0,1975.0,6825.0,5700.0,6475.0,1325.0,3350.0,17275.0,119450.0,68650.0,23050.0,18150.0,232675.0,,,,,,,,,,,,
2005-04-30,,,102253.0,26206.0,44119.0,42371.0,21023.0,86179.0,51457.0,34869.0,42913.0,41010.0,183531.0,987091.0,8410.75,14752.6,9293.68,3999.96,97894.0,50167.0,11497.0,18417.0,11673.0,5738.0,9941.0,11988.0,19570.0,18898.0,12051.0,31666.0,7121.0,46214.0,9012.0,25458.0,22293.0,409598.0,46766.0,41020.0,5070.0,9660.0,6319.0,2240.0,7650.0,6989.0,14542.0,10353.0,4082.0,13049.0,3122.0,23239.0,5975.0,12938.0,8097.0,221111.0,26267.0,2666.0,3102.0,2615.0,2720.0,1265.0,945.0,1595.0,1537.0,2347.0,3411.0,7361.0,2167.0,16519.0,1322.0,4919.0,5176.0,85934.0,14766.0,3115.0,2065.0,4041.0,1293.0,938.0,454.0,1149.0,1067.0,3814.0,2203.0,7784.0,1329.0,3986.0,1155.0,5167.0,4427.0,58753.0,10095.0,3366.0,1260.0,2101.0,1341.0,1295.0,892.0,2255.0,2424.0,2384.0,2355.0,3472.0,503.0,2470.0,560.0,2434.0,4593.0,43800.0,1000.0,15600.0,400.0,1600.0,69600.0,2300.0,4000.0,600.0,400.0,2900.0,800.0,99200.0,900.0,5600.0,4700.0,2000.0,1800.0,400.0,1000.0,30600.0,1900.0,48800.0,4100.0,8100.0,500.0,500.0,1100.0,4000.0,18900.0,1100.0,1300.0,1400.0,2900.0,1800.0,2000.0,10500.0,1100.0,700.0,26700.0,12600.0,6400.0,14600.0,13400.0,7500.0,1200.0,84200.0,22200.0,14900.0,8900.0,2700.0,2700.0,200.0,51600.0,5400.0,400.0,1500.0,1000.0,8700.0,400.0,700.0,4700.0,500.0,400.0,32400.0,1300.0,40500.0,700.0,3800.0,1800.0,6200.0,2500.0,371200.0,396.0,902.0,544.0,35.0,341.0,2218.0,27192.0,23808.0,12624.0,6432.0,70056.0,8568.0,2784.0,1584.0,1560.0,14496.0,1176.0,1008.0,192.0,336.0,2712.0,528.0,144.0,384.0,1104.0,120.0,192.0,10392.0,3984.0,1848.0,2280.0,18504.0,8952.0,720.0,624.0,1992.0,12288.0,960.0,504.0,288.0,264.0,2016.0,648.0,528.0,288.0,1680.0,5352.0,1272.0,336.0,648.0,7608.0,3528.0,1104.0,1320.0,912.0,6864.0,10512.0,3432.0,2232.0,2040.0,18216.0,1032.0,216.0,528.0,312.0,2088.0,1056.0,600.0,168.0,384.0,2208.0,3288.0,456.0,144.0,912.0,4800.0,216.0,72.0,552.0,600.0,480.0,144.0,312.0,1536.0,336.0,432.0,48.0,312.0,1128.0,6528.0,2256.0,1176.0,2352.0,12312.0,25992.0,6408.0,4032.0,6384.0,42816.0,8544.0,7032.0,1032.0,840.0,17448.0,960.0,264.0,168.0,72.0,1464.0,816.0,240.0,1128.0,10320.0,7536.0,1224.0,960.0,20040.0,1632.0,384.0,216.0,216.0,2448.0,552.0,144.0,864.0,288.0,192.0,120.0,648.0,1848.0,264.0,480.0,144.0,2736.0,336.0,168.0,144.0,144.0,792.0,4656.0,1152.0,984.0,696.0,7488.0,14976.0,8688.0,2208.0,1656.0,27528.0,168.0,816.0,144.0,120.0,1248.0,2184.0,3168.0,456.0,1848.0,7656.0,1632.0,1728.0,432.0,1512.0,5472.0,3984.0,5712.0,1032.0,3408.0,14376.0,82536.0,48600.0,21744.0,17448.0,173280.0,,,,,,,,,,,,
2005-05-31,,,91564.0,24662.0,39822.0,32204.0,15987.0,87988.0,50832.0,40199.0,50758.0,31832.0,162382.0,972313.0,8113.9,14248.0,8240.54,3499.2,82614.0,43127.0,9252.0,22305.0,18984.0,4966.0,8330.0,6022.0,18119.0,15894.0,14781.0,30272.0,5896.0,29034.0,6510.0,18616.0,19241.0,353963.0,32141.0,36229.0,4184.0,12979.0,11643.0,2072.0,6519.0,2417.0,13800.0,8285.0,6115.0,11792.0,2394.0,14471.0,4061.0,9216.0,6813.0,185131.0,21417.0,1730.0,2937.0,2976.0,3496.0,1044.0,710.0,905.0,1367.0,1567.0,3132.0,6447.0,1814.0,9147.0,816.0,3439.0,4380.0,67324.0,20657.0,2845.0,1564.0,4142.0,2050.0,829.0,485.0,1494.0,989.0,4191.0,2839.0,8502.0,1126.0,3486.0,1104.0,3967.0,3990.0,64260.0,8399.0,2323.0,567.0,2208.0,1795.0,1021.0,616.0,1206.0,1963.0,1851.0,2695.0,3531.0,562.0,1930.0,529.0,1994.0,4058.0,37248.0,400.0,14100.0,800.0,1300.0,51600.0,1300.0,3300.0,900.0,700.0,2700.0,1100.0,78200.0,1700.0,9900.0,6900.0,3800.0,1700.0,1000.0,1700.0,49200.0,2600.0,78500.0,8800.0,13000.0,2200.0,1300.0,3200.0,8200.0,39500.0,1200.0,1400.0,2500.0,3800.0,1500.0,2000.0,12400.0,700.0,700.0,26100.0,10400.0,6200.0,12900.0,11000.0,6800.0,700.0,75500.0,17000.0,13100.0,7300.0,2600.0,2800.0,300.0,43200.0,4000.0,500.0,1700.0,500.0,6900.0,500.0,500.0,11900.0,300.0,600.0,36400.0,1500.0,51800.0,800.0,2700.0,1700.0,5100.0,4700.0,395800.0,225.0,753.0,460.0,16.0,368.0,1822.0,13775.0,18658.0,14858.0,5833.0,53124.0,6574.0,2850.0,1596.0,1425.0,12445.0,874.0,532.0,304.0,190.0,1900.0,399.0,133.0,171.0,798.0,133.0,171.0,7980.0,3515.0,1995.0,1824.0,15314.0,8246.0,608.0,608.0,741.0,10203.0,627.0,228.0,76.0,380.0,1311.0,551.0,532.0,152.0,1368.0,4978.0,855.0,304.0,798.0,6935.0,2812.0,665.0,1140.0,513.0,5130.0,8968.0,2299.0,1672.0,1824.0,14763.0,1102.0,456.0,437.0,76.0,2071.0,1691.0,494.0,57.0,266.0,2508.0,893.0,247.0,171.0,209.0,1520.0,190.0,114.0,304.0,1748.0,703.0,95.0,190.0,2736.0,361.0,247.0,133.0,190.0,931.0,5985.0,2261.0,893.0,931.0,10070.0,23199.0,5168.0,3173.0,3496.0,35036.0,6479.0,3648.0,1007.0,684.0,11818.0,456.0,95.0,228.0,114.0,893.0,741.0,209.0,1064.0,7676.0,3952.0,1311.0,836.0,13775.0,836.0,323.0,171.0,228.0,1558.0,399.0,133.0,627.0,285.0,19.0,57.0,399.0,779.0,228.0,209.0,380.0,1596.0,209.0,38.0,589.0,380.0,1216.0,2508.0,741.0,1045.0,1102.0,5396.0,10184.0,4693.0,2356.0,1938.0,19171.0,247.0,494.0,57.0,95.0,893.0,1786.0,2755.0,665.0,1406.0,6612.0,646.0,1444.0,494.0,1349.0,4085.0,2679.0,4693.0,1216.0,2717.0,11590.0,57817.0,36727.0,23598.0,13756.0,134235.0,,,,,,,,,,,,
2005-06-30,,,99782.0,20063.0,47412.0,30396.0,14039.0,90343.0,57555.0,29526.0,55060.0,19905.0,167860.0,885596.0,8212.85,14782.3,9112.32,3681.0,90274.0,42167.0,12361.0,30724.0,11042.0,7031.0,9469.0,4669.0,18021.0,14138.0,11610.0,42604.0,4739.0,30122.0,6258.0,24820.0,19722.0,379771.0,42206.0,34295.0,5422.0,21377.0,6961.0,3618.0,7664.0,1351.0,12071.0,5533.0,4229.0,16857.0,2011.0,15096.0,3691.0,13074.0,8041.0,203497.0,23338.0,1653.0,4368.0,3712.0,1832.0,1436.0,814.0,857.0,2227.0,2241.0,2987.0,9869.0,1476.0,9921.0,874.0,5376.0,4656.0,77637.0,15961.0,3102.0,1554.0,3427.0,1158.0,682.0,401.0,1148.0,1076.0,4242.0,2230.0,6778.0,838.0,3009.0,995.0,3146.0,3324.0,53071.0,8769.0,3117.0,1017.0,2208.0,1091.0,1295.0,590.0,1313.0,2647.0,2122.0,2164.0,9100.0,414.0,2096.0,698.0,3224.0,3701.0,45566.0,900.0,17100.0,600.0,1400.0,56000.0,1300.0,3300.0,1200.0,600.0,3200.0,1000.0,86500.0,1600.0,9000.0,7100.0,4800.0,2300.0,1900.0,2100.0,49500.0,2900.0,81100.0,9300.0,12300.0,1600.0,2100.0,2300.0,11400.0,42000.0,900.0,1400.0,4100.0,3700.0,1400.0,3000.0,14500.0,700.0,400.0,36700.0,13200.0,5700.0,17600.0,17300.0,9600.0,700.0,101900.0,19000.0,16300.0,7300.0,2900.0,3000.0,400.0,49000.0,5000.0,600.0,2200.0,900.0,8700.0,500.0,500.0,10300.0,300.0,900.0,42500.0,1500.0,56400.0,600.0,3500.0,2200.0,6400.0,3500.0,450000.0,173.0,702.0,274.0,28.0,364.0,1541.0,21489.0,21394.0,12217.0,5548.0,60648.0,8246.0,2983.0,1539.0,2394.0,15162.0,589.0,608.0,95.0,133.0,1425.0,228.0,133.0,304.0,760.0,152.0,304.0,9215.0,3762.0,1805.0,2869.0,17651.0,7657.0,779.0,551.0,551.0,9538.0,551.0,475.0,76.0,285.0,1387.0,570.0,551.0,152.0,1330.0,5054.0,931.0,209.0,646.0,6840.0,2147.0,741.0,1292.0,646.0,4826.0,8341.0,2698.0,1748.0,1634.0,14421.0,1520.0,247.0,418.0,266.0,2451.0,551.0,361.0,133.0,190.0,1235.0,437.0,209.0,76.0,247.0,969.0,190.0,171.0,513.0,684.0,418.0,57.0,133.0,1292.0,285.0,247.0,38.0,342.0,912.0,3667.0,1653.0,779.0,1273.0,7372.0,19665.0,5130.0,3078.0,3458.0,31331.0,18658.0,4446.0,893.0,1026.0,25000.0,532.0,152.0,95.0,171.0,950.0,2546.0,399.0,3211.0,21736.0,4997.0,1064.0,1387.0,29184.0,646.0,228.0,171.0,285.0,1330.0,209.0,209.0,532.0,190.0,38.0,57.0,380.0,912.0,380.0,380.0,342.0,2014.0,76.0,247.0,114.0,95.0,532.0,2033.0,1102.0,817.0,836.0,4788.0,23769.0,6099.0,1881.0,2223.0,33972.0,266.0,532.0,95.0,152.0,1045.0,1976.0,2432.0,570.0,1748.0,6726.0,1406.0,1539.0,437.0,912.0,4788.0,3648.0,4503.0,1102.0,2546.0,12559.0,77786.0,40888.0,20083.0,12958.0,156161.0,,,,,,,,,,,,
2005-07-31,,,100335.0,24784.0,46414.0,34089.0,14740.0,92029.0,57983.0,28405.0,43856.0,38182.0,203425.0,1147076.0,8113.9,15678.08,10125.57,3907.34,113942.0,56022.0,17259.0,19340.0,11869.0,8345.0,13189.0,7466.0,22604.0,28873.0,13444.0,46251.0,6929.0,49221.0,13352.0,42907.0,30979.0,501992.0,57488.0,42552.0,7660.0,7334.0,4489.0,3116.0,8966.0,2542.0,13439.0,10346.0,3341.0,17248.0,3083.0,27603.0,7906.0,25101.0,14609.0,256823.0,25620.0,3143.0,3308.0,2545.0,2001.0,1193.0,1276.0,1061.0,2390.0,3033.0,2717.0,7885.0,2151.0,13586.0,1738.0,7622.0,5241.0,86510.0,18697.0,3736.0,1617.0,4505.0,1402.0,767.0,475.0,1335.0,1198.0,4039.0,2948.0,8465.0,812.0,4278.0,1343.0,3830.0,4389.0,63836.0,12137.0,6591.0,4674.0,4956.0,3977.0,3269.0,2472.0,2528.0,5577.0,11455.0,4438.0,12653.0,883.0,3754.0,2365.0,6354.0,6740.0,94823.0,500.0,19000.0,700.0,1600.0,61100.0,1200.0,4000.0,1500.0,700.0,3800.0,1400.0,95600.0,1400.0,6000.0,3800.0,3200.0,1600.0,1200.0,1500.0,45300.0,2300.0,66400.0,8900.0,8400.0,1800.0,2100.0,2100.0,9000.0,35400.0,600.0,1100.0,4600.0,1700.0,1700.0,3000.0,12600.0,800.0,800.0,35800.0,14300.0,5200.0,16700.0,17200.0,8200.0,800.0,100000.0,15800.0,14600.0,7700.0,1800.0,2100.0,400.0,42400.0,4300.0,700.0,1700.0,1100.0,7900.0,700.0,600.0,8600.0,400.0,400.0,31400.0,1600.0,43600.0,800.0,3500.0,2100.0,6400.0,3900.0,414100.0,377.0,1166.0,389.0,55.0,709.0,2696.0,29040.0,19248.0,12144.0,6528.0,66960.0,7080.0,2928.0,1296.0,3288.0,14592.0,864.0,768.0,240.0,408.0,2280.0,624.0,144.0,456.0,1272.0,216.0,408.0,8784.0,3912.0,1584.0,4272.0,18552.0,7848.0,912.0,696.0,1272.0,10728.0,1632.0,648.0,48.0,792.0,3120.0,1344.0,840.0,240.0,2736.0,5976.0,1704.0,240.0,1776.0,9696.0,2952.0,1008.0,1128.0,1464.0,6552.0,11904.0,4200.0,1656.0,4368.0,22128.0,552.0,360.0,432.0,288.0,1632.0,408.0,360.0,216.0,96.0,1080.0,624.0,120.0,72.0,480.0,1296.0,336.0,48.0,504.0,264.0,240.0,96.0,240.0,840.0,168.0,408.0,72.0,312.0,960.0,2352.0,1536.0,912.0,1512.0,6312.0,22104.0,6648.0,3264.0,7152.0,39168.0,9360.0,5904.0,696.0,1560.0,17520.0,480.0,264.0,48.0,240.0,1032.0,1512.0,288.0,1944.0,11352.0,6456.0,792.0,1896.0,20496.0,1008.0,528.0,336.0,720.0,2592.0,576.0,384.0,1056.0,96.0,216.0,192.0,504.0,1560.0,672.0,264.0,504.0,3000.0,264.0,144.0,0.0,288.0,696.0,3504.0,1944.0,768.0,1632.0,7848.0,14856.0,8400.0,1560.0,3528.0,28344.0,288.0,528.0,96.0,96.0,1008.0,2664.0,2376.0,744.0,1224.0,7008.0,1320.0,2112.0,264.0,1512.0,5928.0,4272.0,5016.0,1104.0,2616.0,13944.0,79056.0,43224.0,19656.0,16296.0,166968.0,,,,,,,,,,,,
2005-08-31,,,87455.0,23189.0,39951.0,34031.0,15158.0,98053.0,61937.0,25474.0,40969.0,29347.0,198992.0,1221159.0,7916.0,15499.92,9903.03,3982.4,101223.0,63088.0,13288.0,16442.0,13479.0,4994.0,11317.0,5255.0,18122.0,20693.0,10969.0,34231.0,6359.0,40651.0,11576.0,33321.0,27297.0,432305.0,48583.0,51704.0,6928.0,7714.0,7804.0,1586.0,9112.0,1886.0,13445.0,10641.0,2508.0,13802.0,2426.0,21702.0,7708.0,18981.0,12220.0,238750.0,21613.0,2499.0,2960.0,1955.0,2347.0,786.0,936.0,858.0,1302.0,2407.0,2559.0,7199.0,1858.0,12144.0,1287.0,4790.0,5021.0,72521.0,19763.0,3575.0,1929.0,4970.0,1462.0,945.0,629.0,1257.0,1285.0,4204.0,3279.0,10029.0,1409.0,4066.0,1504.0,5977.0,4851.0,71134.0,11264.0,5310.0,1471.0,1803.0,1866.0,1677.0,640.0,1254.0,2090.0,3441.0,2623.0,3201.0,666.0,2739.0,1077.0,3573.0,5205.0,49900.0,600.0,16300.0,500.0,1300.0,62300.0,1500.0,3700.0,1900.0,500.0,3100.0,1100.0,92800.0,1300.0,6800.0,6600.0,3800.0,2000.0,700.0,1600.0,40600.0,2500.0,66000.0,5300.0,9200.0,1200.0,800.0,3000.0,5300.0,26300.0,1100.0,500.0,3000.0,1900.0,1000.0,3000.0,10600.0,500.0,600.0,31800.0,10900.0,4300.0,13800.0,17000.0,8000.0,900.0,87700.0,18300.0,13300.0,5400.0,2100.0,2000.0,200.0,41300.0,4400.0,800.0,2300.0,1100.0,8500.0,400.0,300.0,8700.0,300.0,400.0,33800.0,1300.0,45200.0,1100.0,2900.0,1900.0,5900.0,3300.0,387600.0,203.0,1135.0,274.0,33.0,360.0,2005.0,26397.0,17766.0,14028.0,6069.0,64260.0,5439.0,3003.0,1827.0,1491.0,11760.0,567.0,861.0,252.0,168.0,1848.0,504.0,189.0,252.0,987.0,126.0,252.0,6636.0,4095.0,2184.0,1932.0,14847.0,9723.0,1029.0,357.0,1449.0,12558.0,945.0,399.0,63.0,294.0,1701.0,1008.0,420.0,189.0,1743.0,6006.0,1008.0,210.0,651.0,7875.0,4032.0,672.0,1134.0,861.0,6699.0,11991.0,2499.0,1596.0,1932.0,18018.0,714.0,231.0,378.0,147.0,1470.0,1176.0,357.0,84.0,294.0,1911.0,378.0,252.0,84.0,273.0,987.0,63.0,63.0,315.0,252.0,357.0,147.0,84.0,840.0,168.0,189.0,147.0,168.0,672.0,2751.0,1449.0,882.0,1113.0,6195.0,24465.0,4977.0,2835.0,4494.0,36771.0,7098.0,4662.0,672.0,861.0,13293.0,357.0,42.0,147.0,189.0,735.0,861.0,231.0,1239.0,8316.0,4935.0,861.0,1155.0,15267.0,1449.0,294.0,126.0,294.0,2163.0,357.0,147.0,630.0,168.0,105.0,105.0,378.0,2142.0,588.0,231.0,441.0,3402.0,231.0,126.0,147.0,84.0,588.0,4347.0,1260.0,630.0,924.0,7161.0,12663.0,6195.0,1491.0,2079.0,22428.0,336.0,546.0,126.0,168.0,1176.0,1512.0,2520.0,756.0,1260.0,6048.0,1302.0,1428.0,546.0,1008.0,4473.0,3150.0,4494.0,1428.0,2184.0,11697.0,73311.0,37527.0,21966.0,13692.0,150003.0,,,,,,,,,,,,
2005-09-30,,,87126.0,20031.0,49662.0,34931.0,17561.0,113458.0,52034.0,29863.0,39583.0,22825.0,171075.0,925417.0,8106.48,15469.44,9258.62,3841.53,110468.0,57132.0,10720.0,17789.0,11919.0,5835.0,8425.0,5350.0,14994.0,17195.0,11588.0,27243.0,6418.0,41269.0,11958.0,32053.0,24186.0,414542.0,53963.0,46599.0,4319.0,8578.0,6170.0,1825.0,6292.0,1990.0,9704.0,7312.0,2936.0,10169.0,2578.0,19865.0,7772.0,17557.0,8488.0,216117.0,28116.0,2882.0,2930.0,3067.0,2669.0,1276.0,715.0,794.0,1783.0,2624.0,2986.0,5920.0,1705.0,14897.0,1388.0,5175.0,5785.0,84712.0,17721.0,3969.0,2133.0,4090.0,1481.0,1044.0,557.0,1244.0,1243.0,4691.0,3086.0,8203.0,1236.0,3751.0,1424.0,4092.0,5012.0,64977.0,10668.0,3682.0,1338.0,2054.0,1599.0,1690.0,861.0,1322.0,2264.0,2568.0,2580.0,2951.0,899.0,2756.0,1374.0,5229.0,4901.0,48736.0,900.0,20500.0,1000.0,1500.0,79400.0,1600.0,3900.0,1200.0,300.0,3900.0,1700.0,116000.0,1200.0,9800.0,5400.0,3000.0,1900.0,600.0,1300.0,43900.0,1800.0,69000.0,5100.0,16600.0,800.0,500.0,3000.0,5500.0,33100.0,2600.0,1700.0,3000.0,1800.0,2100.0,2600.0,13800.0,600.0,700.0,38100.0,15400.0,6100.0,17900.0,17800.0,10600.0,1100.0,108400.0,28100.0,15600.0,12800.0,3500.0,3800.0,200.0,63900.0,7900.0,800.0,2000.0,1100.0,12200.0,600.0,1000.0,8200.0,1100.0,500.0,45800.0,2200.0,59200.0,600.0,4800.0,1800.0,7200.0,3800.0,486600.0,264.0,1064.0,320.0,46.0,325.0,2019.0,38324.0,24860.0,13464.0,7304.0,83952.0,5610.0,1980.0,1518.0,1166.0,10274.0,1012.0,418.0,176.0,220.0,1826.0,594.0,132.0,330.0,1122.0,220.0,308.0,7436.0,2596.0,1782.0,1716.0,13530.0,7304.0,880.0,660.0,858.0,9702.0,1232.0,440.0,132.0,484.0,2288.0,682.0,572.0,154.0,1496.0,4334.0,1144.0,198.0,726.0,6402.0,2596.0,1078.0,1738.0,682.0,6094.0,8866.0,3234.0,2222.0,1980.0,16302.0,792.0,286.0,352.0,110.0,1540.0,770.0,418.0,220.0,198.0,1606.0,506.0,110.0,88.0,220.0,924.0,154.0,88.0,374.0,484.0,440.0,110.0,176.0,1210.0,154.0,330.0,88.0,242.0,814.0,2860.0,1672.0,858.0,1078.0,6468.0,19030.0,5786.0,3740.0,3916.0,32472.0,5896.0,3938.0,858.0,836.0,11528.0,550.0,110.0,110.0,220.0,990.0,682.0,264.0,1100.0,7128.0,4312.0,1012.0,1166.0,13618.0,1760.0,308.0,198.0,308.0,2574.0,440.0,220.0,880.0,396.0,132.0,176.0,792.0,1232.0,330.0,308.0,418.0,2288.0,242.0,220.0,0.0,176.0,638.0,4070.0,1210.0,594.0,1298.0,7172.0,11198.0,5522.0,1606.0,2464.0,20790.0,242.0,616.0,88.0,110.0,1056.0,1958.0,2640.0,660.0,1694.0,6952.0,1012.0,1518.0,308.0,968.0,4004.0,3212.0,4774.0,1056.0,2574.0,12012.0,79200.0,43538.0,21648.0,15620.0,162756.0,,,,,,,,,,,,
2005-10-31,,,113382.0,31092.0,49482.0,50028.0,25464.0,94237.0,57183.0,40207.0,42535.0,40198.0,193622.0,1115023.0,8707.83,16206.08,10051.66,4262.75,103374.0,54413.0,11596.0,22043.0,14140.0,8762.0,7327.0,7240.0,20312.0,19653.0,13900.0,32830.0,7774.0,60848.0,15617.0,41865.0,22919.0,464613.0,50352.0,44862.0,5741.0,11664.0,8655.0,4049.0,5372.0,3076.0,14869.0,8605.0,4054.0,14413.0,3909.0,31920.0,11454.0,24173.0,8410.0,255578.0,23471.0,1982.0,2606.0,2766.0,2575.0,1933.0,855.0,1240.0,1481.0,2528.0,3434.0,5711.0,1998.0,21210.0,1501.0,7273.0,5386.0,87950.0,18171.0,3569.0,1577.0,4193.0,1263.0,1063.0,436.0,1348.0,1422.0,5403.0,3124.0,9235.0,1225.0,4674.0,1544.0,5537.0,4583.0,68367.0,11380.0,4000.0,1672.0,3420.0,1647.0,1717.0,664.0,1576.0,2540.0,3117.0,3288.0,3471.0,642.0,3044.0,1118.0,4882.0,4540.0,52718.0,700.0,17700.0,900.0,1300.0,61200.0,1900.0,3700.0,1100.0,600.0,3600.0,1200.0,93900.0,700.0,4100.0,2500.0,1500.0,1200.0,400.0,1000.0,22600.0,1000.0,35100.0,1500.0,5700.0,200.0,200.0,1900.0,2600.0,12400.0,1300.0,1100.0,1200.0,1000.0,1600.0,2300.0,8600.0,1400.0,600.0,17700.0,12600.0,6300.0,15100.0,25700.0,9300.0,1000.0,89600.0,23100.0,14500.0,8100.0,2200.0,3300.0,300.0,51500.0,10900.0,1000.0,1200.0,1500.0,15400.0,600.0,900.0,4100.0,600.0,500.0,33500.0,800.0,40900.0,800.0,3600.0,1600.0,6000.0,1900.0,355300.0,332.0,991.0,496.0,86.0,378.0,2283.0,22862.0,21689.0,12788.0,6739.0,64078.0,10258.0,2116.0,2254.0,1311.0,15939.0,1748.0,621.0,161.0,207.0,2737.0,621.0,92.0,253.0,1127.0,115.0,299.0,12742.0,2898.0,2576.0,1886.0,20102.0,10097.0,621.0,552.0,575.0,11845.0,1656.0,368.0,92.0,483.0,2599.0,851.0,460.0,230.0,1656.0,6348.0,1265.0,368.0,1058.0,9039.0,3657.0,828.0,1564.0,644.0,6693.0,12535.0,2921.0,2254.0,2300.0,20010.0,1426.0,414.0,414.0,161.0,2415.0,1403.0,621.0,184.0,230.0,2438.0,1150.0,184.0,207.0,460.0,2001.0,322.0,138.0,667.0,805.0,529.0,23.0,230.0,1587.0,299.0,322.0,115.0,207.0,943.0,5405.0,2208.0,1035.0,1403.0,10051.0,28037.0,5750.0,3841.0,4278.0,41906.0,10580.0,6187.0,1081.0,1173.0,19021.0,1265.0,299.0,253.0,207.0,2024.0,1058.0,207.0,1403.0,12903.0,6693.0,1380.0,1472.0,22448.0,4140.0,414.0,230.0,368.0,5152.0,1771.0,276.0,2254.0,782.0,253.0,184.0,1288.0,2576.0,368.0,506.0,460.0,3910.0,437.0,115.0,115.0,299.0,966.0,9706.0,1426.0,989.0,1449.0,13570.0,22609.0,8119.0,2369.0,2921.0,36018.0,230.0,713.0,69.0,69.0,1081.0,2254.0,2530.0,368.0,2415.0,7567.0,1633.0,1472.0,368.0,1196.0,4853.0,4117.0,4715.0,805.0,3450.0,13501.0,90367.0,43171.0,22379.0,17020.0,175605.0,,,,,,,,,,,,
2005-11-30,,,109339.0,33325.0,43546.0,47097.0,21276.0,115049.0,53115.0,35064.0,59952.0,26281.0,166635.0,1070488.0,9208.28,17250.1,10955.18,4363.05,81231.0,64935.0,10704.0,26906.0,14609.0,6822.0,6230.0,4628.0,22353.0,29205.0,12442.0,34195.0,9605.0,66081.0,14132.0,43159.0,25469.0,472706.0,32214.0,54880.0,5043.0,14705.0,9023.0,3237.0,4615.0,1264.0,16678.0,12545.0,2900.0,15839.0,4787.0,33737.0,9706.0,23879.0,8961.0,254013.0,21172.0,2488.0,2574.0,2791.0,2872.0,1002.0,635.0,724.0,1563.0,2494.0,2968.0,7158.0,2910.0,23535.0,1672.0,7777.0,6176.0,90511.0,18455.0,4441.0,2378.0,4850.0,1333.0,1202.0,546.0,1426.0,1648.0,10816.0,3666.0,8140.0,1323.0,6281.0,1870.0,7253.0,5091.0,80719.0,9390.0,3126.0,709.0,4560.0,1381.0,1381.0,434.0,1214.0,2464.0,3350.0,2908.0,3058.0,585.0,2528.0,884.0,4250.0,5241.0,47463.0,900.0,14800.0,800.0,1400.0,61400.0,2100.0,3700.0,1000.0,800.0,3300.0,800.0,91000.0,700.0,3700.0,3700.0,1400.0,1400.0,300.0,1000.0,21200.0,1600.0,34900.0,700.0,3800.0,300.0,600.0,900.0,1900.0,8500.0,2600.0,1000.0,1700.0,600.0,2600.0,3600.0,12000.0,1500.0,900.0,15700.0,12600.0,6300.0,16700.0,20600.0,7900.0,1200.0,83400.0,19300.0,17800.0,7000.0,2300.0,3400.0,200.0,50000.0,14700.0,2400.0,2800.0,2200.0,22700.0,1300.0,1200.0,4100.0,2100.0,400.0,35800.0,3100.0,47900.0,600.0,4900.0,1900.0,7400.0,900.0,358800.0,403.0,1027.0,447.0,90.0,327.0,2294.0,21160.0,21229.0,14283.0,6854.0,63526.0,13754.0,3289.0,2162.0,2438.0,21643.0,2760.0,989.0,253.0,736.0,4738.0,552.0,184.0,460.0,1334.0,161.0,368.0,17227.0,4554.0,2576.0,3726.0,28083.0,14789.0,805.0,575.0,667.0,16836.0,1610.0,437.0,46.0,414.0,2507.0,1196.0,552.0,276.0,2231.0,7843.0,1173.0,345.0,966.0,10327.0,5313.0,1127.0,3427.0,1541.0,11408.0,15962.0,3312.0,4094.0,3128.0,26496.0,2185.0,437.0,529.0,391.0,3542.0,1564.0,759.0,92.0,345.0,2760.0,391.0,138.0,46.0,299.0,874.0,644.0,184.0,1012.0,667.0,552.0,138.0,276.0,1633.0,253.0,460.0,92.0,276.0,1081.0,5704.0,2530.0,966.0,1702.0,10902.0,36455.0,6647.0,5635.0,5497.0,54234.0,15617.0,9476.0,1104.0,1104.0,27301.0,2392.0,621.0,299.0,230.0,3542.0,1242.0,437.0,1840.0,19251.0,10534.0,1426.0,1472.0,32683.0,6026.0,920.0,184.0,391.0,7521.0,2599.0,736.0,3749.0,1219.0,299.0,92.0,1610.0,3427.0,529.0,644.0,529.0,5129.0,1104.0,253.0,483.0,575.0,2415.0,14375.0,2737.0,1610.0,1702.0,20424.0,33626.0,13271.0,3036.0,3174.0,53107.0,391.0,1219.0,115.0,138.0,1863.0,2254.0,2967.0,690.0,1771.0,7682.0,2001.0,1587.0,276.0,1587.0,5612.0,4646.0,5773.0,1081.0,3427.0,15157.0,113114.0,51474.0,26611.0,20608.0,214107.0,,,,,,,,,,,,
2005-12-31,,,91099.0,31412.0,50332.0,39039.0,14781.0,116686.0,58084.0,40463.0,74745.0,46417.0,181011.0,1178446.0,9186.8,14709.6,10671.75,4120.5,98303.0,60737.0,19242.0,32771.0,17743.0,10313.0,7651.0,5900.0,21897.0,26304.0,14932.0,44261.0,12857.0,110124.0,15650.0,63768.0,38708.0,601161.0,40154.0,50512.0,11426.0,22560.0,11150.0,6189.0,5981.0,2946.0,14319.0,12668.0,4986.0,21289.0,6035.0,59254.0,10725.0,37677.0,18286.0,336157.0,37360.0,4535.0,5674.0,4635.0,3821.0,2192.0,940.0,1612.0,3538.0,4358.0,5455.0,15456.0,5440.0,45034.0,3140.0,19383.0,13126.0,175699.0,10581.0,2619.0,1297.0,2645.0,959.0,448.0,360.0,506.0,1039.0,6477.0,1795.0,4102.0,731.0,2523.0,798.0,2681.0,2768.0,42329.0,10208.0,3071.0,845.0,2931.0,1813.0,1484.0,370.0,836.0,3001.0,2801.0,2696.0,3414.0,651.0,3313.0,987.0,4027.0,4528.0,46976.0,1500.0,20500.0,1000.0,1400.0,109500.0,1800.0,3200.0,2600.0,2000.0,3500.0,1100.0,148200.0,2000.0,6100.0,5300.0,3300.0,1500.0,800.0,1800.0,39100.0,2000.0,61700.0,1700.0,6100.0,800.0,900.0,2000.0,3800.0,15700.0,2000.0,2400.0,2400.0,800.0,2700.0,5500.0,15900.0,2500.0,700.0,17600.0,18100.0,15100.0,19500.0,24900.0,19000.0,2600.0,120000.0,20500.0,21500.0,10100.0,3400.0,5700.0,600.0,61800.0,15600.0,1700.0,5400.0,1100.0,24200.0,900.0,1200.0,10100.0,1600.0,1200.0,47900.0,3200.0,66200.0,1300.0,7500.0,2900.0,11700.0,1500.0,526800.0,467.0,1963.0,538.0,62.0,548.0,3578.0,42850.0,59550.0,9725.0,4125.0,116250.0,13850.0,7675.0,1425.0,1600.0,24550.0,2475.0,2550.0,75.0,175.0,5275.0,1150.0,575.0,475.0,2225.0,350.0,550.0,17825.0,10975.0,1550.0,2250.0,32600.0,11125.0,2100.0,650.0,600.0,14475.0,1425.0,525.0,75.0,425.0,2450.0,2000.0,950.0,275.0,3225.0,6575.0,2625.0,300.0,1225.0,10725.0,6000.0,1325.0,3325.0,1125.0,11775.0,16025.0,5450.0,3975.0,2775.0,28225.0,4075.0,1200.0,350.0,200.0,5825.0,1575.0,800.0,100.0,175.0,2650.0,900.0,500.0,25.0,50.0,1475.0,925.0,425.0,1450.0,1175.0,675.0,150.0,275.0,2275.0,600.0,650.0,50.0,250.0,1550.0,9250.0,4250.0,750.0,975.0,15225.0,36400.0,11800.0,5375.0,4350.0,57925.0,16175.0,24650.0,925.0,1300.0,43050.0,3100.0,1050.0,100.0,325.0,4575.0,1375.0,1050.0,2550.0,20650.0,26750.0,1050.0,1725.0,50175.0,5450.0,1650.0,100.0,325.0,7525.0,2975.0,1375.0,4575.0,1400.0,750.0,50.0,2275.0,3450.0,1875.0,325.0,400.0,6050.0,925.0,675.0,150.0,125.0,1875.0,14200.0,6325.0,700.0,1075.0,22300.0,34850.0,33075.0,1750.0,2800.0,72475.0,575.0,2375.0,50.0,75.0,3075.0,5875.0,6825.0,425.0,1775.0,14900.0,2425.0,3950.0,400.0,1575.0,8450.0,8875.0,13150.0,875.0,3250.0,26425.0,140800.0,128550.0,19275.0,14975.0,305675.0,,,,,,,,,,,,
2006-01-31,,,84685.0,26049.0,48817.0,38689.0,13582.0,101602.0,60723.0,28043.0,35157.0,29155.0,182465.0,1324888.0,8520.78,16009.76,9758.42,4015.57,69743.0,62522.0,14481.0,15861.0,9885.0,5382.0,10916.0,4415.0,27965.0,32364.0,11329.0,35888.0,12724.0,67625.0,13648.0,44310.0,27658.0,466716.0,31181.0,50334.0,7255.0,6817.0,4905.0,1601.0,8012.0,1050.0,16758.0,17886.0,2686.0,18149.0,6860.0,36647.0,8996.0,25509.0,13350.0,257996.0,17612.0,2786.0,3141.0,2063.0,1619.0,794.0,1105.0,506.0,2646.0,3525.0,2565.0,4819.0,2817.0,23482.0,1615.0,8481.0,4136.0,83712.0,10331.0,4038.0,1287.0,3501.0,944.0,701.0,243.0,742.0,1244.0,4624.0,2153.0,7340.0,958.0,3911.0,1452.0,4021.0,3442.0,50932.0,10619.0,5364.0,2798.0,3480.0,2417.0,2286.0,1556.0,2117.0,7317.0,6329.0,3925.0,5580.0,2089.0,3585.0,1585.0,6299.0,6730.0,74076.0,600.0,16500.0,600.0,1100.0,72500.0,1200.0,3000.0,1400.0,300.0,3600.0,1500.0,102200.0,1300.0,3500.0,3000.0,1000.0,1000.0,500.0,1500.0,19900.0,1000.0,32700.0,1000.0,4200.0,300.0,100.0,800.0,1500.0,8100.0,2200.0,1000.0,600.0,300.0,2100.0,2800.0,9000.0,1500.0,700.0,11900.0,15000.0,7000.0,16400.0,19400.0,13300.0,1200.0,86500.0,17100.0,15800.0,10300.0,2100.0,3200.0,100.0,48600.0,7000.0,700.0,1300.0,800.0,9900.0,400.0,700.0,6000.0,800.0,600.0,32500.0,1500.0,42400.0,500.0,3500.0,2400.0,6300.0,500.0,346300.0,582.0,1846.0,594.0,42.0,405.0,3469.0,34320.0,27144.0,8970.0,4836.0,75270.0,15574.0,3614.0,2028.0,2262.0,23478.0,3926.0,1716.0,286.0,364.0,6292.0,1248.0,182.0,598.0,2080.0,208.0,312.0,20956.0,5564.0,2392.0,3250.0,32162.0,12324.0,1144.0,650.0,1014.0,15132.0,2834.0,884.0,78.0,858.0,4654.0,2522.0,468.0,78.0,3276.0,8944.0,2106.0,182.0,1820.0,13052.0,4992.0,1300.0,1482.0,1014.0,8788.0,19318.0,4784.0,1820.0,3900.0,29822.0,858.0,364.0,390.0,728.0,2340.0,624.0,234.0,104.0,208.0,1170.0,104.0,182.0,130.0,156.0,572.0,104.0,130.0,468.0,572.0,286.0,104.0,208.0,1170.0,234.0,234.0,78.0,390.0,936.0,2496.0,1430.0,884.0,1846.0,6656.0,34138.0,7358.0,3354.0,6760.0,51610.0,22672.0,17290.0,1222.0,1248.0,42432.0,3458.0,858.0,156.0,312.0,4784.0,1482.0,754.0,2392.0,27612.0,18902.0,1378.0,1716.0,49608.0,6396.0,1222.0,234.0,832.0,8684.0,3510.0,1300.0,5018.0,1820.0,416.0,234.0,2600.0,3198.0,1248.0,312.0,442.0,5200.0,1118.0,494.0,26.0,260.0,1898.0,16042.0,4680.0,650.0,2028.0,23400.0,43654.0,23582.0,2028.0,3744.0,73008.0,286.0,936.0,104.0,26.0,1352.0,3718.0,2756.0,520.0,1404.0,8398.0,2704.0,1586.0,520.0,1560.0,6760.0,6708.0,5278.0,1144.0,2808.0,16510.0,139776.0,68926.0,17888.0,15964.0,248560.0,,,,,,,,,,,,
2006-02-28,,,72779.0,22309.0,35067.0,41460.0,13898.0,96283.0,59013.0,31437.0,32322.0,26432.0,176180.0,1141391.0,8623.44,15691.32,10098.83,3923.92,60959.0,62233.0,13436.0,18388.0,14967.0,8004.0,9530.0,5663.0,21972.0,35442.0,14120.0,45199.0,12613.0,78937.0,15581.0,45987.0,25532.0,488563.0,21914.0,49740.0,3932.0,4736.0,4043.0,2058.0,6221.0,1642.0,13915.0,12952.0,2830.0,21205.0,6858.0,43218.0,9920.0,25787.0,9686.0,240657.0,14697.0,2260.0,2566.0,2385.0,1750.0,1211.0,715.0,663.0,1728.0,2073.0,2870.0,7143.0,2918.0,26647.0,2006.0,8893.0,5169.0,85694.0,16631.0,3949.0,2027.0,4716.0,1643.0,983.0,574.0,1139.0,1629.0,6589.0,3074.0,8636.0,1201.0,4968.0,1310.0,4941.0,3583.0,67593.0,7717.0,6284.0,4911.0,6551.0,7531.0,3752.0,2020.0,2219.0,4700.0,13828.0,5346.0,8215.0,1636.0,4104.0,2345.0,6366.0,7094.0,94619.0,400.0,11100.0,400.0,600.0,71400.0,1600.0,2700.0,900.0,600.0,2100.0,900.0,92600.0,800.0,2300.0,2500.0,1100.0,700.0,400.0,1200.0,14500.0,600.0,24200.0,600.0,2700.0,200.0,100.0,1000.0,1900.0,6300.0,800.0,400.0,1000.0,600.0,2000.0,1700.0,6500.0,900.0,300.0,10500.0,11600.0,6100.0,13600.0,17500.0,8100.0,1300.0,69900.0,14100.0,13000.0,8900.0,2400.0,2800.0,100.0,41300.0,11100.0,1000.0,1700.0,1100.0,15300.0,500.0,1200.0,4600.0,600.0,300.0,24500.0,1300.0,32900.0,500.0,3800.0,1600.0,6000.0,700.0,295600.0,416.0,1314.0,463.0,40.0,515.0,2748.0,28050.0,25696.0,14476.0,5610.0,73832.0,20636.0,5126.0,1826.0,2310.0,29898.0,4202.0,1782.0,330.0,594.0,6908.0,792.0,110.0,594.0,1518.0,220.0,374.0,25850.0,7084.0,2200.0,3564.0,38698.0,11088.0,1254.0,726.0,2046.0,15114.0,1364.0,550.0,88.0,396.0,2398.0,880.0,418.0,286.0,1760.0,6732.0,1496.0,154.0,1364.0,9746.0,4774.0,704.0,1584.0,1408.0,8470.0,13750.0,3190.0,2112.0,3344.0,22396.0,726.0,198.0,550.0,286.0,1760.0,440.0,308.0,176.0,286.0,1210.0,462.0,154.0,220.0,440.0,1276.0,88.0,154.0,396.0,726.0,352.0,110.0,176.0,1364.0,242.0,330.0,154.0,176.0,902.0,2684.0,1496.0,1210.0,1518.0,6908.0,27522.0,5940.0,4048.0,6908.0,44418.0,26312.0,17864.0,1782.0,1166.0,47124.0,3872.0,946.0,198.0,506.0,5522.0,1276.0,528.0,1914.0,31460.0,19338.0,2046.0,1716.0,54560.0,7282.0,1100.0,308.0,858.0,9548.0,3014.0,1056.0,4312.0,1166.0,440.0,88.0,1782.0,3322.0,990.0,462.0,748.0,5522.0,968.0,418.0,176.0,308.0,1870.0,15752.0,4004.0,1144.0,2134.0,23034.0,47212.0,23342.0,3190.0,3850.0,77594.0,462.0,946.0,154.0,176.0,1738.0,2904.0,2970.0,528.0,1782.0,8184.0,2288.0,1980.0,528.0,1166.0,6710.0,5654.0,5896.0,1210.0,2816.0,16632.0,134288.0,67958.0,25124.0,16412.0,251174.0,,,,,,,,,,,,
2006-03-31,,,106548.0,31849.0,44026.0,51059.0,20853.0,122773.0,53903.0,39736.0,50716.0,38097.0,168138.0,1125564.0,9136.74,16412.76,12040.71,4254.58,81621.0,64432.0,12046.0,18608.0,10927.0,6396.0,7614.0,7604.0,18973.0,21537.0,15657.0,42521.0,11939.0,78371.0,14469.0,35538.0,27736.0,475989.0,33277.0,53647.0,4603.0,8130.0,5155.0,2710.0,5582.0,3210.0,12899.0,9159.0,3842.0,21668.0,6242.0,40298.0,9565.0,19384.0,9637.0,249008.0,21047.0,3233.0,3633.0,2937.0,2437.0,1138.0,691.0,987.0,1631.0,2958.0,3481.0,8799.0,3203.0,27662.0,1830.0,6885.0,5987.0,98539.0,17404.0,3370.0,2205.0,4648.0,1439.0,867.0,454.0,1195.0,1445.0,5145.0,3025.0,8283.0,1308.0,6294.0,1844.0,5519.0,4950.0,69395.0,9893.0,4182.0,1605.0,2893.0,1896.0,1681.0,887.0,2212.0,2998.0,4275.0,5309.0,3771.0,1186.0,4117.0,1230.0,3750.0,7162.0,59047.0,300.0,13500.0,400.0,1000.0,76300.0,1800.0,3400.0,1300.0,500.0,2900.0,800.0,102200.0,800.0,4000.0,3300.0,1800.0,1500.0,300.0,1000.0,24200.0,1100.0,38100.0,1100.0,4900.0,100.0,400.0,1600.0,3100.0,11600.0,1300.0,800.0,1200.0,1100.0,3100.0,3200.0,10800.0,1200.0,500.0,13300.0,13700.0,6800.0,19400.0,19000.0,9800.0,1300.0,84900.0,17600.0,18900.0,8300.0,2500.0,3200.0,300.0,50800.0,7000.0,900.0,1700.0,1300.0,11600.0,1200.0,700.0,4400.0,800.0,600.0,33400.0,1800.0,42800.0,1000.0,5000.0,1800.0,7800.0,900.0,361500.0,510.0,1373.0,466.0,62.0,409.0,2820.0,31349.0,27761.0,14559.0,5106.0,78775.0,16928.0,4094.0,2208.0,2415.0,25645.0,3266.0,1564.0,184.0,322.0,5336.0,713.0,207.0,598.0,1633.0,276.0,552.0,21183.0,6003.0,2530.0,3450.0,33166.0,11684.0,1265.0,460.0,1380.0,14789.0,1173.0,253.0,276.0,483.0,2185.0,874.0,483.0,276.0,2001.0,6716.0,943.0,345.0,1173.0,9177.0,4232.0,828.0,1449.0,966.0,7475.0,13018.0,2530.0,2346.0,2990.0,20884.0,1219.0,230.0,575.0,207.0,2231.0,1058.0,483.0,161.0,184.0,1886.0,713.0,253.0,184.0,966.0,2116.0,161.0,230.0,506.0,483.0,552.0,161.0,230.0,1426.0,184.0,322.0,207.0,621.0,1334.0,3818.0,2070.0,1334.0,2277.0,9499.0,28520.0,5865.0,4140.0,6647.0,45172.0,15525.0,13317.0,1104.0,1104.0,31050.0,1633.0,460.0,184.0,253.0,2530.0,1104.0,345.0,1656.0,18262.0,14122.0,1334.0,1518.0,35236.0,4738.0,782.0,299.0,552.0,6371.0,1242.0,529.0,1909.0,897.0,207.0,69.0,1242.0,2714.0,506.0,460.0,483.0,4163.0,713.0,161.0,46.0,322.0,1242.0,10304.0,2185.0,897.0,1541.0,14927.0,28566.0,16307.0,2231.0,3059.0,50163.0,414.0,1058.0,92.0,230.0,1794.0,3059.0,3105.0,736.0,2070.0,8970.0,1886.0,1702.0,552.0,1495.0,5727.0,5359.0,5865.0,1380.0,3611.0,16491.0,114977.0,61801.0,24840.0,18538.0,223767.0,,,,,,,,,,,,
2006-04-30,,,105057.0,28788.0,51793.0,47601.0,21487.0,90793.0,55107.0,47661.0,42163.0,43065.0,181765.0,1109401.0,8623.44,15747.46,11619.52,4260.39,95098.0,44526.0,16944.0,19240.0,10671.0,5375.0,6818.0,11188.0,18710.0,24368.0,16181.0,36633.0,7658.0,58891.0,11165.0,28559.0,25753.0,437778.0,42600.0,35103.0,9267.0,9440.0,5554.0,1993.0,4944.0,6115.0,13009.0,13310.0,5396.0,15883.0,3806.0,29075.0,7482.0,14808.0,9986.0,227771.0,26584.0,2564.0,4462.0,3193.0,2826.0,1447.0,783.0,1847.0,1556.0,2844.0,4670.0,8333.0,2506.0,23282.0,1721.0,6844.0,6427.0,101889.0,15059.0,3216.0,1427.0,4271.0,1193.0,652.0,457.0,1093.0,851.0,5487.0,3221.0,8009.0,733.0,3884.0,1041.0,3849.0,4459.0,58902.0,10855.0,3643.0,1788.0,2336.0,1098.0,1283.0,634.0,2133.0,3294.0,2727.0,2894.0,4408.0,613.0,2650.0,921.0,3058.0,4881.0,49216.0,700.0,17100.0,700.0,1300.0,75100.0,1600.0,4200.0,1300.0,700.0,2700.0,1300.0,106700.0,600.0,6100.0,4200.0,2300.0,1900.0,500.0,1200.0,33700.0,1200.0,51600.0,3100.0,10200.0,700.0,300.0,2000.0,3800.0,20800.0,1200.0,1300.0,1800.0,2400.0,2100.0,3500.0,12300.0,1100.0,500.0,16000.0,13900.0,8000.0,21800.0,24200.0,9400.0,900.0,95800.0,25100.0,17300.0,8800.0,3500.0,2400.0,400.0,57400.0,6000.0,800.0,2300.0,900.0,10400.0,300.0,700.0,5800.0,600.0,500.0,40400.0,1900.0,50300.0,700.0,4700.0,2200.0,7700.0,2500.0,415300.0,445.0,1185.0,432.0,131.0,584.0,2777.0,29744.0,30052.0,11814.0,7216.0,78826.0,10494.0,4158.0,1474.0,1254.0,17380.0,1452.0,1232.0,176.0,198.0,3058.0,726.0,176.0,374.0,1386.0,308.0,550.0,12980.0,5698.0,1782.0,1914.0,22374.0,6754.0,814.0,352.0,1056.0,8976.0,1166.0,572.0,132.0,308.0,2178.0,1386.0,858.0,44.0,2464.0,5676.0,1144.0,154.0,1056.0,8030.0,5192.0,1320.0,2222.0,990.0,9724.0,13442.0,3916.0,2552.0,2530.0,22440.0,792.0,506.0,330.0,220.0,1848.0,1056.0,572.0,110.0,110.0,1848.0,2640.0,484.0,132.0,484.0,3740.0,110.0,198.0,506.0,792.0,572.0,176.0,198.0,1738.0,418.0,418.0,44.0,264.0,1144.0,5808.0,2750.0,880.0,1386.0,10824.0,26004.0,7480.0,3784.0,4972.0,42240.0,10010.0,9174.0,748.0,1078.0,21010.0,1056.0,352.0,88.0,220.0,1716.0,1012.0,286.0,1342.0,12078.0,9812.0,836.0,1342.0,24068.0,2024.0,616.0,154.0,242.0,3036.0,506.0,176.0,946.0,330.0,264.0,154.0,770.0,1298.0,396.0,528.0,242.0,2464.0,330.0,264.0,44.0,176.0,814.0,4488.0,1716.0,1034.0,792.0,8030.0,16566.0,11528.0,1870.0,2134.0,32098.0,330.0,968.0,154.0,132.0,1584.0,2222.0,3696.0,660.0,1848.0,8426.0,1122.0,1892.0,528.0,1232.0,4950.0,3674.0,6556.0,1342.0,3036.0,14960.0,88968.0,61314.0,20592.0,16346.0,190498.0,,,,,,,,,,,,
2006-05-31,,,92703.0,26268.0,42239.0,34785.0,17042.0,108542.0,52803.0,50590.0,48696.0,34595.0,159505.0,1045744.0,8520.78,15203.11,10563.2,3926.16,81821.0,41698.0,9128.0,17790.0,12720.0,5052.0,5987.0,5749.0,17099.0,19726.0,17594.0,29878.0,6283.0,28845.0,6608.0,19444.0,20115.0,345537.0,31898.0,34814.0,3837.0,8649.0,7467.0,1903.0,4434.0,2151.0,11983.0,9831.0,6829.0,11306.0,2710.0,13374.0,3912.0,10183.0,7455.0,172736.0,20120.0,1833.0,2656.0,2305.0,2291.0,955.0,530.0,799.0,1116.0,2330.0,4085.0,5877.0,1678.0,9174.0,684.0,3169.0,4126.0,63728.0,20113.0,2453.0,1722.0,4683.0,1752.0,843.0,489.0,1465.0,1173.0,4938.0,2791.0,8338.0,1207.0,3911.0,1356.0,3728.0,4535.0,65497.0,9690.0,2598.0,913.0,2153.0,1210.0,1351.0,534.0,1334.0,2827.0,2627.0,3889.0,4357.0,688.0,2386.0,656.0,2364.0,3999.0,43576.0,800.0,14800.0,800.0,700.0,51400.0,1800.0,3600.0,1800.0,700.0,2300.0,1000.0,79700.0,1500.0,9800.0,8100.0,3300.0,3000.0,900.0,1700.0,49200.0,2600.0,80200.0,6900.0,16000.0,1200.0,1800.0,3400.0,9500.0,41300.0,700.0,900.0,2800.0,4300.0,2000.0,3200.0,13800.0,1000.0,500.0,13100.0,11700.0,6700.0,15500.0,17400.0,6300.0,500.0,72800.0,20300.0,12300.0,6300.0,2200.0,2700.0,300.0,44000.0,5000.0,500.0,1300.0,1000.0,8000.0,400.0,400.0,13100.0,400.0,300.0,36700.0,1500.0,52900.0,1100.0,3700.0,1700.0,6400.0,3600.0,402900.0,277.0,945.0,423.0,37.0,260.0,1942.0,15215.0,18156.0,15368.0,6528.0,55267.0,5763.0,2703.0,1547.0,1088.0,11101.0,765.0,697.0,119.0,204.0,1785.0,425.0,85.0,493.0,1054.0,153.0,221.0,7106.0,3502.0,1734.0,1819.0,14161.0,5916.0,578.0,459.0,901.0,7854.0,680.0,272.0,68.0,272.0,1292.0,561.0,442.0,170.0,1292.0,4624.0,833.0,187.0,663.0,6307.0,4624.0,629.0,1836.0,901.0,7990.0,10489.0,2193.0,2261.0,1955.0,16898.0,850.0,238.0,510.0,187.0,1785.0,1394.0,323.0,136.0,187.0,2040.0,918.0,170.0,170.0,306.0,1564.0,34.0,102.0,289.0,2584.0,425.0,204.0,272.0,3485.0,170.0,340.0,68.0,374.0,952.0,5950.0,1598.0,1156.0,1411.0,10115.0,22355.0,4369.0,3876.0,4267.0,34867.0,5729.0,3791.0,867.0,663.0,11050.0,459.0,119.0,136.0,204.0,918.0,629.0,102.0,918.0,6817.0,4012.0,1088.0,969.0,12886.0,969.0,272.0,119.0,187.0,1547.0,357.0,153.0,612.0,272.0,51.0,51.0,425.0,935.0,340.0,238.0,306.0,1819.0,340.0,85.0,306.0,323.0,1054.0,2873.0,901.0,714.0,969.0,5457.0,9690.0,4913.0,1802.0,1938.0,18343.0,374.0,374.0,153.0,68.0,969.0,2380.0,2737.0,697.0,1700.0,7514.0,867.0,1326.0,425.0,986.0,3859.0,3621.0,4437.0,1275.0,2686.0,12342.0,57987.0,35377.0,24055.0,15436.0,134980.0,,,,,,,,,,,,
2006-06-30,,,102484.0,21046.0,48081.0,30895.0,14432.0,105770.0,52135.0,37780.0,61703.0,24807.0,171757.0,959404.0,8623.44,15566.05,10959.32,3816.0,93045.0,42696.0,9937.0,26629.0,9610.0,6539.0,7334.0,4377.0,17897.0,16905.0,14551.0,43354.0,5329.0,28475.0,6612.0,25240.0,23952.0,382482.0,40916.0,33622.0,3781.0,15066.0,5187.0,3223.0,5364.0,1468.0,11754.0,6486.0,4357.0,18098.0,2068.0,12971.0,3672.0,12717.0,8720.0,189470.0,23326.0,2002.0,3157.0,3555.0,1999.0,939.0,887.0,757.0,1812.0,2993.0,3821.0,8589.0,1697.0,10037.0,989.0,5368.0,5631.0,77559.0,17658.0,4208.0,1792.0,4545.0,1254.0,752.0,474.0,932.0,1193.0,4803.0,2926.0,7929.0,1055.0,3298.0,1240.0,3784.0,4331.0,62174.0,11145.0,2864.0,1207.0,3463.0,1170.0,1625.0,609.0,1220.0,3138.0,2623.0,3447.0,8738.0,509.0,2169.0,711.0,3371.0,5270.0,53279.0,1000.0,18300.0,800.0,1600.0,54700.0,1800.0,4100.0,2000.0,1400.0,3300.0,1300.0,90100.0,1800.0,10900.0,17300.0,5500.0,3700.0,1800.0,2100.0,55100.0,3600.0,101700.0,12200.0,15200.0,2500.0,2000.0,2800.0,12300.0,51500.0,800.0,1000.0,5200.0,4000.0,2200.0,3400.0,16600.0,1400.0,900.0,20500.0,14000.0,5900.0,18300.0,25700.0,9500.0,1100.0,97300.0,20600.0,16200.0,6600.0,2600.0,2700.0,700.0,49600.0,5300.0,300.0,2200.0,1100.0,9100.0,400.0,800.0,10800.0,500.0,500.0,42200.0,1600.0,56800.0,600.0,4700.0,2300.0,7500.0,4000.0,484100.0,239.0,1022.0,407.0,38.0,363.0,2069.0,19980.0,21024.0,12330.0,6444.0,59778.0,8046.0,3546.0,1386.0,3294.0,16272.0,900.0,396.0,162.0,198.0,1656.0,486.0,108.0,450.0,1170.0,144.0,252.0,9576.0,4068.0,1710.0,3996.0,19350.0,5958.0,486.0,450.0,594.0,7488.0,954.0,396.0,36.0,144.0,1530.0,504.0,252.0,198.0,990.0,5292.0,1134.0,126.0,972.0,7524.0,2358.0,864.0,1332.0,756.0,5310.0,9108.0,2664.0,1692.0,1908.0,15372.0,1566.0,378.0,558.0,198.0,2700.0,756.0,180.0,108.0,234.0,1278.0,216.0,180.0,144.0,288.0,828.0,288.0,126.0,612.0,900.0,540.0,108.0,216.0,1764.0,180.0,396.0,18.0,360.0,954.0,3906.0,1800.0,1008.0,1422.0,8136.0,18972.0,4950.0,3150.0,3924.0,30996.0,4734.0,3456.0,936.0,720.0,9846.0,324.0,198.0,126.0,144.0,792.0,972.0,306.0,1494.0,6030.0,3960.0,1170.0,972.0,12132.0,810.0,378.0,126.0,108.0,1422.0,252.0,108.0,540.0,126.0,90.0,72.0,342.0,810.0,288.0,378.0,396.0,1872.0,126.0,108.0,126.0,216.0,576.0,2124.0,972.0,738.0,918.0,4752.0,8154.0,4932.0,1908.0,1890.0,16884.0,216.0,648.0,162.0,126.0,1152.0,1818.0,2268.0,486.0,1746.0,6318.0,1170.0,1512.0,432.0,1152.0,4788.0,3204.0,4428.0,1080.0,2736.0,12258.0,59886.0,39402.0,20178.0,14436.0,139266.0,,,,,,,,,,,,
2006-07-31,,,101753.0,28506.0,46913.0,35205.0,13884.0,101269.0,60239.0,31373.0,42044.0,35816.0,221001.0,1196987.0,8418.12,16501.5,11889.0,4197.27,101855.0,50416.0,17517.0,19011.0,11412.0,7809.0,10941.0,7106.0,23288.0,32052.0,15407.0,44945.0,8326.0,44791.0,11805.0,42332.0,34397.0,483410.0,48871.0,37520.0,7746.0,5732.0,3829.0,2701.0,6858.0,1769.0,12843.0,10901.0,3436.0,15852.0,3164.0,23189.0,6259.0,24303.0,14904.0,229877.0,22318.0,3155.0,3753.0,2717.0,1687.0,745.0,1154.0,930.0,2409.0,3670.0,3408.0,7588.0,2491.0,13189.0,1614.0,7086.0,6202.0,84116.0,18864.0,4097.0,1842.0,4979.0,1676.0,1005.0,570.0,1356.0,1611.0,5697.0,3712.0,9944.0,1353.0,4847.0,1438.0,4257.0,5329.0,72577.0,11802.0,5644.0,4176.0,5583.0,4220.0,3358.0,2359.0,3051.0,6425.0,11784.0,4851.0,11561.0,1318.0,3566.0,2494.0,6686.0,7962.0,96840.0,300.0,18500.0,700.0,1200.0,62700.0,1900.0,4500.0,1600.0,900.0,4100.0,800.0,97500.0,1000.0,6100.0,5500.0,3800.0,2000.0,1100.0,1300.0,42600.0,2900.0,66300.0,7100.0,10700.0,1100.0,1900.0,2600.0,9500.0,35700.0,500.0,400.0,2700.0,2700.0,2100.0,3100.0,11300.0,1200.0,400.0,18800.0,14100.0,6200.0,18900.0,25000.0,7700.0,1100.0,93500.0,16700.0,12800.0,7000.0,2100.0,2400.0,300.0,41400.0,5000.0,800.0,1600.0,1200.0,8700.0,300.0,1000.0,8900.0,300.0,400.0,35700.0,1200.0,47800.0,800.0,4000.0,2700.0,7600.0,2900.0,412700.0,381.0,1428.0,589.0,34.0,782.0,3214.0,29808.0,18960.0,12120.0,5568.0,66456.0,8304.0,3384.0,1344.0,3528.0,16560.0,1248.0,720.0,240.0,336.0,2544.0,840.0,168.0,456.0,1512.0,360.0,576.0,10752.0,4392.0,1632.0,4416.0,21192.0,7584.0,864.0,648.0,1080.0,10176.0,1872.0,384.0,96.0,912.0,3264.0,1056.0,576.0,216.0,2400.0,5856.0,1752.0,360.0,2040.0,10008.0,3408.0,912.0,1584.0,1536.0,7440.0,12216.0,3624.0,2256.0,5064.0,23160.0,744.0,312.0,480.0,168.0,1704.0,336.0,288.0,192.0,264.0,1080.0,576.0,240.0,48.0,504.0,1368.0,120.0,192.0,504.0,264.0,456.0,144.0,216.0,1080.0,168.0,360.0,192.0,360.0,1080.0,2208.0,1848.0,1104.0,1656.0,6816.0,22008.0,6336.0,4008.0,7800.0,40152.0,6960.0,4992.0,672.0,960.0,13584.0,480.0,216.0,24.0,288.0,1008.0,960.0,360.0,1512.0,8400.0,5568.0,744.0,1392.0,16104.0,1176.0,336.0,336.0,840.0,2688.0,696.0,384.0,1224.0,312.0,72.0,120.0,504.0,1920.0,600.0,96.0,504.0,3120.0,264.0,192.0,48.0,336.0,840.0,4368.0,1584.0,552.0,1872.0,8376.0,12768.0,7152.0,1296.0,3264.0,24480.0,408.0,552.0,72.0,48.0,1080.0,2304.0,2592.0,528.0,1680.0,7104.0,1560.0,1872.0,504.0,1248.0,6072.0,4272.0,5016.0,1104.0,2880.0,14256.0,79608.0,41856.0,20160.0,15984.0,166536.0,,,,,,,,,,,,
2006-08-31,,,86872.0,25586.0,39952.0,37240.0,15733.0,118692.0,67950.0,32064.0,41766.0,29093.0,211867.0,1364825.0,8623.44,16684.85,12021.1,4217.81,90927.0,61136.0,11951.0,16729.0,12805.0,5437.0,8322.0,4946.0,19116.0,23286.0,12938.0,32843.0,6336.0,37837.0,11389.0,31602.0,25992.0,413592.0,40233.0,48670.0,5836.0,6423.0,7111.0,2080.0,6234.0,1767.0,13399.0,10544.0,2791.0,12604.0,2403.0,19704.0,7284.0,17812.0,10727.0,215622.0,21609.0,2952.0,2813.0,2085.0,2320.0,1086.0,956.0,751.0,1570.0,2925.0,3403.0,7328.0,2226.0,11583.0,1249.0,4724.0,5157.0,74737.0,19712.0,3928.0,1811.0,5773.0,1775.0,964.0,481.0,1283.0,1373.0,5261.0,3378.0,9359.0,1151.0,3929.0,1431.0,4712.0,4971.0,71292.0,9373.0,5586.0,1491.0,2448.0,1599.0,1307.0,651.0,1145.0,2774.0,4556.0,3366.0,3552.0,556.0,2621.0,1425.0,4354.0,5137.0,51941.0,700.0,18000.0,500.0,1000.0,69800.0,2200.0,3500.0,1400.0,1100.0,3000.0,1000.0,102300.0,1700.0,5800.0,6400.0,3100.0,2300.0,900.0,1800.0,43700.0,2200.0,67800.0,5500.0,10800.0,700.0,900.0,2300.0,7300.0,29400.0,900.0,400.0,100.0,2100.0,2300.0,2600.0,8500.0,900.0,600.0,16000.0,11500.0,4600.0,15100.0,22900.0,7400.0,400.0,79400.0,18700.0,14000.0,5200.0,1900.0,2300.0,300.0,42400.0,5400.0,600.0,1700.0,1000.0,9000.0,600.0,600.0,9400.0,800.0,400.0,33400.0,1300.0,46700.0,800.0,4000.0,1900.0,6700.0,3500.0,395800.0,362.0,1205.0,524.0,40.0,365.0,2496.0,30156.0,18774.0,14322.0,6342.0,69594.0,5460.0,2793.0,1785.0,1323.0,11361.0,840.0,525.0,273.0,315.0,1953.0,462.0,210.0,441.0,1134.0,84.0,294.0,6846.0,3612.0,2100.0,2184.0,14742.0,8064.0,1092.0,462.0,1386.0,11004.0,945.0,336.0,63.0,420.0,1764.0,756.0,609.0,189.0,1596.0,5376.0,714.0,231.0,735.0,7056.0,4053.0,966.0,1680.0,966.0,7665.0,11151.0,2646.0,2163.0,2184.0,18144.0,651.0,231.0,546.0,42.0,1470.0,987.0,441.0,84.0,105.0,1617.0,651.0,105.0,63.0,231.0,1050.0,84.0,42.0,294.0,231.0,420.0,84.0,210.0,945.0,294.0,315.0,42.0,252.0,903.0,2898.0,1554.0,882.0,945.0,6279.0,22113.0,5292.0,3507.0,4515.0,35427.0,6090.0,4389.0,798.0,861.0,12138.0,210.0,126.0,105.0,294.0,735.0,777.0,315.0,1239.0,7077.0,4830.0,924.0,1281.0,14112.0,1218.0,483.0,378.0,315.0,2394.0,294.0,336.0,756.0,294.0,63.0,63.0,504.0,2625.0,357.0,168.0,483.0,3633.0,273.0,84.0,63.0,294.0,714.0,4704.0,1323.0,693.0,1281.0,8001.0,11781.0,6153.0,1617.0,2562.0,22113.0,252.0,567.0,147.0,126.0,1092.0,2121.0,2583.0,651.0,1617.0,6972.0,1554.0,1491.0,693.0,1260.0,5292.0,3927.0,4641.0,1491.0,2898.0,13356.0,74823.0,38472.0,23037.0,15603.0,155232.0,,,,,,,,,,,,
2006-09-30,,,87775.0,21037.0,52498.0,38076.0,17889.0,116977.0,51784.0,32145.0,43908.0,21865.0,166143.0,930532.0,8970.64,15018.3,10700.1,4049.28,114367.0,52097.0,10313.0,18314.0,10465.0,5701.0,6486.0,4795.0,19205.0,21691.0,13510.0,29999.0,6627.0,41180.0,11867.0,34430.0,25011.0,426058.0,57447.0,42092.0,4281.0,7742.0,4535.0,1970.0,4565.0,1667.0,12618.0,10412.0,3201.0,11602.0,2891.0,20079.0,7496.0,17868.0,8405.0,218871.0,28139.0,3016.0,3101.0,2394.0,2222.0,1104.0,689.0,919.0,2164.0,3525.0,3914.0,6195.0,2076.0,14221.0,1367.0,5489.0,6015.0,86550.0,16929.0,3780.0,1720.0,5375.0,1750.0,1175.0,428.0,1031.0,1433.0,5044.0,3141.0,9366.0,1029.0,4243.0,1409.0,5403.0,5337.0,68593.0,11852.0,3209.0,1211.0,2803.0,1958.0,1452.0,804.0,1178.0,2990.0,2710.0,3254.0,2836.0,631.0,2637.0,1595.0,5670.0,5254.0,52044.0,1200.0,21300.0,800.0,1800.0,78400.0,2200.0,4600.0,1700.0,1100.0,4200.0,1000.0,118300.0,1100.0,10600.0,6600.0,3900.0,2400.0,500.0,1900.0,44100.0,2200.0,73200.0,4100.0,17000.0,800.0,900.0,3700.0,6700.0,34400.0,1600.0,1000.0,1700.0,2200.0,2000.0,3300.0,11700.0,1400.0,1200.0,19700.0,16600.0,6200.0,16400.0,29600.0,11400.0,700.0,103100.0,30300.0,16400.0,11400.0,3100.0,3300.0,300.0,64700.0,8600.0,400.0,1300.0,1800.0,12700.0,700.0,800.0,8800.0,1300.0,600.0,46600.0,2100.0,60900.0,1200.0,5700.0,2100.0,9000.0,3100.0,491300.0,444.0,1268.0,631.0,67.0,402.0,2812.0,36771.0,23688.0,12789.0,9156.0,82404.0,5775.0,2079.0,1281.0,1323.0,10458.0,1134.0,525.0,147.0,189.0,1995.0,819.0,189.0,483.0,1554.0,168.0,294.0,7896.0,2835.0,1533.0,2037.0,14301.0,5229.0,1050.0,525.0,798.0,7602.0,777.0,420.0,21.0,546.0,1764.0,588.0,357.0,294.0,1365.0,5565.0,1449.0,315.0,924.0,8253.0,4326.0,1050.0,1869.0,861.0,8106.0,11256.0,3276.0,2520.0,2457.0,19509.0,903.0,252.0,399.0,126.0,1680.0,588.0,399.0,210.0,84.0,1281.0,567.0,294.0,21.0,252.0,1134.0,147.0,126.0,378.0,735.0,315.0,168.0,525.0,1743.0,273.0,210.0,63.0,315.0,861.0,3213.0,1596.0,924.0,1344.0,7077.0,19698.0,5922.0,3969.0,4599.0,34188.0,5880.0,4158.0,819.0,861.0,11718.0,735.0,126.0,210.0,126.0,1197.0,756.0,231.0,1092.0,7371.0,4515.0,1029.0,1092.0,14007.0,1869.0,231.0,189.0,630.0,2919.0,546.0,168.0,903.0,441.0,105.0,252.0,861.0,1449.0,294.0,273.0,336.0,2352.0,546.0,168.0,21.0,63.0,798.0,4851.0,966.0,609.0,1407.0,7833.0,12222.0,5481.0,1638.0,2499.0,21840.0,210.0,798.0,126.0,105.0,1239.0,1974.0,2709.0,672.0,2184.0,7539.0,1134.0,1659.0,462.0,1365.0,4872.0,3318.0,5166.0,1260.0,3423.0,13650.0,79905.0,43092.0,21189.0,18543.0,166383.0,,,,,,,,,,,,
2006-10-31,,,116104.0,33134.0,55218.0,55525.0,25661.0,100137.0,61284.0,40353.0,43530.0,36590.0,184003.0,1083361.0,9511.04,15750.9,11694.84,4256.52,97030.0,54955.0,12206.0,20876.0,15174.0,12651.0,7718.0,6993.0,23347.0,23880.0,15139.0,33308.0,8824.0,60358.0,15103.0,43308.0,25309.0,476179.0,45096.0,45420.0,5254.0,9053.0,8642.0,7521.0,5640.0,2987.0,16780.0,11336.0,3894.0,13438.0,4156.0,30257.0,10387.0,23784.0,8511.0,252156.0,23172.0,2551.0,3168.0,2605.0,3018.0,1727.0,751.0,1055.0,1780.0,2860.0,3991.0,6274.0,2534.0,21469.0,1737.0,7778.0,5731.0,92201.0,18043.0,3655.0,2155.0,5634.0,1676.0,1083.0,508.0,1352.0,1509.0,6250.0,3613.0,10657.0,1497.0,5785.0,1585.0,6501.0,5312.0,76815.0,10719.0,3329.0,1629.0,3584.0,1838.0,2320.0,819.0,1599.0,3278.0,3434.0,3641.0,2939.0,637.0,2847.0,1394.0,5245.0,5755.0,55007.0,800.0,21500.0,900.0,1200.0,68600.0,2200.0,4300.0,1300.0,700.0,4000.0,1100.0,106600.0,600.0,3800.0,3400.0,2600.0,1200.0,600.0,1100.0,25800.0,1400.0,40300.0,1400.0,6800.0,400.0,400.0,1500.0,3000.0,14200.0,1700.0,700.0,1200.0,1400.0,1800.0,2500.0,9200.0,1300.0,800.0,15400.0,13200.0,6200.0,16200.0,30600.0,10200.0,1100.0,95100.0,25500.0,17500.0,8400.0,2900.0,3000.0,200.0,57500.0,10200.0,900.0,1100.0,1400.0,14700.0,800.0,1000.0,4000.0,900.0,800.0,34900.0,1700.0,44100.0,1100.0,4500.0,2100.0,7700.0,1600.0,391000.0,531.0,1328.0,629.0,97.0,562.0,3147.0,26532.0,22616.0,14740.0,8184.0,72072.0,10868.0,1958.0,2684.0,1232.0,16742.0,2266.0,704.0,264.0,286.0,3520.0,638.0,88.0,550.0,1452.0,220.0,330.0,13992.0,2816.0,3168.0,2068.0,22044.0,7370.0,528.0,374.0,704.0,8976.0,1078.0,308.0,44.0,660.0,2090.0,902.0,484.0,198.0,1694.0,7678.0,1188.0,286.0,1034.0,10186.0,4752.0,770.0,2002.0,814.0,8338.0,14432.0,2750.0,2530.0,2618.0,22330.0,1056.0,286.0,440.0,88.0,1870.0,990.0,352.0,154.0,198.0,1694.0,990.0,198.0,132.0,484.0,1804.0,858.0,264.0,1254.0,572.0,594.0,88.0,264.0,1518.0,198.0,418.0,88.0,352.0,1056.0,4664.0,2112.0,990.0,1430.0,9196.0,26466.0,5390.0,3894.0,4752.0,40502.0,11638.0,6314.0,1276.0,836.0,20064.0,1430.0,308.0,264.0,154.0,2156.0,1166.0,198.0,1408.0,14234.0,6820.0,1584.0,990.0,23628.0,4004.0,572.0,220.0,330.0,5126.0,1848.0,264.0,2288.0,814.0,220.0,176.0,1232.0,2706.0,528.0,528.0,352.0,4114.0,594.0,330.0,44.0,198.0,1166.0,9966.0,1914.0,990.0,1056.0,13926.0,24200.0,8734.0,2574.0,2046.0,37554.0,308.0,550.0,198.0,132.0,1188.0,2134.0,2992.0,638.0,1936.0,7700.0,1430.0,1694.0,506.0,1144.0,4950.0,3872.0,5236.0,1342.0,2926.0,13838.0,95062.0,44792.0,25718.0,17380.0,186010.0,,,,,,,,,,,,
2006-11-30,,,108333.0,36748.0,46420.0,56107.0,22243.0,124450.0,64470.0,38108.0,66014.0,28370.0,167346.0,1043726.0,9620.01,16630.2,13280.2,4361.04,88414.0,59051.0,10121.0,27110.0,13686.0,5387.0,5637.0,4620.0,24581.0,29753.0,14440.0,37102.0,10584.0,74580.0,13911.0,45176.0,28554.0,492707.0,35906.0,48731.0,4517.0,14921.0,7979.0,1963.0,4087.0,1625.0,18165.0,14702.0,3210.0,18605.0,5431.0,40842.0,9718.0,26386.0,10889.0,267677.0,22578.0,2912.0,2383.0,2996.0,2780.0,969.0,471.0,681.0,1710.0,3040.0,4320.0,7658.0,2841.0,24602.0,1543.0,8346.0,7224.0,97054.0,19619.0,4036.0,2188.0,5475.0,1336.0,1106.0,533.0,1374.0,1462.0,8194.0,3418.0,7522.0,1446.0,5713.0,1724.0,6028.0,5145.0,76319.0,10311.0,3372.0,1033.0,3718.0,1591.0,1349.0,546.0,940.0,3244.0,3817.0,3492.0,3317.0,866.0,3423.0,926.0,4416.0,5296.0,51657.0,600.0,14600.0,600.0,1100.0,67200.0,2300.0,4000.0,1600.0,600.0,3600.0,800.0,97000.0,800.0,3400.0,4000.0,1100.0,1300.0,400.0,1000.0,20000.0,1000.0,32900.0,800.0,3900.0,700.0,200.0,1500.0,2200.0,9400.0,1000.0,900.0,1100.0,800.0,2800.0,4800.0,11400.0,1300.0,400.0,16900.0,11800.0,7400.0,16700.0,24000.0,10100.0,2100.0,90800.0,20700.0,19600.0,7300.0,2500.0,4100.0,400.0,54700.0,17200.0,2000.0,2400.0,2200.0,24300.0,1400.0,800.0,3900.0,2100.0,800.0,32600.0,2600.0,44200.0,800.0,5600.0,2700.0,9100.0,1100.0,374900.0,493.0,1257.0,755.0,68.0,569.0,3142.0,25696.0,22902.0,15246.0,6226.0,70070.0,14168.0,3388.0,2354.0,1760.0,21670.0,3586.0,1056.0,330.0,242.0,5214.0,902.0,198.0,374.0,1650.0,330.0,418.0,18986.0,4686.0,2860.0,2420.0,28952.0,13926.0,902.0,880.0,946.0,16654.0,1430.0,264.0,44.0,550.0,2288.0,968.0,396.0,198.0,1716.0,7744.0,990.0,374.0,1474.0,10582.0,7832.0,1298.0,3190.0,1298.0,13618.0,17974.0,2948.0,3806.0,3498.0,28226.0,2244.0,572.0,440.0,220.0,3476.0,1452.0,484.0,176.0,330.0,2442.0,550.0,154.0,154.0,110.0,968.0,154.0,110.0,396.0,726.0,616.0,176.0,330.0,1848.0,242.0,374.0,66.0,594.0,1276.0,5368.0,2310.0,1034.0,1694.0,10406.0,37268.0,6160.0,5720.0,6138.0,55286.0,16962.0,9856.0,1254.0,1276.0,29348.0,2706.0,374.0,176.0,374.0,3630.0,1738.0,220.0,2068.0,21406.0,10450.0,1452.0,1738.0,35046.0,6336.0,616.0,308.0,506.0,7766.0,2948.0,594.0,3872.0,1254.0,176.0,242.0,1804.0,4708.0,770.0,682.0,462.0,6622.0,1584.0,374.0,594.0,704.0,3256.0,16830.0,2530.0,1848.0,2112.0,23320.0,38236.0,12980.0,3300.0,3850.0,58366.0,330.0,1276.0,66.0,44.0,1716.0,2596.0,3432.0,528.0,1870.0,8426.0,2046.0,1848.0,374.0,1562.0,6050.0,4972.0,6556.0,968.0,3432.0,16192.0,125158.0,53284.0,28094.0,19800.0,228866.0,,,,,,,,,,,,
2006-12-31,,,93932.0,34377.0,52909.0,49853.0,17133.0,123823.0,79203.0,44751.0,80455.0,47647.0,187062.0,1265519.0,9187.65,17184.54,13135.85,4253.36,100917.0,55308.0,16721.0,34836.0,17939.0,9805.0,6542.0,6513.0,28614.0,27448.0,18848.0,44414.0,12600.0,134354.0,16098.0,66917.0,45594.0,643468.0,41349.0,45161.0,9056.0,23205.0,10937.0,5291.0,4804.0,3218.0,20986.0,13870.0,6288.0,22071.0,5484.0,81063.0,11253.0,39273.0,21344.0,364653.0,37393.0,4380.0,5013.0,5318.0,4290.0,2073.0,770.0,1691.0,3106.0,4943.0,7137.0,13865.0,5625.0,46467.0,3422.0,19861.0,14876.0,180230.0,11175.0,3104.0,1355.0,2960.0,937.0,798.0,502.0,631.0,1405.0,5421.0,2154.0,5500.0,655.0,2782.0,607.0,2698.0,3758.0,46442.0,11000.0,2663.0,1297.0,3353.0,1775.0,1643.0,466.0,973.0,3117.0,3214.0,3269.0,2978.0,836.0,4042.0,816.0,5085.0,5616.0,52143.0,1500.0,17200.0,700.0,1300.0,116600.0,2100.0,3700.0,3900.0,1600.0,4500.0,1300.0,154400.0,2300.0,6300.0,5600.0,3700.0,1400.0,1000.0,3200.0,40000.0,2100.0,65600.0,1600.0,6400.0,1000.0,1400.0,1500.0,4100.0,16500.0,2300.0,1500.0,1200.0,1000.0,3200.0,6700.0,15900.0,3600.0,800.0,22800.0,20900.0,14400.0,22600.0,32700.0,22200.0,2400.0,142400.0,24300.0,22500.0,11800.0,3600.0,5600.0,600.0,68300.0,18300.0,1300.0,3900.0,2100.0,26300.0,1200.0,1000.0,10700.0,1400.0,1300.0,47400.0,2600.0,65700.0,1200.0,8100.0,3200.0,12600.0,1600.0,569200.0,603.0,2551.0,767.0,44.0,787.0,4752.0,43030.0,62036.0,10244.0,5850.0,121160.0,15080.0,7332.0,1456.0,1196.0,25064.0,2288.0,2912.0,234.0,260.0,5694.0,1508.0,520.0,624.0,2704.0,312.0,572.0,19188.0,10920.0,1742.0,2184.0,34034.0,9854.0,1820.0,390.0,572.0,12636.0,1352.0,624.0,52.0,390.0,2418.0,2028.0,832.0,104.0,3016.0,7306.0,2886.0,416.0,832.0,11440.0,7072.0,1924.0,2652.0,1144.0,12792.0,17784.0,6318.0,3224.0,2418.0,29744.0,3796.0,988.0,286.0,234.0,5304.0,1274.0,754.0,104.0,312.0,2444.0,936.0,364.0,52.0,260.0,1612.0,754.0,312.0,1326.0,1066.0,858.0,78.0,182.0,2184.0,702.0,962.0,104.0,208.0,1976.0,8528.0,4238.0,728.0,1352.0,14846.0,36166.0,12376.0,4342.0,4342.0,57226.0,17576.0,25636.0,832.0,1404.0,45448.0,3302.0,1144.0,130.0,208.0,4784.0,1352.0,1144.0,2548.0,22230.0,27924.0,988.0,1638.0,52780.0,5590.0,1638.0,234.0,390.0,7852.0,3380.0,1560.0,5096.0,1586.0,754.0,78.0,2470.0,3848.0,1612.0,130.0,416.0,6006.0,1092.0,780.0,26.0,208.0,2106.0,15496.0,6344.0,546.0,1144.0,23530.0,37726.0,34268.0,1534.0,2782.0,76310.0,572.0,2652.0,78.0,78.0,3380.0,5590.0,7514.0,676.0,2028.0,15808.0,2782.0,4160.0,598.0,2028.0,9698.0,8944.0,14326.0,1352.0,3926.0,28886.0,145054.0,133926.0,19214.0,17394.0,317616.0,,,,,,,,,,,,
2007-01-31,,,,,,,,,,,,,,,,,,,72408.0,50051.0,9349.0,13529.0,7669.0,5582.0,7044.0,4636.0,33231.0,28635.0,13375.0,37515.0,11893.0,70063.0,13044.0,47922.0,32220.0,458166.0,33050.0,39109.0,2300.0,3360.0,1740.0,1500.0,4444.0,849.0,20645.0,11826.0,2391.0,18304.0,6124.0,37202.0,8449.0,26907.0,14201.0,232401.0,17977.0,2697.0,2132.0,1689.0,1453.0,721.0,602.0,511.0,2406.0,2039.0,2942.0,5259.0,2529.0,24593.0,1798.0,9614.0,5511.0,84473.0,10924.0,3629.0,1707.0,4769.0,1349.0,917.0,381.0,804.0,1365.0,5821.0,3285.0,8022.0,1260.0,4245.0,1108.0,4510.0,4592.0,58688.0,10457.0,4616.0,3210.0,3711.0,3127.0,2444.0,1617.0,2472.0,8815.0,8949.0,4757.0,5930.0,1980.0,4023.0,1689.0,6891.0,7916.0,82604.0,900.0,13100.0,300.0,1100.0,70300.0,1700.0,3300.0,1300.0,700.0,3800.0,1500.0,98000.0,1000.0,2800.0,3000.0,1000.0,700.0,500.0,1600.0,18700.0,1100.0,30500.0,900.0,3100.0,200.0,300.0,1000.0,2400.0,7900.0,1300.0,900.0,600.0,400.0,3600.0,2800.0,9500.0,2300.0,900.0,18600.0,14700.0,6800.0,15200.0,27000.0,15900.0,1900.0,103200.0,18300.0,15900.0,13400.0,2400.0,2700.0,200.0,52900.0,10100.0,700.0,1400.0,1000.0,13400.0,1100.0,1100.0,8000.0,700.0,400.0,32900.0,1600.0,45800.0,500.0,3900.0,2800.0,7200.0,1000.0,369500.0,781.0,2061.0,650.0,56.0,420.0,3968.0,31836.0,28728.0,9324.0,4788.0,74676.0,15120.0,3136.0,1848.0,2520.0,22624.0,4424.0,1484.0,196.0,392.0,6496.0,1540.0,252.0,700.0,2520.0,252.0,336.0,21336.0,4900.0,2100.0,3640.0,31976.0,10136.0,588.0,448.0,1064.0,12236.0,1680.0,280.0,28.0,700.0,2688.0,868.0,308.0,112.0,1400.0,9772.0,1736.0,364.0,2156.0,14028.0,5516.0,1260.0,1568.0,1232.0,9576.0,17892.0,3584.0,2072.0,4200.0,27748.0,364.0,364.0,392.0,532.0,1652.0,196.0,336.0,112.0,168.0,812.0,140.0,112.0,196.0,140.0,588.0,224.0,112.0,420.0,560.0,448.0,112.0,84.0,1204.0,252.0,280.0,84.0,336.0,952.0,1736.0,1652.0,980.0,1260.0,5628.0,29764.0,5824.0,3500.0,6524.0,45612.0,24080.0,18508.0,1428.0,1652.0,45668.0,4116.0,672.0,168.0,196.0,5152.0,1764.0,532.0,2436.0,29960.0,19712.0,1652.0,1932.0,53256.0,6048.0,1568.0,280.0,504.0,8400.0,3780.0,896.0,4956.0,1904.0,252.0,168.0,2464.0,4004.0,1204.0,252.0,308.0,5768.0,1232.0,476.0,168.0,308.0,2184.0,16968.0,4396.0,840.0,1568.0,23772.0,46928.0,24108.0,2492.0,3500.0,77028.0,476.0,812.0,56.0,112.0,1456.0,2940.0,2912.0,308.0,1932.0,8092.0,2464.0,1792.0,448.0,1512.0,7028.0,5880.0,5516.0,812.0,3388.0,16576.0,135744.0,69076.0,18228.0,16548.0,245868.0,,,,,,,,,,,,
2007-02-28,,,,,,,,,,,,,,,,,,,64310.0,55259.0,17936.0,22703.0,17108.0,7195.0,10009.0,5698.0,19833.0,54044.0,17936.0,42908.0,12392.0,77315.0,16522.0,45902.0,27714.0,514784.0,23152.0,43545.0,8388.0,9210.0,6649.0,1717.0,7096.0,1156.0,11728.0,32495.0,3931.0,19726.0,6548.0,42083.0,10205.0,26150.0,10053.0,263832.0,15778.0,2709.0,2839.0,3291.0,2578.0,1200.0,1071.0,838.0,1931.0,4488.0,3721.0,6452.0,2884.0,27223.0,2043.0,8833.0,5869.0,93748.0,17258.0,3427.0,2020.0,4309.0,1335.0,797.0,349.0,1203.0,1318.0,4579.0,3225.0,9275.0,1231.0,4349.0,1686.0,4719.0,4467.0,65547.0,8122.0,5578.0,4689.0,5893.0,6546.0,3481.0,1493.0,2501.0,4856.0,12482.0,7059.0,7455.0,1729.0,3660.0,2588.0,6200.0,7325.0,91657.0,400.0,8700.0,400.0,700.0,75900.0,1900.0,3100.0,1100.0,500.0,2600.0,1200.0,96500.0,800.0,2400.0,2600.0,1200.0,900.0,500.0,1300.0,16000.0,800.0,26600.0,1000.0,1600.0,100.0,300.0,900.0,1700.0,5900.0,600.0,400.0,800.0,400.0,2000.0,2400.0,6600.0,1500.0,400.0,13900.0,13100.0,5500.0,13500.0,22500.0,11300.0,1100.0,82900.0,13100.0,11700.0,9700.0,1700.0,3300.0,300.0,39700.0,11700.0,1100.0,1400.0,1200.0,15900.0,600.0,1100.0,4500.0,500.0,500.0,25600.0,1500.0,34200.0,600.0,3500.0,1700.0,5900.0,600.0,314900.0,433.0,1435.0,608.0,101.0,591.0,3168.0,29739.0,28336.0,13984.0,5934.0,77993.0,19642.0,4692.0,1909.0,2967.0,29210.0,4646.0,1886.0,253.0,460.0,7245.0,920.0,161.0,552.0,1702.0,207.0,391.0,25415.0,6808.0,2254.0,4071.0,38548.0,10051.0,1104.0,575.0,1610.0,13340.0,2691.0,851.0,161.0,644.0,4347.0,2415.0,782.0,184.0,3680.0,5773.0,1219.0,276.0,1242.0,8510.0,11017.0,1725.0,966.0,1219.0,14927.0,21942.0,4577.0,1587.0,3404.0,31510.0,920.0,437.0,345.0,345.0,2047.0,644.0,345.0,92.0,230.0,1311.0,230.0,299.0,92.0,483.0,1104.0,92.0,115.0,437.0,759.0,483.0,92.0,207.0,1541.0,345.0,437.0,23.0,345.0,1150.0,2990.0,2116.0,713.0,1771.0,7590.0,34983.0,7797.0,2875.0,6785.0,52440.0,27048.0,19435.0,1449.0,1173.0,49105.0,3818.0,667.0,230.0,506.0,5221.0,1357.0,598.0,2185.0,32223.0,20700.0,1771.0,1817.0,56511.0,6900.0,1495.0,368.0,782.0,9545.0,2760.0,1196.0,4186.0,1288.0,437.0,138.0,1932.0,3634.0,828.0,575.0,805.0,5842.0,1265.0,460.0,92.0,230.0,2047.0,15847.0,4416.0,1242.0,2047.0,23552.0,48070.0,25116.0,3013.0,3864.0,80063.0,322.0,1242.0,92.0,276.0,1932.0,2392.0,3312.0,253.0,1863.0,7820.0,2484.0,2047.0,598.0,1541.0,7291.0,5198.0,6601.0,943.0,3450.0,17043.0,143405.0,74658.0,23069.0,17227.0,266087.0,,,,,,,,,,,,
2007-03-31,,,,,,,,,,,,,,,,,,,83167.0,60513.0,12207.0,20804.0,13577.0,6599.0,7906.0,8323.0,22230.0,31865.0,20074.0,44254.0,12684.0,84308.0,15507.0,46860.0,33320.0,524198.0,32959.0,46575.0,4982.0,9147.0,6113.0,2279.0,5615.0,3080.0,15156.0,10238.0,4041.0,20958.0,6276.0,43711.0,9766.0,23600.0,11953.0,256449.0,21570.0,3609.0,3026.0,3271.0,2717.0,1345.0,806.0,1406.0,1756.0,3371.0,5027.0,8620.0,3587.0,30362.0,2347.0,9331.0,7751.0,109902.0,18585.0,4756.0,2265.0,5208.0,1895.0,1109.0,509.0,1375.0,1642.0,11195.0,3801.0,10474.0,1657.0,6559.0,2080.0,7246.0,6151.0,86507.0,10053.0,5573.0,1934.0,3178.0,2852.0,1866.0,976.0,2462.0,3676.0,7061.0,7205.0,4202.0,1164.0,3676.0,1314.0,6683.0,7465.0,71340.0,800.0,13900.0,500.0,2200.0,83300.0,2400.0,3400.0,1400.0,500.0,3600.0,1300.0,113400.0,700.0,4500.0,4000.0,1600.0,1200.0,500.0,1400.0,25000.0,1800.0,40700.0,1300.0,6200.0,400.0,900.0,1700.0,3300.0,14100.0,1200.0,1300.0,800.0,1200.0,3200.0,2700.0,10400.0,1800.0,1200.0,19600.0,16200.0,8500.0,17900.0,27900.0,13800.0,1300.0,108100.0,27200.0,21100.0,12100.0,2600.0,3700.0,400.0,67000.0,8500.0,800.0,1500.0,1300.0,12800.0,900.0,300.0,4600.0,800.0,600.0,36800.0,2300.0,46300.0,900.0,5600.0,2000.0,8500.0,1200.0,422500.0,440.0,1822.0,721.0,117.0,641.0,3741.0,33465.0,28428.0,15755.0,8050.0,85698.0,15755.0,4301.0,2116.0,1840.0,24012.0,3450.0,1242.0,414.0,414.0,5520.0,989.0,230.0,644.0,1932.0,368.0,483.0,20562.0,5819.0,2622.0,2944.0,31947.0,10281.0,1196.0,575.0,1127.0,13179.0,989.0,552.0,115.0,368.0,2024.0,1035.0,598.0,299.0,2231.0,7314.0,828.0,276.0,1334.0,9752.0,5129.0,1242.0,1380.0,1127.0,8878.0,14490.0,3220.0,2070.0,3151.0,22931.0,1035.0,506.0,391.0,276.0,2208.0,1058.0,529.0,161.0,322.0,2070.0,1035.0,253.0,207.0,1058.0,2553.0,161.0,138.0,782.0,598.0,506.0,207.0,345.0,1656.0,322.0,437.0,138.0,529.0,1426.0,4209.0,2369.0,1150.0,2967.0,10695.0,28980.0,6785.0,3795.0,7245.0,46805.0,17687.0,13524.0,1472.0,1150.0,33833.0,2093.0,437.0,230.0,276.0,3036.0,1357.0,529.0,2093.0,21137.0,14490.0,1771.0,1564.0,38962.0,4301.0,1012.0,368.0,414.0,6095.0,1288.0,506.0,2001.0,828.0,299.0,184.0,1380.0,2599.0,621.0,506.0,460.0,4186.0,713.0,437.0,69.0,299.0,1518.0,9729.0,2875.0,1150.0,1426.0,15180.0,30866.0,17365.0,2921.0,2990.0,54142.0,713.0,1334.0,161.0,621.0,2829.0,3220.0,3427.0,851.0,2254.0,9752.0,1909.0,2415.0,552.0,1978.0,7153.0,5842.0,7176.0,1564.0,4485.0,19734.0,119715.0,65573.0,26657.0,21965.0,238326.0,,,,,,,,,,,,
2007-04-30,,,,,,,,,,,,,,,,,,,98227.0,40579.0,14750.0,19761.0,12936.0,5727.0,8370.0,11127.0,20813.0,26483.0,18272.0,35332.0,8412.0,51822.0,9600.0,28382.0,28037.0,438630.0,45676.0,30284.0,6797.0,9754.0,6512.0,2140.0,6115.0,5354.0,14030.0,13744.0,5221.0,14336.0,3641.0,26140.0,6221.0,14758.0,11078.0,221801.0,26507.0,2583.0,3781.0,2929.0,2804.0,1019.0,892.0,1834.0,1835.0,3420.0,4860.0,7894.0,2482.0,19077.0,1328.0,6013.0,6431.0,95689.0,14916.0,4106.0,1972.0,4422.0,1474.0,955.0,644.0,1460.0,1614.0,5901.0,3715.0,9601.0,1465.0,3961.0,1280.0,4063.0,4585.0,66134.0,11128.0,3606.0,2200.0,2656.0,2146.0,1613.0,719.0,2479.0,3334.0,3418.0,4476.0,3501.0,824.0,2644.0,771.0,3548.0,5943.0,55006.0,400.0,15200.0,800.0,1200.0,75100.0,1800.0,4600.0,1200.0,700.0,3800.0,1300.0,106100.0,600.0,7900.0,4500.0,2100.0,1700.0,800.0,1300.0,31200.0,1000.0,51200.0,2700.0,10500.0,700.0,1200.0,2600.0,3900.0,22200.0,1200.0,1200.0,1800.0,2000.0,3200.0,2800.0,12400.0,1100.0,600.0,21500.0,13000.0,8000.0,17700.0,32500.0,12200.0,1300.0,107900.0,27800.0,17800.0,11100.0,2800.0,2600.0,200.0,62200.0,7600.0,1000.0,1800.0,1200.0,12100.0,500.0,600.0,6100.0,900.0,700.0,40900.0,2600.0,52400.0,1100.0,4600.0,1900.0,7600.0,2300.0,436400.0,532.0,1336.0,684.0,104.0,664.0,3320.0,31142.0,27922.0,13386.0,5658.0,78108.0,11270.0,3404.0,1403.0,1633.0,17710.0,1633.0,920.0,184.0,414.0,3151.0,874.0,161.0,368.0,1518.0,322.0,460.0,14099.0,4485.0,1771.0,2484.0,22839.0,6394.0,437.0,460.0,851.0,8142.0,1265.0,437.0,92.0,437.0,2231.0,989.0,644.0,184.0,1955.0,6187.0,1334.0,184.0,897.0,8602.0,7084.0,1288.0,1794.0,759.0,10925.0,15525.0,3726.0,2254.0,2231.0,23736.0,920.0,322.0,460.0,230.0,1932.0,1127.0,552.0,46.0,575.0,2300.0,2898.0,621.0,92.0,782.0,4393.0,276.0,184.0,644.0,621.0,621.0,184.0,529.0,1955.0,506.0,713.0,92.0,322.0,1633.0,6348.0,3013.0,874.0,2622.0,12857.0,28267.0,7176.0,3588.0,5704.0,44735.0,9729.0,8556.0,782.0,782.0,19849.0,1196.0,184.0,161.0,138.0,1679.0,1058.0,161.0,1357.0,11983.0,8901.0,1012.0,989.0,22885.0,2093.0,414.0,184.0,299.0,2990.0,529.0,368.0,989.0,437.0,230.0,46.0,759.0,1656.0,483.0,207.0,207.0,2553.0,414.0,184.0,23.0,276.0,897.0,5129.0,1679.0,529.0,851.0,8188.0,17112.0,10580.0,1541.0,1840.0,31073.0,322.0,1104.0,138.0,115.0,1679.0,1886.0,3634.0,667.0,2047.0,8234.0,1173.0,1978.0,391.0,2185.0,6003.0,3381.0,6716.0,1196.0,4094.0,15916.0,94001.0,56879.0,21482.0,16951.0,192671.0,,,,,,,,,,,,
2007-05-31,,,,,,,,,,,,,,,,,,,95715.0,32810.0,8675.0,23458.0,13885.0,5467.0,6827.0,6757.0,17975.0,19784.0,20116.0,29688.0,6537.0,29630.0,6849.0,20234.0,23656.0,368063.0,38910.0,25741.0,3370.0,11937.0,8080.0,1898.0,4983.0,2691.0,12725.0,9871.0,6555.0,10628.0,2353.0,13458.0,4233.0,10222.0,8624.0,176279.0,24477.0,1508.0,2314.0,2673.0,2513.0,953.0,679.0,1120.0,1493.0,2698.0,4772.0,6271.0,2165.0,10471.0,724.0,3538.0,4922.0,73291.0,21226.0,3196.0,2156.0,5630.0,1538.0,1040.0,483.0,1217.0,1028.0,4691.0,3848.0,8803.0,1284.0,3885.0,1244.0,3766.0,4593.0,69628.0,11102.0,2365.0,835.0,3218.0,1754.0,1576.0,682.0,1729.0,2729.0,2524.0,4941.0,3986.0,735.0,1816.0,648.0,2708.0,5517.0,48865.0,600.0,13500.0,700.0,800.0,56100.0,1900.0,3800.0,1600.0,700.0,3000.0,1100.0,83700.0,1200.0,10400.0,5400.0,3400.0,2900.0,1300.0,1600.0,50400.0,2600.0,79500.0,7800.0,15300.0,1200.0,2700.0,3300.0,9400.0,41600.0,1400.0,1500.0,1700.0,4500.0,3000.0,2600.0,14500.0,1000.0,700.0,20000.0,11500.0,6700.0,17800.0,24800.0,9100.0,1300.0,92900.0,24700.0,14900.0,8000.0,2400.0,2200.0,300.0,52500.0,5600.0,500.0,1200.0,1500.0,8800.0,300.0,600.0,11800.0,500.0,800.0,40800.0,1500.0,56100.0,900.0,4300.0,1500.0,6700.0,3400.0,439700.0,325.0,1280.0,630.0,50.0,249.0,2534.0,16470.0,20664.0,15210.0,5580.0,57924.0,5580.0,2520.0,1674.0,1818.0,11592.0,702.0,702.0,270.0,252.0,1926.0,540.0,162.0,414.0,1260.0,162.0,216.0,6984.0,3420.0,2106.0,2484.0,14994.0,4824.0,504.0,432.0,594.0,6354.0,792.0,378.0,90.0,306.0,1566.0,522.0,378.0,234.0,1224.0,4410.0,936.0,180.0,702.0,6228.0,4662.0,972.0,1350.0,702.0,7686.0,10386.0,2682.0,1872.0,1800.0,16740.0,864.0,288.0,396.0,360.0,1908.0,1152.0,468.0,180.0,180.0,1980.0,1566.0,198.0,144.0,216.0,2124.0,144.0,108.0,414.0,2052.0,612.0,90.0,846.0,3600.0,342.0,540.0,90.0,540.0,1512.0,6120.0,2214.0,900.0,2304.0,11538.0,21330.0,5400.0,3204.0,4698.0,34632.0,5778.0,4140.0,612.0,738.0,11268.0,432.0,90.0,144.0,180.0,846.0,720.0,162.0,1026.0,6930.0,4392.0,828.0,990.0,13140.0,990.0,252.0,234.0,252.0,1728.0,306.0,90.0,594.0,216.0,90.0,72.0,414.0,1062.0,378.0,342.0,414.0,2196.0,144.0,144.0,468.0,594.0,1350.0,2718.0,954.0,1170.0,1440.0,6282.0,9648.0,5346.0,1998.0,2430.0,19422.0,252.0,612.0,198.0,72.0,1134.0,2178.0,2646.0,468.0,1764.0,7056.0,738.0,1476.0,864.0,1584.0,4968.0,3168.0,4734.0,1530.0,3276.0,13158.0,57600.0,39564.0,24048.0,16164.0,140130.0,,,,,,,,,,,,
2007-06-30,,,,,,,,,,,,,,,,,,,107712.0,38095.0,11357.0,26332.0,10392.0,7863.0,6498.0,5602.0,18505.0,19448.0,16133.0,43069.0,5296.0,27091.0,6988.0,26408.0,25352.0,402141.0,50415.0,29180.0,4180.0,15703.0,5300.0,3978.0,4525.0,1716.0,11977.0,8431.0,4315.0,15527.0,1691.0,12480.0,3900.0,13681.0,9471.0,196470.0,27140.0,1992.0,3322.0,2947.0,2145.0,1107.0,911.0,1223.0,2185.0,3413.0,4382.0,7944.0,1698.0,8739.0,919.0,5440.0,5938.0,81445.0,17484.0,3880.0,2302.0,4529.0,1421.0,1154.0,406.0,1144.0,1233.0,4796.0,3286.0,9686.0,1318.0,3734.0,1168.0,3440.0,4597.0,65578.0,12673.0,3043.0,1553.0,3153.0,1526.0,1624.0,656.0,1519.0,3110.0,2808.0,4150.0,9912.0,589.0,2138.0,1001.0,3847.0,5346.0,58648.0,700.0,17900.0,300.0,1200.0,59300.0,1900.0,4400.0,1800.0,900.0,4300.0,900.0,93500.0,1100.0,12500.0,7900.0,4800.0,2600.0,2200.0,2400.0,57600.0,3900.0,95100.0,11200.0,15400.0,2700.0,3600.0,3800.0,13900.0,54600.0,800.0,1900.0,1700.0,4200.0,2800.0,2200.0,13700.0,1400.0,800.0,28300.0,16000.0,6400.0,20300.0,32100.0,12100.0,1100.0,118600.0,21100.0,15900.0,9400.0,2700.0,3400.0,700.0,53200.0,5600.0,600.0,1600.0,1600.0,9700.0,400.0,900.0,11300.0,800.0,700.0,43000.0,1800.0,59000.0,1000.0,4900.0,3300.0,9200.0,2600.0,509200.0,360.0,1070.0,557.0,20.0,463.0,2470.0,23028.0,21888.0,13281.0,5472.0,63669.0,7714.0,2736.0,1273.0,2679.0,14402.0,627.0,475.0,209.0,323.0,1634.0,570.0,247.0,551.0,1406.0,190.0,323.0,9101.0,3534.0,1539.0,3591.0,17765.0,5662.0,646.0,361.0,684.0,7353.0,722.0,399.0,95.0,285.0,1501.0,494.0,399.0,209.0,1273.0,5111.0,1083.0,152.0,988.0,7334.0,3420.0,950.0,1577.0,703.0,6650.0,9747.0,2869.0,2052.0,2166.0,16834.0,1083.0,418.0,418.0,304.0,2223.0,494.0,361.0,152.0,133.0,1140.0,551.0,209.0,57.0,285.0,1102.0,285.0,114.0,570.0,779.0,456.0,57.0,380.0,1672.0,38.0,456.0,76.0,589.0,1159.0,3230.0,2014.0,798.0,1824.0,7866.0,18639.0,5529.0,3211.0,4674.0,32053.0,5092.0,3230.0,779.0,475.0,9576.0,513.0,114.0,114.0,114.0,855.0,950.0,228.0,1311.0,6555.0,3572.0,950.0,665.0,11742.0,855.0,228.0,247.0,247.0,1577.0,209.0,171.0,532.0,133.0,133.0,57.0,361.0,1026.0,437.0,285.0,703.0,2451.0,95.0,133.0,76.0,342.0,646.0,2318.0,1102.0,703.0,1444.0,5567.0,8873.0,4674.0,1653.0,2109.0,17309.0,228.0,893.0,57.0,114.0,1292.0,1957.0,2945.0,361.0,1634.0,6897.0,1387.0,2109.0,437.0,1311.0,5814.0,3572.0,5947.0,855.0,2850.0,14003.0,63213.0,41572.0,20539.0,14155.0,144799.0,,,,,,,,,,,,
2007-07-31,,,,,,,,,,,,,,,,,,,,,,,,,,,,,,,,,,,,,,,,,,,,,,,,,,,,,,,,,,,,,,,,,,,,,,,,,,,,,,,,,,,,,,,,,,,,,,,,,,,,,,,,,,,,,900.0,18400.0,800.0,1600.0,70600.0,1700.0,5300.0,1400.0,1000.0,4000.0,1100.0,106700.0,1100.0,7100.0,5000.0,4800.0,2400.0,1300.0,1900.0,42600.0,3500.0,69800.0,8200.0,10200.0,1900.0,2500.0,2100.0,10500.0,38600.0,600.0,600.0,2400.0,1900.0,2800.0,3500.0,11700.0,1400.0,1000.0,27700.0,16000.0,5700.0,21200.0,34500.0,10900.0,1300.0,119700.0,18300.0,14300.0,7300.0,2500.0,2000.0,700.0,45200.0,6200.0,900.0,1700.0,2100.0,11100.0,400.0,500.0,9800.0,700.0,300.0,34700.0,1600.0,48000.0,900.0,4100.0,2700.0,7800.0,3200.0,461700.0,549.0,1748.0,610.0,70.0,924.0,3901.0,36216.0,19656.0,14400.0,5880.0,76152.0,6624.0,2976.0,1248.0,2976.0,13824.0,1200.0,840.0,168.0,288.0,2496.0,912.0,312.0,792.0,2016.0,384.0,672.0,9120.0,4272.0,1440.0,4176.0,19008.0,6528.0,672.0,456.0,1272.0,8928.0,1320.0,576.0,48.0,840.0,2784.0,792.0,720.0,288.0,2112.0,5376.0,1344.0,168.0,2016.0,8904.0,4464.0,912.0,1104.0,1248.0,7728.0,11952.0,3552.0,1608.0,4440.0,21552.0,552.0,384.0,336.0,360.0,1632.0,456.0,120.0,192.0,168.0,936.0,576.0,192.0,120.0,336.0,1224.0,216.0,96.0,552.0,288.0,456.0,96.0,264.0,1104.0,216.0,384.0,120.0,312.0,1032.0,2304.0,1632.0,960.0,1584.0,6480.0,20784.0,5856.0,3024.0,7296.0,36960.0,6912.0,4776.0,768.0,1056.0,13512.0,480.0,216.0,24.0,264.0,984.0,1440.0,312.0,1824.0,8832.0,5304.0,816.0,1368.0,16320.0,1248.0,288.0,408.0,1104.0,3048.0,408.0,552.0,1176.0,216.0,168.0,72.0,528.0,1800.0,552.0,312.0,792.0,3456.0,240.0,168.0,72.0,240.0,720.0,3912.0,1728.0,960.0,2328.0,8928.0,12744.0,7032.0,1776.0,3696.0,25248.0,480.0,528.0,144.0,48.0,1200.0,2544.0,2280.0,288.0,1824.0,6936.0,1416.0,2256.0,792.0,1800.0,7104.0,4440.0,5064.0,1224.0,3576.0,15240.0,83304.0,41880.0,21864.0,16224.0,172608.0,,,,,,,,,,,,
2007-08-31,,,,,,,,,,,,,,,,,,,,,,,,,,,,,,,,,,,,,,,,,,,,,,,,,,,,,,,,,,,,,,,,,,,,,,,,,,,,,,,,,,,,,,,,,,,,,,,,,,,,,,,,,,,,,,,,,,,,,,,,,,,,,,,,,,,,,,,,,,,,,,,,,,,,,,,,,,,,,,,,,,,,,,,,,,,,,,,,,,,,,,,,,,,33528.0,20636.0,14234.0,9790.0,78188.0,5478.0,1958.0,2024.0,1166.0,10626.0,902.0,814.0,176.0,154.0,2046.0,462.0,154.0,506.0,1210.0,242.0,330.0,7084.0,2926.0,2376.0,1826.0,14212.0,7480.0,1034.0,418.0,946.0,9878.0,946.0,308.0,88.0,264.0,1606.0,418.0,528.0,418.0,1452.0,4026.0,946.0,242.0,528.0,5742.0,6028.0,902.0,1188.0,902.0,9020.0,11440.0,2706.0,1936.0,1782.0,17864.0,704.0,396.0,308.0,132.0,1540.0,924.0,396.0,110.0,132.0,1562.0,572.0,176.0,132.0,396.0,1276.0,66.0,66.0,352.0,330.0,418.0,176.0,374.0,1298.0,330.0,286.0,44.0,440.0,1100.0,2926.0,1738.0,858.0,1606.0,7128.0,21846.0,5478.0,3212.0,4334.0,34870.0,6094.0,4950.0,902.0,726.0,12672.0,308.0,66.0,242.0,176.0,792.0,1034.0,242.0,1320.0,7436.0,5258.0,1166.0,924.0,14784.0,1342.0,330.0,330.0,550.0,2552.0,396.0,132.0,682.0,308.0,44.0,110.0,484.0,2442.0,616.0,374.0,396.0,3828.0,484.0,176.0,22.0,176.0,858.0,4972.0,1298.0,792.0,1342.0,8404.0,12408.0,6556.0,1958.0,2266.0,23188.0,308.0,880.0,44.0,66.0,1298.0,1650.0,2684.0,572.0,1716.0,6622.0,1540.0,1826.0,462.0,1848.0,5918.0,3498.0,5390.0,1078.0,3476.0,13838.0,78364.0,40986.0,22858.0,18876.0,164296.0,,,,,,,,,,,,
2007-09-30,,,,,,,,,,,,,,,,,,,,,,,,,,,,,,,,,,,,,,,,,,,,,,,,,,,,,,,,,,,,,,,,,,,,,,,,,,,,,,,,,,,,,,,,,,,,,,,,,,,,,,,,,,,,,,,,,,,,,,,,,,,,,,,,,,,,,,,,,,,,,,,,,,,,,,,,,,,,,,,,,,,,,,,,,,,,,,,,,,,,,,,,,,,39353.0,24127.0,12696.0,8349.0,84525.0,5888.0,1794.0,1380.0,1265.0,10327.0,920.0,529.0,207.0,253.0,1909.0,943.0,184.0,506.0,1656.0,138.0,322.0,7889.0,2553.0,1656.0,2116.0,14214.0,6555.0,920.0,322.0,529.0,8326.0,966.0,391.0,46.0,207.0,1610.0,575.0,368.0,161.0,1265.0,4531.0,1403.0,138.0,529.0,6601.0,4784.0,1127.0,1495.0,828.0,8234.0,10902.0,3289.0,1840.0,1725.0,17756.0,529.0,391.0,483.0,115.0,1518.0,552.0,322.0,115.0,138.0,1127.0,667.0,276.0,483.0,276.0,1702.0,115.0,92.0,322.0,345.0,483.0,161.0,414.0,1403.0,207.0,391.0,115.0,391.0,1104.0,2415.0,1955.0,1403.0,1403.0,7176.0,19872.0,6164.0,3565.0,3657.0,33258.0,5129.0,4715.0,874.0,460.0,11178.0,690.0,92.0,161.0,207.0,1150.0,713.0,345.0,1127.0,6532.0,5152.0,1081.0,690.0,13455.0,1725.0,483.0,207.0,506.0,2921.0,552.0,184.0,851.0,368.0,92.0,230.0,759.0,1932.0,322.0,276.0,207.0,2737.0,368.0,207.0,23.0,161.0,759.0,4945.0,1288.0,621.0,1173.0,8027.0,11477.0,6440.0,1702.0,1863.0,21482.0,368.0,759.0,115.0,138.0,1380.0,2162.0,2921.0,483.0,1978.0,7544.0,989.0,1817.0,667.0,1794.0,5428.0,3519.0,5497.0,1265.0,3795.0,14352.0,82110.0,44781.0,20884.0,17089.0,167831.0,,,,,,,,,,,,
